Entry	Gene Names
A0A8I5KQE6	RPSA2 RPSA RPSAP58
A0FGR8	ESYT2 FAM62B KIAA1228
A0FGR9	ESYT3 FAM62C
A0PJK1	SLC5A10 SGLT5
A0PK05	TMEM72 C10orf127 KSP37
A0PK11	CLRN2
A1A4S6	ARHGAP10 GRAF2
A1A4Y4	IRGM IFI1 IRGM1 LRG47
A1A5B4	ANO9 PIG5 TMEM16J TP53I5
A1KXE4	FAM168B KIAA0280L MANI
A1KZ92	PXDNL VPO2
A2IDD5	CCDC78 C16orf25 JFP10
A2VDJ0	TMEM131L KIAA0922
A4D2P6	GRID2IP
A5PKW4	PSD EFA6 EFA6A KIAA2011 PSD1 TYL
A5X5Y0	HTR3E
A6BM72	MEGF11 KIAA1781 UNQ1949/PRO4432
A6ND01	IZUMO1R FOLR4 JUNO
A6NDB9	PALM3
A6NDV4	TMEM8B C9orf127 NGX6
A6NFA1	TRABD2B HKAT TIKI2
A6NFQ2	TCAF2 FAM115C FAM139A
A6NFX1	MFSD2B
A6NI61	MYMK TMEM226 TMEM8C
A6NI73	LILRA5 ILT11 LILRB7 LIR9
A6NNB3	IFITM5
A8K4G0	CD300LB CD300B CLM7 CMRF35A2 IREM3 LMIR5 TREM5 UNQ2530/PRO6029
A8K7I4	CLCA1 CACC1
A8MPY1	GABRR3
A8MYU2	KCNU1 KCNMA3 KCNMC1 SLO3
B0I1T2	MYO1G HA2
B0L3A2	FBXW7-AS1 DEAR DEspR
B1AL88	NALF1 FAM155A NLF-1
B2RUZ4	SMIM1
B6A8C7	TARM1
B7U540	KCNJ18
D3W0D1	KLRF2
E9PQX1	CATSPERH TMEM262
F5H094	SLCO1B3-SLCO1B7
H3BV60	TGFBR3L
O00141	SGK1 SGK
O00144	FZD9 FZD3
O00155	GPR25
O00159	MYO1C
O00160	MYO1F
O00161	SNAP23
O00165	HAX1 HS1BP1
O00168	FXYD1 PLM
O00180	KCNK1 HOHO1 KCNO1 TWIK1
O00186	STXBP3
O00206	TLR4
O00212	RHOD ARHD
O00213	APBB1 FE65 RIR
O00219	HAS3
O00220	TNFRSF10A APO2 DR4 TRAILR1
O00222	GRM8 GPRC1H MGLUR8
O00238	BMPR1B
O00241	SIRPB1
O00254	F2RL2 PAR3
O00270	GPR31
O00294	TULP1 TUBL1
O00299	CLIC1 G6 NCC27
O00337	SLC28A1 CNT1
O00341	SLC1A7 EAAT5
O00408	PDE2A
O00421	CCRL2 CCR11 CCR6 CKRX CRAM HCR
O00443	PIK3C2A
O00451	GFRA2 GDNFRB RETL2 TRNR2
O00468	AGRN AGRIN
O00476	SLC17A3 NPT4
O00478	BTN3A3 BTF3
O00481	BTN3A1 BTF5
O00499	BIN1 AMPHL
O00501	CLDN5 AWAL TMVCF
O00522	KRIT1 CCM1
O00526	UPK2
O00533	CHL1 CALL
O00548	DLL1 UNQ146/PRO172
O00555	CACNA1A CACH4 CACN3 CACNL1A4
O00560	SDCBP MDA9 SYCL
O00562	PITPNM1 DRES9 NIR2 PITPNM
O00571	DDX3X DBX DDX3
O00574	CXCR6 BONZO STRL33 TYMSTR
O00590	ACKR2 CCBP2 CCR10 CMKBR9 D6
O00591	GABRP
O00592	PODXL PCLP PCLP1
O00750	PIK3C2B
O14490	DLGAP1 DAP1 GKAP
O14492	SH2B2 APS
O14493	CLDN4 CPER CPETR1 WBSCR8
O14494	PLPP1 LPP1 PPAP2A
O14495	PLPP3 LPP3 PPAP2B
O14511	NRG2 NTAK
O14512	SOCS7 NAP4 SOCS6
O14514	ADGRB1 BAI1
O14520	AQP7 AQP7L AQP9
O14523	C2CD2L KIAA0285 TMEM24 DLNB23
O14525	ASTN1 ASTN KIAA0289
O14610	GNGT2 GNG8 GNG9 GNGT8
O14626	GPR171 H963
O14638	ENPP3 PDNP3
O14640	DVL1
O14641	DVL2
O14649	KCNK3 TASK TASK1
O14654	IRS4
O14669	PRRG2 PRGP2 TMG2
O14672	ADAM10 KUZ MADM
O14713	ITGB1BP1 ICAP1
O14735	CDIPT PIS PIS1
O14745	NHERF1 NHERF SLC9A3R1
O14764	GABRD
O14786	NRP1 NRP VEGF165R
O14788	TNFSF11 OPGL RANKL TRANCE
O14795	UNC13B UNC13
O14798	TNFRSF10C DCR1 LIT TRAILR3 TRID UNQ321/PRO366
O14804	TAAR5 PNR
O14807	MRAS RRAS3
O14817	TSPAN4 NAG2 TM4SF7
O14827	RASGRF2 GRF2
O14842	FFAR1 GPR40
O14843	FFAR3 GPR41
O14894	TM4SF5
O14907	TAX1BP3 TIP1
O14910	LIN7A MALS1 VELI1
O14917	PCDH17 PCDH68 PCH68
O14931	NCR3 1C7 LY117
O14936	CASK LIN2
O14939	PLD2
O14944	EREG
O14965	AURKA AIK AIRK1 ARK1 AURA AYK1 BTAK IAK1 STK15 STK6
O14966	RAB29 RAB7L1
O14975	SLC27A2 ACSVL1 FACVL1 FATP2 VLACS
O14986	PIP5K1B STM7
O15031	PLXNB2 KIAA0315
O15056	SYNJ2 KIAA0348
O15068	MCF2L KIAA0362 OST
O15146	MUSK
O15162	PLSCR1
O15169	AXIN1 AXIN
O15197	EPHB6
O15218	ACKR5 ADMR GPR182
O15244	SLC22A2 OCT2
O15245	SLC22A1 OCT1
O15294	OGT
O15296	ALOX15B
O15303	GRM6 GPRC1F MGLUR6
O15354	GPR37
O15357	INPPL1 SHIP2
O15374	SLC16A4 MCT4 MCT5
O15393	TMPRSS2 PRSS10
O15394	NCAM2 NCAM21
O15399	GRIN2D GluN2D NMDAR2D
O15427	SLC16A3 MCT3 MCT4
O15431	SLC31A1 COPT1 CTR1
O15438	ABCC3 CMOAT2 MLP2 MRP3
O15439	ABCC4 MOATB MRP4
O15440	ABCC5 MRP5
O15529	GPR42 GPR42P
O15530	PDPK1 PDK1
O15537	RS1 XLRS1
O15547	P2RX6 P2RXL1 P2X6
O15551	CLDN3 C7orf1 CPETR2
O15552	FFAR2 FFA2 GPCR43 GPR43
O15554	KCNN4 IK1 IKCA1 KCA4 SK4
O42043	ERVK-18
O43150	ASAP2 DDEF2 KIAA0400
O43155	FLRT2 KIAA0405 UNQ232/PRO265
O43157	PLXNB1 KIAA0407 PLXN5 SEP
O43164	PJA2 KIAA0438 RNF131
O43184	ADAM12 MLTN UNQ346/PRO545
O43193	MLNR GPR38 MTLR MTLR1
O43194	GPR39
O43278	SPINT1 HAI1 UNQ223/PRO256
O43280	TREH TREA
O43291	SPINT2 HAI2 KOP
O43300	LRRTM2 KIAA0416 LRRN2
O43306	ADCY6 KIAA0422
O43315	AQP9 SSC1
O43318	MAP3K7 TAK1
O43323	DHH
O43353	RIPK2 CARDIAK RICK RIP2 UNQ277/PRO314/PRO34092
O43374	RASA4 CAPRI GAPL KIAA0538
O43424	GRID2 GLURD2
O43451	MGAM MGA MGAML
O43463	SUV39H1 KMT1A SUV39H
O43490	PROM1 PROML1 MSTP061
O43491	EPB41L2
O43493	TGOLN2 TGN46 TGN51
O43497	CACNA1G KIAA1123
O43508	TNFSF12 APO3L DR3LG UNQ181/PRO207
O43511	SLC26A4 PDS
O43520	ATP8B1 ATPIC FIC1 PFIC
O43525	KCNQ3
O43526	KCNQ2
O43556	SGCE ESG UNQ433/PRO840
O43557	TNFSF14 HVEML LIGHT UNQ391/PRO726
O43561	LAT
O43566	RGS14
O43570	CA12
O43581	SYT7 PCANAP7
O43586	PSTPIP1 CD2BP1
O43597	SPRY2
O43603	GALR2 GALNR2
O43613	HCRTR1 ORXR1 OX1R OXR1
O43614	HCRTR2 ORXR2 OX2R OXR2
O43653	PSCA UNQ206/PRO232
O43687	AKAP7 AKAP15 AKAP18
O43688	PLPP2 LPP2 PPAP2C
O43699	SIGLEC6 CD33L CD33L1 OBBP1
O43739	CYTH3 ARNO3 GRP1 PSCD3
O43745	CHP2 HCA520
O43749	OR1F1 OLFMF OR1F10 OR1F4 OR1F5 OR1F6 OR1F7 OR1F8 OR1F9
O43813	LANCL1 GPR69A
O43820	HYAL3 LUCA3
O43865	AHCYL1 DCAL IRBIT XPVKONA
O43868	SLC28A2 CNT2
O43895	XPNPEP2
O43900	PRICKLE3 LMO6
O43909	EXTL3 EXTL1L EXTR1 KIAA0519
O43914	TYROBP DAP12 KARAP
O43921	EFNA2 EPLG6 LERK6
O60235	TMPRSS11D HAT
O60241	ADGRB2 BAI2
O60242	ADGRB3 BAI3 KIAA0550
O60245	PCDH7 BHPCDH
O60266	ADCY3 KIAA0511
O60291	MGRN1 KIAA0544 RNF156
O60292	SIPA1L3 KIAA0545 SPAL3
O60312	ATP10A ATP10C ATPVA ATPVC KIAA0566
O60331	PIP5K1C KIAA0589
O60346	PHLPP1 KIAA0606 PHLPP PLEKHE1 SCOP
O60353	FZD6
O60391	GRIN3B
O60437	PPL KIAA0568
O60443	GSDME DFNA5 ICERE1
O60469	DSCAM
O60488	ACSL4 ACS4 FACL4 LACS4
O60494	CUBN IFCR
O60500	NPHS1 NPHN
O60503	ADCY9 KIAA0520
O60602	TLR5 TIL3
O60609	GFRA3 UNQ339/PRO538/PRO3664
O60610	DIAPH1 DIAP1
O60635	TSPAN1
O60641	SNAP91 KIAA0656
O60667	FCMR FAIM3 TOSO
O60669	SLC16A7 MCT2
O60711	LPXN LDLP
O60716	CTNND1 KIAA0384
O60721	SLC24A1 KIAA0702 NCKX1
O60733	PLA2G6 PLPLA9
O60741	HCN1 BCNG1
O60755	GALR3 GALNR3
O60779	SLC19A2 THT1 TRMA
O60883	GPR37L1 ETBRLP2
O60894	RAMP1
O60895	RAMP2
O60896	RAMP3
O60906	SMPD2
O60928	KCNJ13
O60931	CTNS
O60939	SCN2B UNQ326/PRO386
O60941	DTNB
O75015	FCGR3B CD16B FCG3 FCGR3 IGFR3
O75022	LILRB3 ILT5 LIR3
O75038	PLCH2 KIAA0450 PLCL4
O75044	SRGAP2 ARHGAP34 FNBP2 KIAA0456 SRGAP2A
O75051	PLXNA2 KIAA0463 OCT PLXN2 UNQ209/PRO235
O75056	SDC3 KIAA0468
O75077	ADAM23 MDC3
O75078	ADAM11 MDC
O75084	FZD7
O75096	LRP4 KIAA0816 LRP10 MEGF7
O75106	AOC2
O75110	ATP9A ATPIIA KIAA0611
O75116	ROCK2 KIAA0619
O75121	MFAP3L KIAA0626 HSD-39 HSD39
O75122	CLASP2 KIAA0627
O75128	COBL KIAA0633
O75131	CPNE3 CPN3 KIAA0636
O75144	ICOSLG B7H2 B7RP1 ICOSL KIAA0653
O75185	ATP2C2 KIAA0703 SPCA2
O75204	TMEM127
O75298	RTN2 NSPL1
O75309	CDH16 UNQ695/PRO1340
O75311	GLRA3
O75317	USP12 UBH1 USP12L1
O75326	SEMA7A CD108 SEMAL
O75348	ATP6V1G1 ATP6G ATP6G1 ATP6J
O75354	ENTPD6 CD39L2 IL6ST2
O75355	ENTPD3 CD39L3
O75365	PTP4A3 PRL3
O75368	SH3BGRL
O75386	TULP3 TUBL3
O75387	SLC43A1 LAT3 PB39 POV1
O75427	LRCH4 LRN LRRN1 LRRN4
O75443	TECTA
O75445	USH2A
O75473	LGR5 GPR49 GPR67
O75487	GPC4 UNQ474/PRO937
O75508	CLDN11 OSP OTM
O75509	TNFRSF21 DR6 UNQ437/PRO868
O75558	STX11
O75575	CRCP
O75581	LRP6
O75608	LYPLA1 APT1 LPL1
O75695	RP2
O75712	GJB3 CX31
O75751	SLC22A3 EMTH OCT3
O75762	TRPA1 ANKTM1
O75781	PALM KIAA0270
O75787	ATP6AP2 ATP6IP2 CAPER ELDF10 HT028 MSTP009 PSEC0072
O75800	ZMYND10 BLU LUCA12.4
O75838	CIB2 KIP2
O75882	ATRN KIAA0548 MGCA
O75899	GABBR2 GPR51 GPRC3B
O75912	DGKI
O75915	ARL6IP5 DERP11 JWA PRA2 PRAF3 HSPC127
O75923	DYSF FER1L1
O75955	FLOT1
O75970	MPDZ MUPP1
O75976	CPD
O76027	ANXA9 ANX31
O76036	NCR1 LY94
O76050	NEURL1 NEURL NEURL1A RNF67
O76082	SLC22A5 OCTN2
O76083	PDE9A
O76090	BEST1 VMD2
O94759	TRPM2 EREG1 KNP3 LTRPC2 TRPC7
O94768	STK17B DRAK2
O94778	AQP8
O94779	CNTN5
O94804	STK10 LOK
O94812	BAIAP3 KIAA0734
O94827	PLEKHG5 KIAA0720
O94850	DDN KIAA0749
O94856	NFASC KIAA0756
O94868	FCHSD2 KIAA0769 SH3MD3
O94875	SORBS2 ARGBP2 KIAA0777
O94886	TMEM63A KIAA0489 KIAA0792
O94898	LRIG2 KIAA0806 LIG2
O94910	ADGRL1 KIAA0821 LEC2 LPHN1
O94911	ABCA8 KIAA0822
O94921	CDK14 KIAA0834 PFTK1
O94956	SLCO2B1 KIAA0880 OATP2B1 OATPB SLC21A9
O94973	AP2A2 ADTAB CLAPA2 HIP9 HYPJ KIAA0899
O94985	CLSTN1 CS1 KIAA0911
O95047	OR2A4 OR2A10
O95049	TJP3 ZO3
O95057	DIRAS1 GBTS1 RIG
O95069	KCNK2 TREK TREK1
O95136	S1PR2 EDG5
O95180	CACNA1H
O95183	VAMP5 HSPC191
O95185	UNC5C UNC5H3
O95196	CSPG5 CALEB NGC
O95206	PCDH8
O95210	STBD1 GENX-3414
O95222	OR6A2 OR6A1 OR6A2P
O95255	ABCC6 ARA MRP6
O95256	IL18RAP IL1R7
O95259	KCNH1 EAG EAG1
O95264	HTR3B
O95267	RASGRP1 RASGRP
O95274	LYPD3 C4.4A UNQ491/PRO1007
O95278	EPM2A
O95342	ABCB11 BSEP
O95377	GJB5
O95425	SVIL
O95436	SLC34A2
O95452	GJB6
O95466	FMNL1 C17orf1 C17orf1B FMNL FRL1
O95471	CLDN7 CEPTRL2 CPETRL2
O95477	ABCA1 ABC1 CERP
O95484	CLDN9
O95490	ADGRL2 KIAA0786 LEC1 LPHH1 LPHN2
O95497	VNN1
O95498	VNN2
O95500	CLDN14 UNQ777/PRO1571
O95622	ADCY5
O95716	RAB3D GOV RAB16
O95721	SNAP29
O95727	CRTAM
O95741	CPNE6
O95754	SEMA4F SEMAM SEMAW
O95782	AP2A1 ADTAA CLAPA1
O95786	RIGI DDX58
O95832	CLDN1 CLD1 SEMP1 UNQ481/PRO944
O95833	CLIC3
O95858	TSPAN15 NET7 TM4SF15 UNQ677/PRO1311
O95859	TSPAN12 NET2 TM4SF12 UNQ774/PRO1568
O95866	MPIG6B C6orf25 G6B G6B-B
O95867	LY6G6C C6orf24 G6C NG24 UNQ1947/PRO4430
O95868	LY6G6D C6orf23 G6D MEGT1 NG25
O95876	WDPCP BBS15 C2orf86 FRITZ
O95886	DLGAP3 DAP3
O95907	SLC16A8 MCT3
O95944	NCR2 LY95
O95971	CD160 BY55
O95977	S1PR4 EDG6
O95980	RECK ST15
O95990	FAM107A DRR1 TU3A
P00505	GOT2 KYAT4
P00533	EGFR ERBB ERBB1 HER1
P00813	ADA ADA1
P00918	CA2
P01111	NRAS HRAS1
P01112	HRAS HRAS1
P01116	KRAS KRAS2 RASK2
P01130	LDLR
P01135	TGFA
P01375	TNF TNFA TNFSF2
P01593	IGKV1D-33
P01594	IGKV1-33
P01597	IGKV1-39
P01602	IGKV1-5
P01615	IGKV2D-28
P01619	IGKV3-20
P01699	IGLV1-44
P01700	IGLV1-47
P01701	IGLV1-51
P01704	IGLV2-14
P01705	IGLV2-23
P01706	IGLV2-11
P01709	IGLV2-8
P01721	IGLV6-57
P01730	CD4
P01732	CD8A MAL
P01742	IGHV1-69
P01764	IGHV3-23
P01768	IGHV3-30
P01772	IGHV3-33
P01814	IGHV2-70
P01833	PIGR
P01834	IGKC
P01848	TRAC TCRA
P01850	TRBC1
P01854	IGHE
P01857	IGHG1
P01859	IGHG2
P01860	IGHG3
P01861	IGHG4
P01871	IGHM
P01876	IGHA1
P01877	IGHA2
P01880	IGHD
P01889	HLA-B HLAB
P01893	HLA-H HLAH
P01903	HLA-DRA HLA-DRA1
P01906	HLA-DQA2 HLA-DXA
P01909	HLA-DQA1
P01911	HLA-DRB1
P01920	HLA-DQB1 HLA-DQB
P02686	MBP
P02708	CHRNA1 ACHRA CHNRA
P02724	GYPA GPA MNS
P02730	SLC4A1 AE1 DI EPB3
P02760	AMBP HCP ITIL
P02786	TFRC
P03372	ESR1 ESR NR3A1
P03999	OPN1SW BCP
P04001	OPN1MW GCP
P04049	RAF1 RAF
P04083	ANXA1 ANX1 LPC1
P04156	PRNP ALTPRP PRIP PRP
P04201	MAS1 MAS
P04216	THY1
P04233	CD74 DHLAG
P04234	CD3D T3D
P04264	KRT1 KRTA
P04439	HLA-A HLAA
P04440	HLA-DPB1 HLA-DP1B
P04626	ERBB2 HER2 MLN19 NEU NGL
P04629	NTRK1 MTC TRK TRKA
P04632	CAPNS1 CAPN4 CAPNS
P04839	CYBB NOX2
P04899	GNAI2 GNAI2B
P04920	SLC4A2 AE2 EPB3L1 HKB3 MPB3L
P04921	GYPC GLPC GPC
P05023	ATP1A1
P05026	ATP1B1 ATP1B
P05067	APP A4 AD1
P05106	ITGB3 GP3A
P05107	ITGB2 CD18 MFI7
P05109	S100A8 CAGA CFAG MRP8
P05129	PRKCG PKCG
P05186	ALPL
P05187	ALPP PLAP
P05362	ICAM1
P05538	HLA-DQB2 HLA-DXB
P05556	ITGB1 FNRB MDF2 MSK12
P05981	HPN TMPRSS1
P06028	GYPB GPB
P06126	CD1A
P06127	CD5 LEU1
P06213	INSR
P06239	LCK
P06241	FYN
P06312	IGKV4-1
P06702	S100A9 CAGB CFAG MRP14
P06703	S100A6 CACY
P06729	CD2 SRBC
P06731	CEACAM5 CEA
P06733	ENO1 ENO1L1 MBPB1 MPB1
P06734	FCER2 CD23A CLEC4J FCE2 IGEBF
P06756	ITGAV MSK8 VNRA VTNR
P06858	LPL LIPD
P07237	P4HB ERBA2L PDI PDIA1 PO4DB
P07306	ASGR1 CLEC4H1
P07332	FES FPS
P07333	CSF1R FMS
P07384	CAPN1 CANPL1 PIG30
P07510	CHRNG ACHRG
P07550	ADRB2 ADRB2R B2AR
P07711	CTSL CTSL1
P07766	CD3E T3E
P07858	CTSB CPSB
P07900	HSP90AA1 HSP90A HSPC1 HSPCA
P07911	UMOD
P07947	YES1 YES
P07948	LYN JTK8
P07949	RET CDHF12 CDHR16 PTC
P08034	GJB1 CX32
P08069	IGF1R
P08134	RHOC ARH9 ARHC
P08138	NGFR TNFRSF16
P08172	CHRM2
P08173	CHRM4
P08174	CD55 CR DAF
P08183	ABCB1 MDR1 PGY1
P08195	SLC3A2 MDU1
P08238	HSP90AB1 HSP90B HSPC2 HSPC3 HSPCB
P08311	CTSG
P08473	MME EPN
P08514	ITGA2B GP2B ITGAB
P08571	CD14
P08575	PTPRC CD45
P08582	MELTF MAP97 MFI2
P08588	ADRB1 ADRB1R B1AR
P08631	HCK
P08637	FCGR3A CD16A FCG3 FCGR3 IGFR3
P08648	ITGA5 FNRA
P08670	VIM
P08754	GNAI3
P08865	RPSA LAMBR LAMR1
P08887	IL6R
P08908	HTR1A ADRB2RL1 ADRBRL1
P08910	ABHD2 LABH2
P08912	CHRM5
P08913	ADRA2A ADRA2R ADRAR
P08922	ROS1 MCF3 ROS
P08962	CD63 MLA1 TSPAN30
P08F94	PKHD1 FCYT TIGM1
P09104	ENO2
P09326	CD48 BCM1 BLAST1
P09429	HMGB1 HMG1
P09471	GNAO1
P09543	CNP
P09603	CSF1
P09619	PDGFRB PDGFR PDGFR1
P09693	CD3G T3G
P09769	FGR SRC2
P09848	LCT LPH
P09923	ALPI
P09958	FURIN FUR PACE PCSK3
P0C2W1	FBXO45 FBX45
P0CAP1	MYZAP MYOZAP
P0CG04	IGLC1
P0CG37	CFC1
P0DMS8	ADORA3
P0DOX5	
P0DOY3	IGLC3
P0DP58	LYNX1
P0DSE1	TRA
P0DSE2	TRB
P0DTU3	TRA
P0DTU4	TRB
P10114	RAP2A
P10301	RRAS
P10321	HLA-C HLAC
P10636	MAPT MAPTL MTBT1 TAU
P10644	PRKAR1A PKR1 PRKAR1 TSE1
P10696	ALPG ALPPL ALPPL2
P10721	KIT SCFR
P10747	CD28
P10912	GHR
P10966	CD8B CD8B1
P11049	CD37 TSPAN26
P11142	HSPA8 HSC70 HSP73 HSPA10
P11166	SLC2A1 GLUT1
P11168	SLC2A2 GLUT2
P11169	SLC2A3 GLUT3
P11215	ITGAM CD11B CR3A
P11229	CHRM1
P11230	CHRNB1 ACHRB CHRNB
P11233	RALA RAL
P11234	RALB
P11279	LAMP1
P11309	PIM1
P11362	FGFR1 BFGFR CEK FGFBR FLG FLT2 HBGFR
P11532	DMD
P11801	PSKH1
P11836	MS4A1 CD20
P11912	CD79A IGA MB1
P12277	CKB CKBB
P12314	FCGR1A FCG1 FCGR1 IGFR1
P12318	FCGR2A CD32 FCG2 FCGR2A1 IGFR2
P12319	FCER1A FCE1A
P12814	ACTN1
P12821	ACE DCP DCP1
P12830	CDH1 CDHE UVO
P12931	SRC SRC1
P13164	IFITM1 CD225 IFI17
P13385	CRIPTO CRIPTO-1 TDGF1
P13473	LAMP2
P13498	CYBA
P13569	CFTR ABCC7
P13591	NCAM1 NCAM
P13598	ICAM2
P13637	ATP1A3
P13688	CEACAM1 BGP BGP1
P13747	HLA-E HLA-6.2 HLAE
P13762	HLA-DRB4
P13796	LCP1 PLS2
P13861	PRKAR2A PKR2 PRKAR2
P13866	SLC5A1 NAGT SGLT1
P13945	ADRB3 ADRB3R B3AR
P13987	CD59 MIC11 MIN1 MIN2 MIN3 MSK21
P14151	SELL LNHR LYAM1
P14207	FOLR2
P14222	PRF1 PFP
P14384	CPM
P14410	SI
P14415	ATP1B2
P14416	DRD2
P14550	AKR1A1 ALDR1 ALR
P14555	PLA2G2A PLA2B PLA2L RASF-A
P14672	SLC2A4 GLUT4
P14735	IDE
P14778	IL1R1 IL1R IL1RA IL1RT1
P14784	IL2RB IL15RB
P14867	GABRA1
P14923	JUP CTNNG DP3
P15056	BRAF BRAF1 RAFB1
P15104	GLUL GLNS
P15144	ANPEP APN CD13 PEPN
P15151	PVR PVS
P15260	IFNGR1
P15291	B4GALT1 GGTB2
P15309	ACP3 ACPP
P15311	EZR VIL2
P15313	ATP6V1B1 ATP6B1 VATB VPP3
P15328	FOLR1 FOLR
P15382	KCNE1
P15391	CD19
P15509	CSF2RA CSF2R CSF2RY
P15531	NME1 NDPKA NM23
P15813	CD1D
P15924	DSP
P15941	MUC1 PUM
P16050	ALOX15 LOG15
P16070	CD44 LHR MDU2 MDU3 MIC4
P16109	SELP GMRP GRMP
P16144	ITGB4
P16234	PDGFRA PDGFR2 RHEPDGFRA
P16284	PECAM1
P16389	KCNA2
P16410	CTLA4 CD152
P16422	EPCAM GA733-2 M1S2 M4S1 MIC18 TACSTD1 TROP1
P16444	DPEP1 MDP RDP
P16452	EPB42 E42P
P16473	TSHR LGR3
P16499	PDE6A PDEA
P16581	SELE ELAM1
P16591	FER TYK3
P16671	CD36 GP3B GP4
P16871	IL7R
P17081	RHOQ ARHQ RASL7A TC10
P17181	IFNAR1 IFNAR
P17252	PRKCA PKCA PRKACA
P17302	GJA1 GJAL
P17342	NPR3 ANPRC C5orf23 NPRC
P17612	PRKACA PKACA
P17655	CAPN2 CANPL2
P17658	KCNA6
P17661	DES
P17677	GAP43
P17693	HLA-G HLA-6.0 HLAG
P17706	PTPN2 PTPT
P17787	CHRNB2
P17813	ENG END
P17948	FLT1 FLT FRT VEGFR1
P18084	ITGB5
P18089	ADRA2B ADRA2L1 ADRA2RL1
P18206	VCL
P18433	PTPRA PTPA PTPRL2
P18505	GABRB1
P18507	GABRG2
P18564	ITGB6
P18627	LAG3 FDC
P18825	ADRA2C ADRA2L2 ADRA2RL2
P18848	ATF4 CREB2 TXREB
P19022	CDH2 CDHN NCAD
P19075	TSPAN8 TM4SF3
P19235	EPOR
P19256	CD58 LFA3
P19320	VCAM1
P19397	CD53 MOX44 TSPAN25
P19438	TNFRSF1A TNFAR TNFR1
P19440	GGT1 GGT
P19634	SLC9A1 APNH1 NHE1
P19801	AOC1 ABP ABP1 DAO
P20020	ATP2B1 PMCA1
P20023	CR2 C3DR
P20036	HLA-DPA1 HLA-DP1A HLASB
P20138	CD33 SIGLEC3
P20273	CD22 SIGLEC2
P20309	CHRM3
P20333	TNFRSF1B TNFBR TNFR2
P20336	RAB3A
P20337	RAB3B
P20339	RAB5A RAB5
P20594	NPR2 ANPRB
P20648	ATP4A
P20701	ITGAL CD11A
P20702	ITGAX CD11C
P20827	EFNA1 EPLG1 LERK1 TNFAIP4
P20916	MAG GMA
P20963	CD247 CD3Z T3Z TCRZ
P21145	MAL
P21281	ATP6V1B2 ATP6B2 VPP3
P21359	NF1
P21439	ABCB4 MDR3 PGY3
P21452	TACR2 NK2R NKNAR TAC2R
P21453	S1PR1 CHEDG1 EDG1
P21462	FPR1
P21554	CNR1 CNR
P21583	KITLG MGF SCF
P21589	NT5E NT5 NTE
P21709	EPHA1 EPH EPHT EPHT1
P21728	DRD1
P21730	C5AR1 C5AR C5R1
P21731	TBXA2R
P21754	ZP3 ZP3A ZP3B ZPC
P21757	MSR1 SCARA1
P21796	VDAC1 VDAC
P21802	FGFR2 BEK KGFR KSAM
P21860	ERBB3 HER3
P21917	DRD4
P21918	DRD5 DRD1B DRD1L2
P21926	CD9 MIC3 TSPAN29 GIG2
P21964	COMT
P21980	TGM2
P22001	KCNA3 HGK5
P22223	CDH3 CDHP
P22303	ACHE
P22413	ENPP1 M6S1 NPPS PC1 PDNP1
P22455	FGFR4 JTK2 TKF
P22459	KCNA4 KCNA4L
P22460	KCNA5
P22607	FGFR3 JTK4
P22681	CBL CBL2 RNF55
P22694	PRKACB
P22732	SLC2A5 GLUT5
P22735	TGM1 KTG
P22748	CA4
P22888	LHCGR LCGR LGR2 LHRHR
P22897	MRC1 CLEC13D CLEC13DL MRC1L1
P23083	IGHV1-2
P23229	ITGA6
P23276	KEL
P23352	ANOS1 ADMLX KAL KAL1 KALIG1
P23415	GLRA1
P23416	GLRA2
P23435	CBLN1
P23469	PTPRE
P23471	PTPRZ1 HTPZP2 PTPRZ PTPRZ2 PTPZ
P23508	MCC
P23515	OMG OMGP
P23528	CFL1 CFL
P23634	ATP2B4 ATP2B2 MXRA1
P23945	FSHR LGR1
P23975	SLC6A2 NAT1 NET1 SLC6A5
P24046	GABRR1
P24071	FCAR CD89
P24158	PRTN3 MBN
P24394	IL4R IL4RA 582J2.1
P24530	EDNRB ETRB
P24588	AKAP5 AKAP79
P25021	HRH2
P25024	CXCR1 CMKAR1 IL8RA
P25025	CXCR2 IL8RB
P25054	APC DP2.5
P25063	CD24 CD24A
P25089	FPR3 FPRL2
P25090	FPR2 FPRH1 FPRL1 LXA4R
P25092	GUCY2C GUC2C STAR
P25098	GRK2 ADRBK1 BARK BARK1
P25100	ADRA1D ADRA1A
P25101	EDNRA ETA ETRA
P25103	TACR1 NK1R TAC1R
P25105	PTAFR PAFR
P25106	ACKR3 CMKOR1 CXCR7 GPR159 RDC1
P25116	F2R CF2R PAR1 TR
P25189	MPZ
P25445	FAS APT1 FAS1 TNFRSF6
P25705	ATP5F1A ATP5A ATP5A1 ATP5AL2 ATPM
P25815	S100P S100E
P25929	NPY1R NPYR NPYY1
P25942	CD40 TNFRSF5
P26006	ITGA3 MSK18
P26010	ITGB7
P26012	ITGB8
P26038	MSN
P26045	PTPN3 PTPH1
P26232	CTNNA2 CAPR
P26715	KLRC1 NKG2A
P26717	KLRC2 NKG2C
P26718	KLRK1 D12S2489E NKG2D
P26842	CD27 TNFRSF7
P26951	IL3RA IL3R
P26992	CNTFR
P27037	ACVR2A ACVR2
P27105	STOM BND7 EPB72
P27216	ANXA13 ANX13
P27448	MARK3 CTAK1 EMK2
P27487	DPP4 ADCP2 CD26
P27701	CD82 KAI1 SAR2 ST6 TSPAN27
P27815	PDE4A DPDE2
P27930	IL1R2 IL1RB
P28221	HTR1D HTR1DA HTRL
P28222	HTR1B HTR1DB
P28223	HTR2A HTR2
P28335	HTR2C HTR1C
P28336	NMBR
P28472	GABRB3
P28476	GABRR2
P28566	HTR1E
P28827	PTPRM PTPRL1
P28907	CD38
P28908	TNFRSF8 CD30 D1S166E
P29016	CD1B
P29017	CD1C
P29033	GJB2
P29074	PTPN4
P29274	ADORA2A ADORA2
P29275	ADORA2B
P29317	EPHA2 ECK
P29320	EPHA3 ETK ETK1 HEK TYRO4
P29322	EPHA8 EEK HEK3 KIAA1459
P29323	EPHB2 DRT EPHT3 EPTH3 ERK HEK5 TYRO5
P29371	TACR3 NK3R TAC3R
P29376	LTK TYK1
P29466	CASP1 IL1BC IL1BCE
P29474	NOS3
P29475	NOS1
P29965	CD40LG CD40L TNFSF5 TRAP
P29966	MARCKS MACS PRKCSL
P29972	AQP1 CHIP28
P29973	CNGA1 CNCG CNCG1
P29992	GNA11 GA11
P30153	PPP2R1A
P30203	CD6
P30273	FCER1G
P30301	MIP AQP0
P30411	BDKRB2 BKR2
P30414	NKTR
P30511	HLA-F HLA-5.4 HLAF
P30518	AVPR2 ADHR DIR DIR3 V2R
P30530	AXL UFO
P30531	SLC6A1 GABATR GABT1 GAT1
P30532	CHRNA5 NACHRA5
P30542	ADORA1
P30550	GRPR
P30556	AGTR1 AGTR1A AGTR1B AT2R1 AT2R1B
P30559	OXTR
P30825	SLC7A1 ATRC1 ERR REC1L
P30872	SSTR1
P30874	SSTR2
P30926	CHRNB4
P30939	HTR1F HTR1EL
P30968	GNRHR GRHR
P30988	CALCR
P30989	NTSR1 NTRR
P31321	PRKAR1B
P31323	PRKAR2B
P31327	CPS1
P31358	CD52 CDW52 HE5
P31391	SSTR4
P31639	SLC5A2 SGLT2
P31641	SLC6A6
P31644	GABRA5
P31645	SLC6A4 HTT SERT
P31749	AKT1 PKB RAC
P31751	AKT2
P31785	IL2RG
P31994	FCGR2B CD32 FCG2 IGFR2
P31995	FCGR2C CD32 FCG2 IGFR2
P31997	CEACAM8 CGM6
P32004	L1CAM CAML1 MIC5
P32121	ARRB2 ARB2 ARR2
P32238	CCKAR CCKRA
P32239	CCKBR CCKRB
P32241	VIPR1
P32245	MC4R
P32246	CCR1 CMKBR1 CMKR1 SCYAR1
P32247	BRS3
P32248	CCR7 CMKBR7 EBI1 EVI1
P32249	GPR183 EBI2
P32297	CHRNA3 NACHRA3
P32302	CXCR5 BLR1 MDR15
P32418	SLC8A1 CNC NCX1
P32455	GBP1
P32745	SSTR3
P32926	DSG3 CDHF6
P32942	ICAM3
P32970	CD70 CD27L CD27LG TNFSF7
P33032	MC5R
P33151	CDH5
P33241	LSP1 WP34
P33527	ABCC1 MRP MRP1
P33681	CD80 CD28LG CD28LG1 LAB7
P34810	CD68
P34903	GABRA3
P34925	RYK JTK5A
P34947	GRK5 GPRK5
P34969	HTR7
P34972	CNR2 CB2A CB2B
P34981	TRHR
P34982	OR1D2 OLFR1
P34995	PTGER1
P34998	CRHR1 CRFR CRFR1 CRHR
P35052	GPC1
P35070	BTC
P35125	USP6 HRP1 TRE2
P35212	GJA4
P35221	CTNNA1
P35222	CTNNB1 CTNNB OK/SW-cl.35 PRO2286
P35232	PHB1 PHB
P35240	NF2 SCH
P35241	RDX
P35346	SSTR5
P35348	ADRA1A ADRA1C
P35367	HRH1
P35368	ADRA1B
P35372	OPRM1 MOR1
P35408	PTGER4 PTGER2
P35414	APLNR AGTRL1 APJ
P35462	DRD3
P35498	SCN1A NAC1 SCN1
P35499	SCN4A
P35523	CLCN1 CLC1
P35579	MYH9
P35580	MYH10
P35590	TIE1 TIE
P35611	ADD1 ADDA
P35612	ADD2 ADDB
P35613	BSG UNQ6505/PRO21383
P35916	FLT4 VEGFR3
P35968	KDR FLK1 VEGFR2
P36021	SLC16A2 MCT7 MCT8 XPCT
P36382	GJA5
P36383	GJC1 GJA7
P36543	ATP6V1E1 ATP6E ATP6E2
P36544	CHRNA7 NACHRA7
P36894	BMPR1A ACVRLK3 ALK3
P36896	ACVR1B ACVRLK4 ALK4
P36897	TGFBR1 ALK5 SKR4
P37023	ACVRL1 ACVRLK1 ALK1
P37088	SCNN1A SCNN1
P37173	TGFBR2
P37288	AVPR1A AVPR1
P38405	GNAL
P38484	IFNGR2 IFNGT1
P38567	SPAM1 HYAL3 PH20
P39086	GRIK1 GLUR5
P39877	PLA2G5
P40123	CAP2
P40145	ADCY8
P40189	IL6ST
P40199	CEACAM6 NCA
P40238	MPL TPOR
P40259	CD79B B29 IGB
P40337	VHL
P40617	ARL4A ARL4
P40818	USP8 KIAA0055 UBPY
P40879	SLC26A3 DRA
P41143	OPRD1 OPRD
P41145	OPRK1 OPRK
P41146	OPRL1 OOR ORL1
P41180	CASR GPRC2A PCAR1
P41181	AQP2
P41217	CD200 MOX1 MOX2 My033
P41220	RGS2 G0S8 GIG31
P41231	P2RY2 P2RU1
P41240	CSK
P41440	SLC19A1 FLOT1 RFC1
P41586	ADCYAP1R1
P41587	VIPR2 VIP2R
P41594	GRM5 GPRC1E MGLUR5
P41595	HTR2B
P41597	CCR2 CMKBR2
P41968	MC3R
P42081	CD86 CD28LG2
P42261	GRIA1 GLUA1 GLUH1 GLUR1
P42262	GRIA2 GluA2 GLUR2
P42263	GRIA3 GluA3 GLUR3 GLURC
P42345	MTOR FRAP FRAP1 FRAP2 RAFT1 RAPT1
P42356	PI4KA PIK4 PIK4CA
P42566	EPS15 AF1P
P42658	DPP6
P42680	TEC PSCTK4
P42681	TXK PTK4 RLK
P42702	LIFR
P42892	ECE1
P43003	SLC1A3 EAAT1 GLAST GLAST1
P43004	SLC1A2 EAAT2 GLT1
P43005	SLC1A1 EAAC1 EAAT3 HEAAC1
P43007	SLC1A4 ASCT1 SATT
P43026	GDF5 BMP14 CDMP1
P43088	PTGFR
P43115	PTGER3
P43119	PTGIR PRIPR
P43220	GLP1R
P43235	CTSK CTSO CTSO2
P43353	ALDH3B1 ALDH7
P43403	ZAP70 SRK
P43405	SYK
P43626	KIR2DL1 CD158A NKAT1
P43627	KIR2DL2 CD158B1 NKAT6
P43628	KIR2DL3 CD158B2 KIRCL23 NKAT2
P43629	KIR3DL1 CD158E NKAT3 NKB1
P43630	KIR3DL2 CD158K NKAT4
P43631	KIR2DS2 CD158J NKAT5
P43632	KIR2DS4 CD158I KKA3 NKAT8
P43657	LPAR6 P2RY5
P43681	CHRNA4 NACRA4
P45844	ABCG1 ABC8 WHT1
P46019	PHKA2 PHKLA PYK
P46020	PHKA1 PHKA
P46059	SLC15A1 PEPT1
P46089	GPR3 ACCA
P46091	CMKLR2 GPR1
P46092	CCR10 GPR2
P46093	GPR4
P46094	XCR1 CCXCR1 GPR5
P46095	GPR6
P46098	HTR3A 5HT3R HTR3
P46108	CRK
P46531	NOTCH1 TAN1
P46663	BDKRB1 BRADYB1
P46721	SLCO1A2 OATP OATP1 OATP1A2 SLC21A3
P46934	NEDD4 KIAA0093 NEDD4-1 RPF1 PIG53
P46937	YAP1 YAP65
P46939	UTRN DMDL DRP1
P46940	IQGAP1 KIAA0051
P47211	GALR1 GALNR GALNR1
P47775	GPR12
P47869	GABRA2
P47870	GABRB2
P47871	GCGR
P47872	SCTR
P47898	HTR5A
P47900	P2RY1
P47901	AVPR1B AVPR3 VPR3
P48023	FASLG APT1LG1 CD95L FASL TNFSF6
P48029	SLC6A8
P48039	MTNR1A
P48048	KCNJ1 ROMK1
P48050	KCNJ4 IRK3
P48058	GRIA4 GluA4 GLUR4
P48059	LIMS1 PINCH PINCH1
P48065	SLC6A12 BGT1
P48066	SLC6A11 GABT3 GAT3
P48067	SLC6A9
P48145	NPBWR1 GPR7
P48146	NPBWR2 GPR8
P48165	GJA8
P48167	GLRB
P48169	GABRA4
P48357	LEPR DB OBR
P48426	PIP4K2A PI5P4KA PIP5K2 PIP5K2A
P48509	CD151 TSPAN24
P48546	GIPR
P48547	KCNC1
P48551	IFNAR2 IFNABR IFNARB
P48664	SLC1A6 EAAT4
P48730	CSNK1D HCKID
P48736	PIK3CG
P48751	SLC4A3 AE3
P48764	SLC9A3 NHE3
P48960	ADGRE5 CD97
P48995	TRPC1 TRP1
P49006	MARCKSL1 MLP MRP
P49019	HCAR3 GPR109B HCA3 HM74B NIACR2
P49146	NPY2R
P49190	PTH2R PTHR2
P49238	CX3CR1 CMKBRL1 GPR13
P49281	SLC11A2 DCT1 DMT1 NRAMP2 OK/SW-cl.20
P49286	MTNR1B
P49407	ARRB1 ARR1
P49419	ALDH7A1 ATQ1
P49682	CXCR3 GPR9
P49683	PRLHR GPR10 GR3
P49685	GPR15
P49703	ARL4D ARF4L
P49755	TMED10 TMP21
P49757	NUMB C14orf41
P49758	RGS6
P49768	PSEN1 AD3 PS1 PSNL1
P49771	FLT3LG
P49796	RGS3
P49802	RGS7
P49841	GSK3B
P49895	DIO1 ITDI1 TXDI1
P49903	SEPHS1 SELD SPS SPS1
P50052	AGTR2
P50148	GNAQ GAQ
P50150	GNG4 GNGT4
P50151	GNG10 GNGT10
P50281	MMP14
P50391	NPY4R PPYR1
P50406	HTR6
P50443	SLC26A2 DTD DTDST
P50552	VASP
P50591	TNFSF10 APO2L TRAIL
P50607	TUB
P50851	LRBA BGL CDC4L LBA
P50876	RNF144A KIAA0161 RNF144 UBCE7IP4
P50895	BCAM LU MSK19
P50993	ATP1A2 KIAA0778
P51148	RAB5C RABL
P51151	RAB9A RAB9
P51153	RAB13 GIG4
P51157	RAB28
P51164	ATP4B
P51168	SCNN1B
P51170	SCNN1G
P51172	SCNN1D DNACH
P51178	PLCD1
P51451	BLK
P51512	MMP16 C8orf57 MMPX2
P51575	P2RX1 P2X1
P51582	P2RY4 NRU
P51636	CAV2
P51654	GPC3 OCI5
P51674	GPM6A M6A
P51677	CCR3 CMKBR3
P51679	CCR4 CMKBR4
P51681	CCR5 CMKBR5
P51684	CCR6 CKRL3 CMKBR6 GPR29 STRL22
P51685	CCR8 CKRL1 CMKBR8 CMKBRL2
P51686	CCR9 GPR28
P51693	APLP1
P51787	KCNQ1 KCNA8 KCNA9 KVLQT1
P51788	CLCN2
P51790	CLCN3
P51795	CLCN5 CLCK2
P51800	CLCNKA
P51801	CLCNKB
P51805	PLXNA3 PLXN4 SEX
P51810	GPR143 OA1
P51864	CRIPTO3 CRIPTO-3 TDGF1P3 TDGF2 TDGF3
P52569	SLC7A2 ATRC2 CAT2
P52797	EFNA3 EFL2 EPLG3 LERK3
P52798	EFNA4 EPLG4 LERK4
P52799	EFNB2 EPLG5 HTKL LERK5
P52803	EFNA5 EPLG7 LERK7
P52824	DGKQ DAGK4
P53041	PPP5C PPP5
P53618	COPB1 COPB MSTP026
P53680	AP2S1 AP17 CLAPS2
P53708	ITGA8
P53794	SLC5A3
P53816	PLAAT3 HRASLS3 HREV107 PLA2G16
P53985	SLC16A1 MCT1
P54289	CACNA2D1 CACNL2A CCHL2A MHS3
P54578	USP14 TGT
P54707	ATP12A ATP1AL1
P54709	ATP1B3
P54753	EPHB3 ETK2 HEK2 TYRO6
P54756	EPHA5 BSK EHK1 HEK7 TYRO4
P54760	EPHB4 HTK MYK1 TYRO11
P54762	EPHB1 ELK EPHT2 HEK6 NET
P54764	EPHA4 HEK8 SEK TYRO1
P54826	GAS1
P54851	EMP2 XMP
P54920	NAPA SNAPA
P55008	AIF1 G1 IBA1
P55011	SLC12A2 NKCC1
P55017	SLC12A3 NCC TSC
P55040	GEM KIR
P55042	RRAD RAD
P55064	AQP5
P55073	DIO3 ITDI3 TXDI3
P55085	F2RL1 GPR11 PAR2
P55087	AQP4
P55160	NCKAP1L HEM1
P55259	GP2
P55283	CDH4
P55285	CDH6
P55286	CDH8
P55287	CDH11
P55289	CDH12
P55290	CDH13 CDHH
P55291	CDH15 CDH14 CDH3
P55899	FCGRT FCRN
P56159	GFRA1 GDNFRA RETL1 TRNR1
P56373	P2RX3
P56539	CAV3
P56559	ARL4C ARL7
P56696	KCNQ4
P56746	CLDN15
P56747	CLDN6 UNQ757/PRO1488
P56748	CLDN8 UNQ779/PRO1573
P56750	CLDN17 UNQ758/PRO1489
P56817	BACE1 BACE KIAA1149
P56856	CLDN18 UNQ778/PRO1572
P56880	CLDN20
P56975	NRG3
P57087	JAM2 C21orf43 VEJAM UNQ219/PRO245
P57103	SLC8A3 NCX3
P57679	EVC
P57729	RAB38
P57735	RAB25 CATX8
P57739	CLDN2 PSEC0059 SP82 UNQ705/PRO1356
P57764	GSDMD DFNA5L GSDMDC1 FKSG10
P57771	RGS8
P57789	KCNK10 TREK2
P58107	EPPK1 EPIPL
P58335	ANTXR2 CMG2
P58400	NRXN1
P58401	NRXN2
P58418	CLRN1 USH3A
P58743	SLC26A5 PRES
P58753	TIRAP MAL
P59044	NLRP6 NALP6 PYPAF5
P59190	RAB15
P59768	GNG2
P59901	LILRA4 ILT7
P60033	CD81 TAPA1 TSPAN28
P60201	PLP1 PLP
P60507	ERVFC1
P60508	ERVFRD-1 ERVFRDE1 UNQ6191/PRO20218
P60763	RAC3
P60842	EIF4A1 DDX2A EIF4A
P60852	ZP1
P60880	SNAP25 SNAP
P60953	CDC42
P61006	RAB8A MEL RAB8
P61018	RAB4B RAB4 PP1596
P61020	RAB5B
P61073	CXCR4
P61077	UBE2D3 UBC5C UBCH5C
P61224	RAP1B OK/SW-cl.11
P61586	RHOA ARH12 ARHA RHO12
P61952	GNG11 GNGT11
P62070	RRAS2 TC21
P62079	TSPAN5 TM4SF9
P62166	NCS1 FLUP FREQ
P62330	ARF6
P62491	RAB11A RAB11
P62745	RHOB ARH6 ARHB
P62834	RAP1A KREV1
P62879	GNB2
P62937	PPIA CYPA
P62955	CACNG7
P63000	RAC1 TC25 MIG5
P63010	AP2B1 ADTB2 CLAPB1
P63027	VAMP2 SYB2
P63092	GNAS GNAS1 GSP
P63096	GNAI1
P63098	PPP3R1 CNA2 CNB
P63128	ERVK-9
P63146	UBE2B RAD6B UBCH1
P63165	SUMO1 SMT3C SMT3H3 UBL1 OK/SW-cl.43
P63211	GNGT1
P63215	GNG3 GNGT3
P63218	GNG5 GNGT5
P63244	RACK1 GNB2L1 HLC7 PIG21
P63252	KCNJ2 IRK1
P68104	EEF1A1 EEF1A EF1A LENG7
P78310	CXADR CAR
P78333	GPC5
P78334	GABRE
P78348	ASIC1 ACCN2 BNAC2
P78352	DLG4 PSD95
P78356	PIP4K2B PIP5K2B
P78369	CLDN10
P78380	OLR1 CLEC8A LOX1
P78395	PRAME MAPE OIP4
P78410	BTN3A2 BT3.2 BTF3 BTF4
P78423	CX3CL1 FKN NTT SCYD1 A-152E5.2
P78504	JAG1 JAGL1
P78508	KCNJ10
P78524	DENND2B HTS1 ST5
P78536	ADAM17 CSVP TACE
P78562	PHEX PEX
P79483	HLA-DRB3
P80511	S100A12
P80723	BASP1 NAP22
P81274	GPSM2 LGN
P82251	SLC7A9 BAT1
P82279	CRB1
P84085	ARF5
P84095	RHOG ARHG
P84996	GNAS GNAS1
P98155	VLDLR
P98161	PKD1
P98164	LRP2
P98172	EFNB1 EFL3 EPLG2 LERK2
P98196	ATP11A ATPIH ATPIS KIAA1021
P98198	ATP8B2 ATPID KIAA1137
Q00013	MPP1 DXS552E EMP55
Q00535	CDK5 CDKN5 PSSALRE
Q00536	CDK16 PCTAIRE1 PCTK1
Q01082	SPTBN1 SPTB2
Q01113	IL9R
Q01118	SCN7A SCN6A
Q01453	PMP22 GAS3
Q01484	ANK2 ANKB
Q01518	CAP1 CAP
Q01628	IFITM3
Q01629	IFITM2
Q01638	IL1RL1 DER4 ST2 T1
Q01650	SLC7A5 CD98LC LAT1 MPE16
Q01718	MC2R ACTHR
Q01726	MC1R MSHR
Q01814	ATP2B2 PMCA2
Q01844	EWSR1 EWS
Q01959	SLC6A3 DAT1
Q01973	ROR1 NTRKR1
Q01974	ROR2 NTRKR2
Q02156	PRKCE PKCE
Q02161	RHD
Q02223	TNFRSF17 BCM BCMA
Q02246	CNTN2 AXT TAG1 TAX1
Q02297	NRG1 GGF HGL HRGA NDF SMDF
Q02413	DSG1 CDHF4
Q02487	DSC2 CDHF2 DSC3
Q02641	CACNB1 CACNLB1
Q02643	GHRHR
Q02763	TEK TIE2 VMCM VMCM1
Q03001	DST BP230 BP240 BPAG1 DMH DT KIAA0728
Q03113	GNA12
Q03135	CAV1 CAV
Q03167	TGFBR3
Q03405	PLAUR MO3 UPAR
Q03431	PTH1R PTHR PTHR1
Q04609	FOLH1 FOLH NAALAD1 PSM PSMA GIG27
Q04656	ATP7A MC1 MNK
Q04721	NOTCH2
Q04759	PRKCQ PRKCT
Q04844	CHRNE ACHRE
Q04900	CD164
Q05193	DNM1 DNM
Q05329	GAD2 GAD65
Q05397	PTK2 FAK FAK1
Q05469	LIPE
Q05586	GRIN1 NMDAR1
Q05655	PRKCD PKCD
Q05901	CHRNB3
Q05996	ZP2 ZPA
Q06187	BTK AGMX1 ATK BPK
Q06418	TYRO3 BYK DTK RSE SKY TIF
Q06432	CACNG1 CACNLG
Q06481	APLP2 APPL2
Q06495	SLC34A1 NPT2 SLC17A2
Q06787	FMR1
Q07001	CHRND ACHRD
Q07011	TNFRSF9 CD137 ILA
Q07021	C1QBP GC1QBP HABP1 SF2P32
Q07065	CKAP4
Q07075	ENPEP
Q07108	CD69 CLEC2C
Q07157	TJP1 ZO1
Q07343	PDE4B DPDE4
Q07699	SCN1B
Q07837	SLC3A1 NBAT
Q07912	TNK2 ACK1
Q07954	LRP1 A2MR APR
Q08116	RGS1 1R20 BL34 IER1
Q08174	PCDH1
Q08209	PPP3CA CALNA CNA
Q08289	CACNB2 CACNLB2 MYSB
Q08345	DDR1 CAK EDDR1 NEP NTRK4 PTK3A RTK6 TRKE
Q08357	SLC20A2 GLVR2 PIT2
Q08462	ADCY2 KIAA1060
Q08495	DMTN DMT EPB49
Q08499	PDE4D DPDE3
Q08554	DSC1 CDHF1
Q08708	CD300C CMRF35 CMRF35A CMRF35A1 IGSF16
Q08722	CD47 MER6
Q08828	ADCY1
Q08AE8	SPIRE1 KIAA1135 SPIR1
Q08ET2	SIGLEC14 UNQ294/PRO333
Q09013	DMPK DM1PK MDPK
Q09428	ABCC8 HRINS SUR SUR1
Q09470	KCNA1
Q0D2K0	NIPAL4 ICHN NIPA4
Q0GE19	SLC10A7 C4orf13 P7 PSEC0051
Q0VAQ4	SMAGP
Q0VD83	APOBR APOB48R
Q10588	BST1
Q10589	BST2
Q12791	KCNMA1 KCNMA SLO
Q12809	KCNH2 ERG ERG1 HERG
Q12829	RAB40B SEC4L
Q12836	ZP4 ZPB
Q12846	STX4 STX4A
Q12851	MAP4K2 GCK RAB8IP
Q12852	MAP3K12 ZPK
Q12860	CNTN1
Q12864	CDH17
Q12866	MERTK MER
Q12879	GRIN2A NMDAR2A
Q12884	FAP
Q12891	HYAL2 LUCA2
Q12913	PTPRJ DEP1
Q12929	EPS8
Q12934	BFSP1
Q12955	ANK3
Q12959	DLG1
Q12974	PTP4A2 PRL2 PTPCAAX2 BM-008
Q13002	GRIK2 GLUR6
Q13003	GRIK3 GLUR7
Q13009	TIAM1
Q13017	ARHGAP5 RHOGAP5
Q13018	PLA2R1 CLEC13C
Q13061	TRDN
Q13113	PDZK1IP1 MAP17
Q13153	PAK1
Q13183	SLC13A2 NADC1 SDCT1
Q13224	GRIN2B NMDAR2B
Q13237	PRKG2 PRKGR2
Q13241	KLRD1 CD94
Q13255	GRM1 GPRC1A MGLUR1
Q13258	PTGDR
Q13277	STX3 STX3A
Q13286	CLN3 BTS
Q13291	SLAMF1 SLAM
Q13303	KCNAB2 KCNA2B KCNK2
Q13308	PTK7 CCK4
Q13319	CDK5R2 NCK5AI
Q13324	CRHR2 CRF2R CRH2R
Q13325	IFIT5 ISG58 RI58
Q13326	SGCG
Q13332	PTPRS
Q13336	SLC14A1 HUT11 JK RACH1 UT1 UTE
Q13349	ITGAD
Q13368	MPP3 DLG3
Q13418	ILK ILK1 ILK2
Q13421	MSLN MPF
Q13424	SNTA1 SNT1
Q13433	SLC39A6 LIV1 ZIP6
Q13443	ADAM9 KIAA0021 MCMP MDC9 MLTNG
Q13445	TMED1 IL1RL1L IL1RL1LG
Q13449	LSAMP IGLON3 LAMP
Q13464	ROCK1
Q13467	FZD5 C2orf31
Q13491	GPM6B M6B
Q13492	PICALM CALM
Q13496	MTM1 CG2
Q13507	TRPC3 TRP3
Q13508	ART3 TMART
Q13515	BFSP2
Q13530	SERINC3 DIFF33 TDE1 SBBI99
Q13546	RIPK1 RIP RIP1
Q13557	CAMK2D CAMKD
Q13563	PKD2 TRPP1 TRPP2
Q13564	NAE1 APPBP1 HPP1
Q13574	DGKZ DAGK6
Q13585	GPR50
Q13586	STIM1 GOK
Q13613	MTMR1
Q13621	SLC12A1 NKCC2
Q13634	CDH18 CDH14
Q13635	PTCH1 PTCH
Q13639	HTR4
Q13641	TPBG 5T4
Q13651	IL10RA IL10R
Q13685	AAMP
Q13698	CACNA1S CACH1 CACN1 CACNL1A3
Q13702	RAPSN RNF205
Q13705	ACVR2B
Q13733	ATP1A4 ATP1AL2
Q13740	ALCAM MEMD
Q13796	SHROOM2 APXL
Q13835	PKP1
Q13873	BMPR2 PPH1
Q13884	SNTB1 SNT2B1
Q13936	CACNA1C CACH2 CACN2 CACNL1A1 CCHL1A1
Q14002	CEACAM7 CGM2
Q14003	KCNC3
Q14028	CNGB1 CNCG2 CNCG3L CNCG4 RCNC2
Q14088	RAB33A RABS10
Q14114	LRP8 APOER2
Q14118	DAG1
Q14126	DSG2 CDHF5
Q14156	EFR3A KIAA0143
Q14160	SCRIB CRIB1 KIAA0147 LAP4 SCRB1 VARTUL
Q14184	DOC2B DOC2BL
Q14210	LY6D E48
Q14244	MAP7
Q14246	ADGRE1 EMR1 TM7LN3
Q14247	CTTN EMS1
Q14254	FLOT2 ESA1 M17S1
Q14289	PTK2B FAK2 PYK2 RAFTK
Q14332	FZD2
Q14344	GNA13
Q14392	LRRC32 D11S833E
Q14416	GRM2 GPRC1B MGLUR2
Q14451	GRB7
Q14500	KCNJ12 IRK2 KCNJN1
Q14511	NEDD9 CASL
Q14512	FGFBP1 FGFBP HBP17
Q14517	FAT1 CDHF7 FAT
Q14524	SCN5A
Q14542	SLC29A2 DER12 ENT2 HNP36
Q14574	DSC3 CDHF3 DSC4
Q14623	IHH
Q14627	IL13RA2 IL13R
Q14642	INPP5A 5PTASE
Q14644	RASA3
Q14667	BLTP2 BCOX1 KIAA0100
Q14678	KANK1 ANKRD15 KANK KIAA0172
Q14680	MELK KIAA0175
Q14689	DIP2A C21orf106 DIP2 KIAA0184
Q14699	RFTN1 KIAA0084 MIG2
Q14714	SSPN KRAG
Q14721	KCNB1
Q14722	KCNAB1 KCNA1B
Q14728	SLC75A1 MFSD10 TETRAN
Q14773	ICAM4 LW
Q14802	FXYD3 MAT8 PLML
Q14831	GRM7 GPRC1G MGLUR7
Q14832	GRM3 GPRC1C MGLUR3
Q14833	GRM4 GPRC1D MGLUR4
Q14916	SLC17A1 NPT1
Q14940	SLC9A5 NHE5
Q14943	KIR3DS1 NKAT10
Q14953	KIR2DS5 CD158G NKAT9
Q14954	KIR2DS1 CD158H
Q14956	GPNMB HGFIN NMB UNQ1725/PRO9925
Q14957	GRIN2C NMDAR2C
Q14964	RAB39A RAB39
Q14973	SLC10A1 NTCP GIG29
Q14980	NUMA1 NMP22 NUMA
Q14982	OPCML IGLON1 OBCAM
Q14BN4	SLMAP KIAA1601 SLAP UNQ1847/PRO3577
Q14CN2	CLCA4 CaCC2 UNQ562/PRO1124
Q14CZ8	HEPACAM
Q14D04	VEPH1 KIAA1692 VEPH
Q15019	SEPTIN2 DIFF6 KIAA0158 NEDD5 SEPT2
Q15040	JOSD1 JSPH1 KIAA0063
Q15043	SLC39A14 KIAA0062 ZIP14
Q15046	KARS1 KARS KIAA0070
Q15049	MLC1 KIAA0027 WKL1
Q15057	ACAP2 CENTB2 KIAA0041
Q15077	P2RY6 PP2891
Q15078	CDK5R1 CDK5R NCK5A
Q15084	PDIA6 ERP5 P5 TXNDC7
Q15109	AGER RAGE
Q15116	PDCD1 PD1
Q15124	PGM5 PGMRP
Q15139	PRKD1 PKD PKD1 PRKCM
Q15147	PLCB4
Q15223	NECTIN1 HVEC PRR1 PVRL1
Q15256	PTPRR ECPTP PTPRQ
Q15262	PTPRK PTPK
Q15286	RAB35 RAB1C RAY
Q15303	ERBB4 HER4
Q15311	RALBP1 RLIP RLIP1 RLIP76
Q15375	EPHA7 EHK3 HEK11
Q15399	TLR1 KIAA0012
Q15438	CYTH1 D17S811E PSCD1
Q15464	SHB
Q15465	SHH
Q15599	NHERF2 SLC9A3R2
Q15617	OR8G1 OR8G1P
Q15642	TRIP10 CIP4 STOT STP
Q15669	RHOH ARHH TTF
Q15691	MAPRE1
Q15700	DLG2
Q15714	TSC22D1 KIAA1994 TGFB1I4 TSC22 hucep-2
Q15722	LTB4R BLT BLT1 BLTR CMKRL1 GPR16 P2RY7
Q15743	GPR68 OGR1
Q15758	SLC1A5 ASCT2 M7V1 RDR RDRC
Q15761	NPY5R NPYR5
Q15762	CD226 DNAM1
Q15811	ITSN1 ITSN SH3D1A
Q15822	CHRNA2
Q15825	CHRNA6
Q15833	STXBP2 UNC18B
Q15849	SLC14A2 HUT2 UT2
Q15858	SCN9A NENA
Q15884	ENTREP1 C9orf61 FAM189A2 X123
Q16099	GRIK4 GRIK
Q16206	ENOX2 COVA1
Q16280	CNGA2 CNCA CNCA1 CNCG2
Q16281	CNGA3 CNCG3
Q16348	SLC15A2 PEPT2
Q16445	GABRA6
Q16478	GRIK5 GRIK2
Q16512	PKN1 PAK1 PKN PRK1 PRKCL1
Q16515	ASIC2 ACCN ACCN1
Q16518	RPE65
Q16553	LY6E 9804 RIGE SCA2 TSA1
Q16581	C3AR1 AZ3B C3R1 HNFAG09
Q16585	SGCB
Q16586	SGCA ADL DAG2
Q16602	CALCRL CGRPR
Q16617	NKG7 GIG1
Q16620	NTRK2 TRKB
Q16623	STX1A STX1
Q16625	OCLN
Q16651	PRSS8
Q16653	MOG
Q16720	ATP2B3
Q16760	DGKD KIAA0145
Q16790	CA9 G250 MN
Q16820	MEP1B
Q16832	DDR2 NTRKR3 TKT TYRO10
Q16849	PTPRN ICA3 ICA512
Q16853	AOC3 VAP1
Q18PE1	DOK7 C4orf25
Q19T08	ECSCR ECSM2
Q1EHB4	SLC5A12 SMCT2
Q1HG43	DUOXA1 NIP NUMBIP
Q1HG44	DUOXA2
Q29980	MICB PERB11.2
Q29983	MICA PERB11.1
Q2HXU8	CLEC12B UNQ5782/PRO16089
Q2I0M4	LRRC26 CAPC
Q2LD37	BLTP1 FSA KIAA1109 KIAA1371 TWEEK
Q2M2I8	AAK1 KIAA1048
Q2M3C6	TMEM266 C15orf27 HVRP1
Q2M3G0	ABCB5
Q2M3M2	SLC5A9 SGLT4
Q2M3R5	SLC35G1 C10orf60 POST TMEM20
Q2TAL8	QRICH1
Q2WGJ9	FER1L6 C8orfK23
Q2Y0W8	SLC4A8 KIAA0739 NBC NBC3 NDCBE1
Q30154	HLA-DRB5
Q30201	HFE HLAH
Q32M45	ANO4 TMEM16D
Q38SD2	LRRK1 KIAA1790
Q3KNS1	PTCHD3 PTR
Q3KR37	GRAMD1B KIAA1201 UNQ3032/PRO9834
Q3MIR4	CDC50B TMEM30B
Q3MIW9	MUCL3 C6orf37 DPCR1 PBLT
Q3MJ16	PLA2G4E
Q3SXY8	ARL13B ARL2L1
Q3SYG4	BBS9 PTHB1
Q3V6T2	CCDC88A APE GRDN KIAA1212
Q401N2	ZACN L2 LGICZ LGICZ1 ZAC
Q494U1	PLEKHN1 CLPABP
Q495A1	TIGIT VSIG9 VSTM3
Q495M3	SLC36A2 PAT2 TRAMD1
Q495M9	USH1G SANS
Q496F6	CD300E CD300LE CLM2 CMRF35A5 IREM2
Q4G0N8	SLC9C1 SLC9A10
Q4KMG0	CDON CDO
Q4KMP7	TBC1D10B FP2461
Q4KMQ2	ANO6 TMEM16F
Q4U2R8	SLC22A6 OAT1 PAHT
Q4V9L6	TMEM119 PSEC0199 UNQ731/PRO1415
Q4ZJI4	SLC9B1 NHA1 NHEDC1
Q53EL9	SEZ6
Q53GD3	SLC44A4 C6orf29 CTL4 NG22 TPPT1 UNQ441/PRO874
Q53GL0	PLEKHO1 CKIP1 OC120 HQ0024c
Q53TN4	CYBRD1 DCYTB FRRS3
Q53TS8	CATSPERT ALS2CR11 C2CD6
Q58EX2	SDK2 KIAA1514
Q5BKX6	SLC45A4 KIAA1126
Q5BKX8	CAVIN4 MURC
Q5BVD1	TTMP C3orf52
Q5DID0	UMODL1
Q5DX21	IGSF11 BTIGSF CXADRL1 VSIG3
Q5EBL8	PDZD11 AIPP1 PDZK11 PISP HSPC227 UNQ6486/PRO21335
Q5GH72	XKR7 C20orf159 XRG7
Q5GH76	XKR4 KIAA1889 XRG4
Q5HYA8	TMEM67 MKS3
Q5IJ48	CRB2
Q5JS13	RALGPS1 KIAA0351 RALGEF2
Q5JTC6	AMER1 FAM123B WTX
Q5JTD0	TJAP1 PILT TJP4
Q5JUK3	KCNT1 KIAA1422 SLACK Slo2.2
Q5JW98	CALHM4 C6orf78 FAM26D UNQ6481/PRO21277
Q5JWF2	GNAS GNAS1
Q5JZY3	EPHA10
Q5KSL6	DGKK
Q5MY95	ENTPD8 UNQ2492/PRO5779
Q5NUL3	FFAR4 GPR120 GPR129 O3FAR1 PGR4
Q5QGT7	RTP2 Z3CXXC2
Q5QGZ9	CLEC12A CLL1 DCAL2 KLRL1 MICL
Q5R3K3	CALHM6 C6orf187 FAM26F
Q5SQ64	LY6G6F C6orf21 G6F LY6G6D NG32
Q5SSG8	MUC21 C6orf205 UNQ697/PRO1342
Q5SY80	CATSPERE C1orf101
Q5SYB0	FRMPD1 FRMD2 KIAA0967
Q5SZK8	FREM2
Q5T0N5	FNBP1L C1orf39 TOCA1
Q5T197	DCST1
Q5T1C6	THEM4 CTMP
Q5T2D2	TREML2 C6orf76 TLT2 UNQ6268/PRO20473
Q5T2T1	MPP7
Q5T2W1	PDZK1 CAP70 NHERF3 PDZD1
Q5T3F8	TMEM63B C6orf110
Q5T3U5	ABCC10 MRP7 SIMRP7
Q5T442	GJC2 GJA12
Q5T4F4	ZFYVE27 SPG33
Q5T5C0	STXBP5 LLGL3
Q5T601	ADGRF1 GPR110 PGR19
Q5T6X5	GPRC6A
Q5T7P8	SYT6
Q5T848	GPR158 KIAA1136
Q5T9L3	WLS C1orf139 GPR177 UNQ85/PRO18667
Q5TA50	CPTP GLTPD1
Q5TAT6	COL13A1
Q5TCQ9	MAGI3 KIAA1634
Q5TGU0	TSPO2 BZRPL1
Q5UE93	PIK3R6 C17orf38
Q5VST6	ABHD17B C9orf77 FAM108B1 CGI-67
Q5VST9	OBSCN KIAA1556 KIAA1639
Q5VT99	LRRC38
Q5VTT2	CFAP95 C9orf135
Q5VU97	CACHD1 KIAA1573 VWCD1
Q5VUB5	FAM171A1 APCN C10orf38
Q5VV43	KIAA0319
Q5VW38	GPR107 KIAA1624 LUSTR1
Q5VWK5	IL23R
Q5VWP3	MLIP C6orf142 Cip
Q5VWQ8	DAB2IP AF9Q34 AIP1 KIAA1743
Q5VY43	PEAR1 MEGF12
Q5VY80	RAET1L ULBP6
Q5VZ89	DENND4C C9orf55 C9orf55B
Q5VZK9	CARMIL1 CARMIL LRRC16 LRRC16A
Q5W0Z9	ZDHHC20
Q5XXA6	ANO1 DOG1 ORAOV2 TAOS2 TMEM16A
Q63HR2	TNS2 KIAA1075 TENC1
Q641Q2	WASHC2A FAM21A FAM21B
Q685J3	MUC17 MUC3
Q687X5	STEAP4 STAMP2 TNFAIP9
Q68D85	NCR3LG1 B7H6
Q68D91	MBLAC2
Q68DA7	FMN1 FMN LD
Q68DD2	PLA2G4F
Q68DV7	RNF43
Q68DX3	FRMPD2 PDZD5C PDZK4 PDZK5C
Q69384	ERVK-6 ERVK6
Q695T7	SLC6A19 B0AT1
Q6AI14	SLC9A4 NHE4
Q6DKI7	PVRIG C7orf15
Q6DN72	FCRL6 FCRH6
Q6EIG7	CLEC6A CLECSF10 DECTIN2
Q6F5E8	CARMIL2 LRRC16C RLTPR
Q6GPH6	ITPRIPL1 KIAA1754L
Q6GTX8	LAIR1 CD305
Q6H3X3	RAET1G ULBP5
Q6HA08	ASTL
Q6IMN6	CAPRIN2 C1QDC1 EEG1 KIAA1873 RNG140
Q6IPM2	IQCE KIAA1023
Q6ISU1	PTCRA
Q6IWH7	ANO7 NGEP PCANAP5 TMEM16G
Q6N022	TENM4 KIAA1302 ODZ4 TNM4
Q6N075	SLC61A1 MFSD5 UNQ832/PRO1759
Q6NSJ5	LRRC8E
Q6NW40	RGMB
Q6NXT4	SLC30A6 ZNT6
Q6NZI2	CAVIN1 PTRF FKSG13
Q6P0Q8	MAST2 KIAA0807 MAST205
Q6P1J6	PLB1 PLB
Q6P4Q7	CNNM4 ACDP4 KIAA1592
Q6P5W5	SLC39A4 ZIP4
Q6P9F7	LRRC8B KIAA0231 UNQ6413/PRO21207
Q6P9H4	CNKSR3 MAGI1
Q6PCB6	ABHD17C FAM108C1
Q6PCB7	SLC27A1 ACSVL5 FATP1
Q6PCB8	EMB
Q6PEY1	TMEM88 TMEM88A
Q6PFW1	PPIP5K1 HISPPD2A IP6K IPS1 KIAA0377 VIP1
Q6PHW0	IYD C6orf71 DEHAL1
Q6PI25	CNIH2 CNIL
Q6PI78	TMEM65
Q6PIL6	KCNIP4 CALP KCHIP4
Q6PIU1	KCNV1
Q6PIU2	NCEH1 AADACL1 KIAA1363
Q6PIZ9	TRAT1 TCRIM HSPC062
Q6PJF5	RHBDF2 IRHOM2 RHBDL5 RHBDL6
Q6PJW8	CNST C1orf71
Q6PRD1	GPR179 GPR158L GPR158L1
Q6PXP3	SLC2A7 GLUT7
Q6QNK2	ADGRD1 GPR133 PGR25
Q6R327	RICTOR KIAA1999
Q6S5L8	SHC4 SHCD UNQ6438/PRO21364
Q6T4R5	NHS
Q6TCH4	PAQR6
Q6U736	OPN5 GPR136 PGR12 TMEM13
Q6U841	SLC4A10 NBCN2 NCBE
Q6UVK1	CSPG4 MCSP
Q6UVM3	KCNT2 SLICK Slo2.1
Q6UVW9	CLEC2A KACL UNQ5792/PRO19597
Q6UW56	ATRAID APR3 C2orf28 HSPC013 UNQ214/PRO240
Q6UWB4	PRSS55 TSP1 UNQ9391/PRO34284
Q6UWF3	SCIMP C17orf87 UNQ5783/PRO16090
Q6UWI2	PARM1 UNQ1879/PRO4322
Q6UWJ1	SLC9D1 C13orf11 TMCO3 UNQ2419/PRO4976
Q6UWL6	KIRREL2 NEPH3 UNQ5827/PRO19646
Q6UWN5	LYPD5 UNQ1908/PRO4356
Q6UWR7	ENPP6 UNQ1889/PRO4334
Q6UWV6	ENPP7 UNQ3077/PRO9912
Q6UX01	LMBR1L KIAA1174 LIMR UNQ458/PRO783
Q6UX46	ALKAL2 FAM150B UNQ542/PRO1097
Q6UX65	DRAM2 TMEM77 PSEC0031 UNQ154/PRO180
Q6UXB4	CLEC4G UNQ431/PRO792
Q6UXD5	SEZ6L2 PSK UNQ1903/PRO4349
Q6UXG2	ELAPOR1 EIG121 KIAA1324 UNQ2426/PRO4985
Q6UXG3	CD300LG CLM9 TREM4 UNQ422/PRO846
Q6UXK2	ISLR2 KIAA1465 LINX UNQ1885/PRO4329
Q6UXM1	LRIG3 LIG3 UNQ287/PRO326/PRO335
Q6UXT8	ALKAL1 FAM150A UNQ9433/PRO34745
Q6UXV0	GFRAL C6orf144 UNQ9356/PRO34128
Q6UXY1	BAIAP2L2 UNQ9336/PRO34007
Q6UXZ0	TMIGD1 TMIGD UNQ9372/PRO34164
Q6UXZ3	CD300LD CD300D CMRF35A4 UNQ9218/PRO28686
Q6UXZ4	UNC5D KIAA1777 UNC5H4 UNQ6012/PRO34692
Q6UY09	CEACAM20 UNQ9366/PRO34155
Q6W3E5	GDPD4 GDE6 UGPQ
Q6W5P4	NPSR1 GPR154 GPRA PGR14
Q6X4W1	NSMF NELF
Q6XR72	SLC30A10 ZNT10 ZNT8
Q6XUX3	DSTYK KIAA0472 RIP5 RIPK5 SGK496 HDCMD38P
Q6XZB0	LIPI LPDL PRED5
Q6YHK3	CD109 CPAMD7
Q6ZMH5	SLC39A5 ZIP5
Q6ZMI3	GLDN COLM UNQ9339/PRO34011
Q6ZMJ2	SCARA5 UNQ2938/PRO28700
Q6ZMT1	STAC2
Q6ZMU5	TRIM72 MG53
Q6ZN44	UNC5A KIAA1976 UNC5H1
Q6ZNL6	FGD5 ZFYVE23
Q6ZP80	TMEM182 UNQ6974/PRO21957
Q6ZQN7	SLCO4C1 OATP4C1 OATPX SLC21A20
Q6ZRI0	OTOG OTGN
Q6ZRP7	QSOX2 QSCN6L1 SOXN
Q6ZSA7	LRRC55
Q6ZSM3	SLC16A12 MCT12
Q6ZSS7	MFSD6 MMR2
Q6ZSZ5	ARHGEF18 KIAA0521
Q6ZT62	BARGIN
Q6ZTN6	ANKRD13D
Q6ZTQ4	CDHR3 CDH28
Q6ZU64	CFAP65 CCDC108
Q6ZUJ8	PIK3AP1 BCAP
Q6ZVN8	HJV HFE2 RGMC
Q6ZWK4	RHEX C1orf186
Q70E73	RAPH1 ALS2CR18 ALS2CR9 KIAA1681 LPD PREL2 RMO1
Q70Z44	HTR3D
Q75V66	ANO5 GDD1 TMEM16E
Q7KZI7	MARK2 EMK1
Q7L0Q8	RHOU ARHU CDC42L1 G28K WRCH1 SB128
Q7L1W4	LRRC8D LRRC5 UNQ213/PRO239
Q7L591	DOK3
Q7L5N7	LPCAT2 AGPAT11 AYTL1
Q7L5Y9	MAEA EMP HLC10 PIG5
Q7L804	RAB11FIP2 KIAA0941
Q7LBE3	SLC26A9
Q7LC44	ARC KIAA0278
Q7LDG7	RASGRP2 CDC25L MCG7
Q7RTM1	OTOP1
Q7RTP0	NIPA1 SPG6
Q7RTS5	OTOP3
Q7RTT9	SLC29A4 ENT4 PMAT PSEC0113
Q7RTW8	OTOA
Q7RTX0	TAS1R3 T1R3 TR3
Q7RTX1	TAS1R1 GPR70 T1R1 TR1 GM148
Q7RTX7	CATSPER4
Q7RTY0	SLC16A13 MCT13
Q7RTY1	SLC16A9 C10orf36 MCT9
Q7RTY8	TMPRSS7
Q7Z2D5	PLPPR4 KIAA0455 LPPR4 PHP1 PRG1
Q7Z2H8	SLC36A1 PAT1
Q7Z2W7	TRPM8 LTRPC6 TRPP8
Q7Z3B1	NEGR1 IGLON4 UNQ2433/PRO4993
Q7Z3D4	LYSMD3
Q7Z407	CSMD3 KIAA1894
Q7Z408	CSMD2 KIAA1884
Q7Z410	TMPRSS9
Q7Z418	KCNK18 TRESK TRIK
Q7Z443	PKD1L3
Q7Z4I7	LIMS2 PINCH2
Q7Z4N2	TRPM1 LTRPC1 MLSN MLSN1
Q7Z4W1	DCXR SDR20C1
Q7Z5N4	SDK1
Q7Z5R6	APBB1IP PREL1 RARP1 RIAM
Q7Z602	GPR141 PGR13
Q7Z614	SNX20 SLIC1
Q7Z698	SPRED2
Q7Z699	SPRED1
Q7Z6A9	BTLA
Q7Z6G3	NECAB2 EFCBP2
Q7Z6J2	TAMALIN GRASP
Q7Z6J4	FGD2 ZFYVE4
Q7Z6L0	PRRT2
Q7Z6M3	MILR1 C17orf60 MCA32
Q7Z6P3	RAB44
Q7Z7A4	PXK
Q7Z7D3	VTCN1 B7H4 UNQ659/PRO1291
Q7Z7G2	CPLX4
Q7Z7H3	CATIP C2orf62
Q86SJ2	AMIGO2 ALI1
Q86SJ6	DSG4 CDHF13
Q86SM8	MRGPRE GPR167 MRGE
Q86SQ3	ADGRE4P EMR4 EMR4P GPR127 PGR16
Q86SQ4	ADGRG6 DREG GPR126 VIGR
Q86SU0	ILDR1
Q86T03	PIP4P1 C14orf9 TMEM55B
Q86T26	TMPRSS11B HATL5
Q86TB3	ALPK2 HAK
Q86TG1	TMEM150A TMEM150
Q86TV6	TTC7B TTC7L1
Q86U90	YRDC DRIP3 IRIP
Q86UD0	SAPCD2 C9orf140
Q86UD5	SLC9B2 NHA2 NHEDC2
Q86UE6	LRRTM1 UNQ675/PRO1309
Q86UF1	TSPAN33 PEN
Q86UG4	SLCO6A1 OATP6A1 SLC21A19
Q86UK5	EVC2 LBN
Q86UL8	MAGI2 ACVRINP1 AIP1 KIAA0705
Q86UN2	RTN4RL1 NGRH2 NGRL2
Q86UN3	RTN4RL2 NGRH1 NGRL3
Q86UP0	CDH24 CDH11L UNQ2834/PRO34009
Q86UR1	NOXA1 P51NOX
Q86UR5	RIMS1 KIAA0340 RAB3IP2 RIM1 Nbla00761
Q86UT5	NHERF4 IKEPP PDZD3 PDZK2 DLNB27
Q86UW1	SLC51A OSTA
Q86UW2	SLC51B OSTB
Q86V24	ADIPOR2 PAQR2
Q86V40	TRABD2A C2orf89 TIKI1
Q86VB7	CD163 M130
Q86VE9	SERINC5 C5orf12
Q86VH5	LRRTM3 UNQ803/PRO1693
Q86VI4	LAPTM4B PSEC0001
Q86VL8	SLC47A2 MATE2
Q86VW1	SLC22A16 OCT6
Q86VW2	ARHGEF25 GEFT
Q86VZ1	P2RY8
Q86W26	NLRP10 NALP10 NOD8 PYNOD
Q86WA9	SLC26A11
Q86WB7	UNC93A
Q86WI1	PKHD1L1
Q86WK6	AMIGO1 ALI2 AMIGO KIAA1163
Q86WR0	CCDC25
Q86WS5	TMPRSS12
Q86WV1	SKAP1 SCAP1 SKAP55
Q86WV6	STING1 ERIS MITA STING TMEM173
Q86X29	LSR ILDR3 LISCH
Q86XE0	SNX32 SNX6B
Q86XJ0	CALHM3 FAM26A
Q86XM0	CATSPERD TMEM146
Q86XP1	DGKH
Q86XQ3	CATSPER3
Q86XR7	TICAM2 TIRAP3 TIRP TRAM
Q86XX4	FRAS1 KIAA1500
Q86Y34	ADGRG3 GPR97 PGR26
Q86Y78	LYPD6 UNQ3023/PRO9821
Q86YC3	NRROS LRRC33 UNQ3030/PRO9833
Q86YD1	PTOV1 ACID2 PP642 UNQ6127/PRO20092
Q86YD3	TMEM25 UNQ2531/PRO6030
Q86YD5	LDLRAD3 LRAD3
Q86YJ7	ANKRD13B
Q86YL7	PDPN GP36 PSEC0003 PSEC0025
Q86YR5	GPSM1 AGS3
Q86YS7	C2CD5 CDP138 KIAA0528
Q86YT5	SLC13A5 NACT
Q86YT6	MIB1 DIP1 KIAA1323 ZZANK2
Q86YT9	JAML AMICA1 UNQ722/PRO1387
Q86YW5	TREML1 TLT1 UNQ1825/PRO3438
Q86Z14	KLB
Q8IU80	TMPRSS6 UNQ354/PRO618
Q8IU99	CALHM1 FAM26C
Q8IUD2	ERC1 ELKS KIAA1081 RAB6IP2
Q8IUH5	ZDHHC17 HIP14 HIP3 HYPH KIAA0946 HSPC294
Q8IUK5	PLXDC1 TEM3 TEM7
Q8IUN9	CLEC10A CLECSF13 CLECSF14 HML
Q8IUW5	RELL1 PSEC0162
Q8IUY3	GRAMD2A GRAMD2
Q8IV16	GPIHBP1 HBP1
Q8IV77	CNGA4
Q8IVB4	SLC9A9 NHE9 Nbla00118
Q8IVE3	PLEKHH2 KIAA2028
Q8IVF7	FMNL3 FHOD3 FRL2 KIAA2014 WBP3
Q8IVI9	NOSTRIN
Q8IVJ1	SLC41A1
Q8IVL8	CPO
Q8IVM8	SLC22A9 hOAT4 OAT7 UST3
Q8IVQ6	ZDHHC21
Q8IVT5	KSR1 KSR
Q8IVW8	SPNS2
Q8IW00	VSTM4 C10orf72
Q8IW52	SLITRK4
Q8IW70	TMEM151B C6orf137 TMEM193
Q8IWA5	SLC44A2 CTL2 PSEC0210
Q8IWB1	ITPRIP DANGER KIAA1754
Q8IWE4	DCUN1D3 SCCRO3
Q8IWT1	SCN4B
Q8IWT6	LRRC8A KIAA1437 LRRC8 SWELL1 UNQ221/PRO247
Q8IWU4	SLC30A8 ZNT8
Q8IWV1	LAX1 LAX
Q8IWV2	CNTN4
Q8IWY4	SCUBE1
Q8IWZ6	BBS7 BBS2L1
Q8IX03	WWC1 KIAA0869 KIBRA
Q8IX05	CD302 CLEC13A DCL1 KIAA0022
Q8IXB3	TRARG1 IFITMD3 LOST1 TUSC5
Q8IXH8	CDH26
Q8IXJ6	SIRT2 SIR2L SIR2L2
Q8IXU6	SLC35F2
Q8IY33	MICALL2 JRAB
Q8IYB5	SMAP1
Q8IYJ3	SYTL1 SLP1 SB146
Q8IYL9	GPR65 TDAG8
Q8IYR6	TMEFF1 C9orf2
Q8IYS5	OSCAR
Q8IYV9	IZUMO1
Q8IZ07	ANKRD13A ANKRD13
Q8IZ08	GPR135
Q8IZA0	KIAA0319L AAVR KIAA1837 PP791
Q8IZD2	KMT2E MLL5
Q8IZD6	SLC22A15 FLIPT1 UNQ9429/PRO34686
Q8IZF0	NALCN VGCNL1
Q8IZF2	ADGRF5 GPR116 KIAA0758
Q8IZF4	ADGRG5 GPR114 PGR27 UNQ2524/PRO6017
Q8IZJ1	UNC5B P53RDL1 UNC5H2 UNQ1883/PRO4326
Q8IZJ3	CPAMD8 KIAA1283
Q8IZK6	MCOLN2
Q8IZP1	TBC1D3 PRC17 TBC1D3A
Q8IZP9	ADGRG2 GPR64 HE6 TM7LN2
Q8IZU9	KIRREL3 KIAA1867 NEPH2 UNQ5923/PRO4502/PRO19814
Q8IZY2	ABCA7
Q8J025	APCDD1 DRAPC1 FP7019
Q8N0W4	NLGN4X KIAA1260 NLGN4 UNQ365/PRO701
Q8N126	CADM3 IGSF4B NECL1 SYNCAM3 TSLL1 UNQ225/PRO258
Q8N130	SLC34A3 NPT2C NPTIIC
Q8N144	GJD3 GJA11 GJC1
Q8N149	LILRA2 ILT1 LIR7
Q8N158	GPC2
Q8N1C3	GABRG1
Q8N1I0	DOCK4 KIAA0716
Q8N1M1	BEST3 VMD2L3
Q8N1N2	DYNAP C18orf26
Q8N1W1	ARHGEF28 KIAA1998 RGNEF
Q8N271	PROM2 PROML2 UNQ2521/PRO6014
Q8N2C7	UNC80 C2orf21 KIAA1843
Q8N2G4	LYPD1 Lynx2 LYPDC1 PSEC0181 UNQ3079/PRO9917
Q8N2Q7	NLGN1 KIAA1070
Q8N2Y8	RUSC2 KIAA0375
Q8N307	MUC20 KIAA1359 UNQ2782/PRO7170
Q8N350	CBARP C19orf26
Q8N370	SLC43A2 LAT4 PP7664
Q8N387	MUC15 UNQ750/PRO1481
Q8N3E9	PLCD3 KIAA1964
Q8N3F8	MICALL1 KIAA1668 MIRAB13
Q8N3I7	BBS5
Q8N3J6	CADM2 IGSF4D NECL3
Q8N3R9	PALS1 MPP5
Q8N423	LILRB2 ILT4 LIR2 MIR10
Q8N490	PNKD KIAA1184 MR1 TAHCCP2 FKSG19 UNQ2491/PRO5778
Q8N4C7	STX19
Q8N4F4	SLC22A24
Q8N4L1	TMEM151A TMEM151
Q8N4L2	PIP4P2 TMEM55A
Q8N4S9	MARVELD2 TRIC
Q8N565	MREG DSU HDCGA21P
Q8N5H7	SH2D3C NSP3 UNQ272/PRO309/PRO34088
Q8N5I2	ARRDC1
Q8N608	DPP10 DPRP3 KIAA1492
Q8N695	SLC5A8 AIT SMCT SMCT1
Q8N6F1	CLDN19
Q8N6F7	GCSAM GAL GCET2
Q8N6P7	IL22RA1 IL22R
Q8N6Q3	CD177 NB1 PRV1 UNQ595/PRO1181
Q8N6U8	GPR161
Q8N743	KIR3DL3 CD158Z KIR3DL7 KIRC1
Q8N7C0	LRRC52
Q8N7J2	AMER2 FAM123A
Q8N884	CGAS C6orf150 MB21D1
Q8N912	NRAC C14orf180 C14orf77
Q8N9M5	TMEM102
Q8NA29	MFSD2A MFSD2 NLS1 HMFN0656 PP9177 UNQ300/PRO341
Q8NAC3	IL17RC UNQ6118/PRO20040/PRO38901
Q8NAU1	FNDC5 FRCP2
Q8NB16	MLKL
Q8NB49	ATP11C ATPIG ATPIQ
Q8NB66	UNC13C
Q8NBI5	SLC43A3 ENBT1 PSEC0252
Q8NBJ9	SIDT2 CGI-40 PSEC0072 UNQ685/PRO1325
Q8NBN3	TMEM87A GOLPHCAT PSEC0094
Q8NBQ7	AQP11 AQPX1 PSEC0027
Q8NBS3	SLC4A11 BTR1
Q8NBU5	ATAD1 FNP001
Q8NBV8	SYT8
Q8NC24	RELL2 C5orf16 UNQ9423/PRO34565
Q8NCB2	CAMKV
Q8NCG7	DAGLB
Q8NCK7	SLC16A11 MCT11
Q8NCM8	DYNC2H1 DHC1B DHC2 DNCH2 DYH1B KIAA1997
Q8NCS7	SLC44A5 CTL5
Q8NCT1	ARRDC4
Q8ND23	CARMIL3 C14orf121 LRRC16B
Q8ND76	CCNY C10orf9 CBCP1 CFP1
Q8NDX1	PSD4 EFA6B TIC
Q8NDX2	SLC17A8 VGLUT3
Q8NE01	CNNM3 ACDP3
Q8NE79	POPDC1 BVES POP1
Q8NEB5	PLPP5 DPPL1 HTPAP PPAPDC1B
Q8NEC5	CATSPER1
Q8NER1	TRPV1 VR1
Q8NET5	NFAM1 CNAIP
Q8NET8	TRPV3
Q8NEU8	APPL2 DIP13B
Q8NF37	LPCAT1 AYTL2 PFAAP3
Q8NF50	DOCK8
Q8NFA2	NOXO1 P41NOX SH3PXD5
Q8NFF2	SLC24A4 NCKX4
Q8NFJ5	GPRC5A GPCR5A RAI3 RAIG1
Q8NFJ6	PROKR2 GPR73L1 PKR2
Q8NFJ9	BBS1 BBS2L2
Q8NFM4	ADCY4
Q8NFM7	IL17RD IL17RLM SEF UNQ6115/PRO20026
Q8NFN8	GPR156 GABABL PGR28
Q8NFP4	MDGA1 MAMDC3
Q8NFR9	IL17RE UNQ3056/PRO9877
Q8NFT2	STEAP2 PCANAP1 STAMP1 UNQ6507/PRO23203
Q8NFT8	DNER BET UNQ262/PRO299
Q8NFU0	BEST4 VMD2L2
Q8NFU1	BEST2 VMD2L1
Q8NFY4	SEMA6D KIAA1479
Q8NFZ3	NLGN4Y KIAA0951
Q8NFZ4	NLGN2 KIAA1366
Q8NFZ8	CADM4 IGSF4C NECL4 TSLL2
Q8NG11	TSPAN14 TM4SF14
Q8NG98	OR7D4 OR7D4P
Q8NGC4	OR10G3
Q8NGI8	OR5AN1
Q8NHC4	OR10J5
Q8NHG7	SVIP
Q8NHG8	ZNRF2 RNF202
Q8NHJ6	LILRB4 ILT3 LIR5
Q8NHK3	KIR2DL5B CD158F CD158F2 KIR2DL5 KIR2DLX
Q8NHL6	LILRB1 ILT2 LIR1 MIR7
Q8NHU3	SGMS2 SMS2
Q8NHY3	GAS2L2 GAR17
Q8NI17	IL31RA CRL3 GPL UNQ6368/PRO21073/PRO21384
Q8NI35	PATJ CIPP INADL
Q8TAA9	VANGL1 STB2
Q8TAB3	PCDH19 KIAA1313
Q8TAC9	SCAMP5
Q8TAD4	SLC30A5 ZNT5 ZNTL1 ZTL1 UNQ863/PRO1879
Q8TAE7	KCNG3
Q8TAF8	LHFPL5 TMHS
Q8TAM2	TTC8 BBS8
Q8TAV3	CYP2W1
Q8TAX9	GSDMB GSDML PP4052 PRO2521
Q8TB68	PRR7
Q8TBE1	CNIH3
Q8TBE7	SLC35G2 TMEM22
Q8TBJ4	PLPPR1 LPPR1 PRG3
Q8TC26	TMEM163
Q8TC92	ENOX1 PIG38
Q8TCC7	SLC22A8 OAT3
Q8TCG2	PI4K2B
Q8TCQ1	MARCHF1 MARCH1 RNF171
Q8TCT0	CERK KIAA1646
Q8TCT7	SPPL2B IMP4 KIAA1532 PSL1
Q8TCT9	HM13 H13 IMP1 PSL3 SPP MSTP086
Q8TCU3	SLC7A13 AGT1 XAT2
Q8TCU5	GRIN3A KIAA1973
Q8TCU6	PREX1 KIAA1415
Q8TCY5	MRAP C21orf61 FALP
Q8TCZ2	CD99L2 MIC2L1 UNQ1964/PRO4486
Q8TD43	TRPM4 LTRPC4
Q8TD46	CD200R1 CD200R CRTR2 MOX2R OX2R UNQ2522/PRO6015
Q8TD84	DSCAML1 DSCAM2 KIAA1132
Q8TDB8	SLC2A14 GLUT14
Q8TDD5	MCOLN3
Q8TDF5	NETO1 BTCL1
Q8TDF6	RASGRP4
Q8TDI7	TMC2 C20orf145 UNQ907/PRO1928
Q8TDI8	TMC1
Q8TDM5	SPACA4 SAMP14 UNQ3046/PRO9862
Q8TDM6	DLG5 KIAA0583 PDLG
Q8TDN1	KCNG4 KCNG3
Q8TDN2	KCNV2
Q8TDQ0	HAVCR2 TIM3 TIMD3
Q8TDQ1	CD300LF CD300F CLM1 IGSF13 IREM1 NKIR UNQ3105/PRO10111
Q8TDS4	HCAR2 GPR109A HCA2 HM74A NIACR1
Q8TDS7	MRGPRD MRGD
Q8TDT2	GPR152 PGR5
Q8TDU6	GPBAR1 TGR5
Q8TDV0	GPR151 GALR4 GALRL PGR7
Q8TDW0	LRRC8C AD158 FAD158
Q8TDX9	PKD1L1 PC1L1 UNQ5785/PRO19563
Q8TE23	TAS1R2 GPR71 T1R2 TR2
Q8TE54	SLC26A7 SUT2
Q8TEH3	DENND1A FAM31A KIAA1608
Q8TEU7	RAPGEF6 PDZGEF2
Q8TEW0	PARD3 PAR3 PAR3A
Q8TEZ7	PAQR8 C6orf33 LMPB1 MPRB
Q8TF17	SH3TC2 KIAA1985 PP12494
Q8TF62	ATP8B4 KIAA1939
Q8TF66	LRRC15 LIB
Q8TF71	SLC16A10 MCT10 TAT1
Q8TF72	SHROOM3 KIAA1481 SHRML MSTP013
Q8WTR4	GDPD5 GDE2 PP6037 PP9363 UNQ1850/PRO3580
Q8WTT0	CLEC4C BDCA2 CLECSF11 CLECSF7 DLEC HECL UNQ9361/PRO34150
Q8WTV0	SCARB1 CD36L1 CLA1
Q8WU08	STK32A YANK1
Q8WUD1	RAB2B
Q8WUG5	SLC22A17 BOCT BOIT
Q8WUJ3	CEMIP HYBID KIAA1199
Q8WUM9	SLC20A1 GLVR1 PIT1
Q8WUU8	TMEM174
Q8WUX1	SLC38A5 JM24 SN2 SNAT5 PP7194
Q8WV28	BLNK BASH SLP65
Q8WVF1	OSCP1 C1orf102 NOR1
Q8WVN6	SECTM1 K12
Q8WVQ1	CANT1 SHAPY
Q8WVZ1	ZDHHC19
Q8WWA0	ITLN1 INTL ITLN LFR UNQ640/PRO1270
Q8WWI5	SLC44A1 CD92 CDW92 CTL1
Q8WWL2	SPIRE2 KIAA1832 SPIR2
Q8WWN8	ARAP3 CENTD3
Q8WWN9	IPCEF1 KIAA0403
Q8WWQ8	STAB2 FEEL2 FELL FEX2 HARE
Q8WWR8	NEU4 LP5125
Q8WWT9	SLC13A3 NADC3 SDCT2
Q8WWV6	FCAMR FKSG87
Q8WWX8	SLC5A11 KST1 SLGTX SMIT2
Q8WWY8	LIPH LPDLR MPAPLA1 PLA1B
Q8WWZ7	ABCA5 KIAA1888
Q8WXA8	HTR3C
Q8WXD0	RXFP2 GPR106 GREAT LGR8
Q8WXG6	MADD DENN IG20 KIAA0358
Q8WXG9	ADGRV1 GPR98 KIAA0686 KIAA1943 MASS1 VLGR1
Q8WXH0	SYNE2 KIAA1011 NUA
Q8WXH2	JPH3 JP3 TNRC22
Q8WXH6	RAB40A
Q8WXI7	MUC16 CA125
Q8WXI8	CLEC4D CLECSF8 MCL
Q8WXS5	CACNG8 CACNG6
Q8WXX5	DNAJC9
Q8WY07	SLC7A3 ATRC3 CAT3
Q8WY64	MYLIP BZF1 IDOL BM-023 PP5242
Q8WYR1	PIK3R5
Q8WZ55	BSND BART
Q8WZ73	RFFL RNF189 RNF34L
Q92186	ST8SIA2 SIAT8B STX
Q92478	CLEC2B AICL CLECSF2 IFNRG1
Q92482	AQP3
Q92485	SMPDL3B ASML3B ASMLPD
Q92508	PIEZO1 FAM38A KIAA0233
Q92536	SLC7A6 KIAA0245
Q92556	ELMO1 KIAA0281
Q92581	SLC9A6 KIAA0267 NHE6
Q92597	NDRG1 CAP43 DRG1 RTP
Q92619	ARHGAP45 HMHA1 KIAA0223
Q92629	SGCD
Q92633	LPAR1 EDG2 LPA1
Q92637	FCGR1BP FCGR1B IGFRB
Q92673	SORL1 C11orf32
Q92681	RSC1A1
Q92692	NECTIN2 HVEB PRR2 PVRL2
Q92729	PTPRU FMI PCP2 PTPRO
Q92730	RND1 RHO6
Q92737	RASL10A RRP22
Q92743	HTRA1 HTRA PRSS11
Q92797	SYMPK SPK
Q92819	HAS2
Q92823	NRCAM KIAA0343
Q92835	INPP5D SHIP SHIP1
Q92838	EDA ED1 EDA2
Q92847	GHSR
Q92854	SEMA4D C9orf164 CD100 SEMAJ
Q92859	NEO1 IGDCC2 NGN
Q92887	ABCC2 CMOAT CMOAT1 CMRP MRP2
Q92911	SLC5A5 NIS
Q92913	FGF13 FHF2
Q92930	RAB8B
Q92953	KCNB2
Q92956	TNFRSF14 HVEA HVEM UNQ329/PRO509
Q92959	SLCO2A1 OATP2A1 SLC21A2
Q92963	RIT1 RIBB RIT ROC1
Q92974	ARHGEF2 KIAA0651 LFP40
Q92982	NINJ1
Q93038	TNFRSF25 APO3 DDR3 DR3 TNFRSF12 WSL WSL1 UNQ455/PRO779
Q93052	LPP
Q93070	ART4 DO DOK1
Q93086	P2RX5 P2X5 P2X5FL
Q93096	PTP4A1 PRL1 PTPCAAX1
Q93100	PHKB
Q95460	MR1
Q969F2	NKD2
Q969F8	KISS1R AXOR12 GPR54
Q969G9	NKD1 NKD PP7246
Q969I6	SLC38A4 ATA3 NAT3 SNAT4
Q969K3	RNF34
Q969L2	MAL2
Q969N4	TAAR8 GPR102 TA5 TAR5 TRAR5
Q969P0	IGSF8 CD81P3 EWI2 KCT4
Q969V1	MCHR2 GPR145 SLT
Q969Z4	RELT TNFRSF19L
Q96A49	SYAP1 PRO3113
Q96A54	ADIPOR1 PAQR1 TESBP1A CGI-45
Q96AC1	FERMT2 KIND2 MIG2 PLEKHC1
Q96AD5	PNPLA2 ATGL FP17548
Q96AE7	TTC17
Q96AP7	ESAM UNQ220/PRO246
Q96B67	ARRDC3 KIAA1376
Q96B86	RGMA RGM
Q96BD0	SLCO4A1 OATP1 OATP4A1 OATPE SLC21A12
Q96BF3	TMIGD2 CD28H IGPR1 UNQ3059/PRO9879
Q96BI1	SLC67A1 BWR1A BWSCR1A HET IMPT1 ITM ORCTL2 SLC22A18 SLC22A1L TSSC5
Q96BS2	TESC CHP3
Q96C24	SYTL4
Q96CP6	GRAMD1A KIAA1533
Q96CP7	TLCD1
Q96CW1	AP2M1 CLAPM1 KIAA0109
Q96CW9	NTNG2 KIAA1857 LMNT2 UNQ9381/PRO34206
Q96CX2	KCTD12 C13orf2 KIAA1778 PFET1
Q96D21	RASD2 TEM2
Q96D31	ORAI1 CRACM1 TMEM142A
Q96D42	HAVCR1 KIM1 TIM1 TIMD1
Q96D53	COQ8B ADCK4
Q96D96	HVCN1 VSOP UNQ578/PRO1140
Q96DA0	ZG16B PAUF UNQ773/PRO1567
Q96DA2	RAB39B
Q96DB9	FXYD5 DYSAD IWU1 HSPC113 UNQ2561/PRO6241
Q96DU3	SLAMF6 KALI UNQ6123/PRO20080
Q96DZ5	CLIP3 CLIPR59
Q96E17	RAB3C
Q96E35	ZMYND19 MIZIP
Q96E93	KLRG1 CLEC15A MAFA MAFAL
Q96EP9	SLC10A4
Q96EV8	DTNBP1 BLOC1S8 My031
Q96EY1	DNAJA3 HCA57 TID1
Q96F46	IL17RA IL17R
Q96FE5	LINGO1 LERN1 LRRN6A UNQ201/PRO227
Q96FE7	PIK3IP1 HGFL
Q96FL8	SLC47A1 MATE1
Q96FN4	CPNE2
Q96FT7	ASIC4 ACCN4
Q96FV3	TSPAN17 FBXO23 TM4SF17
Q96FX8	PERP KCP1 KRTCAP1 PIGPC1 THW
Q96G30	MRAP2 C6orf117
Q96G91	P2RY11
Q96GC9	VMP1 TDC1 TMEM49 HSPC292
Q96GD0	PDXP CIN PLP PLPP
Q96GR2	ACSBG1 BGM KIAA0631 LPD
Q96GS6	ABHD17A C19orf27 FAM108A1
Q96GX8	CLMB C16orf74 MICT1
Q96H15	TIMD4 TIM4
Q96HD9	ACY3 ASPA2
Q96HU8	DIRAS2
Q96I34	PPP1R16A MYPT3
Q96IF1	AJUBA JUB
Q96IZ2	ADTRP C6orf105
Q96J02	ITCH
Q96J42	TXNDC15 C5orf14 UNQ335/PRO534
Q96J66	ABCC11 MRP8
Q96J84	KIRREL1 KIRREL NEPH1
Q96JA1	LRIG1 LIG1
Q96JJ6	JPH4 JPHL1 KIAA1831
Q96JP9	CDHR1 KIAA1775 PCDH21 PRCAD
Q96JQ0	DCHS1 CDH19 CDH25 FIB1 KIAA1773 PCDH16
Q96JW4	SLC41A2
Q96KG7	MEGF10 KIAA1780
Q96KK3	KCNS1
Q96KK4	OR10C1 OR10C2
Q96KN9	GJD4 CX40.1
Q96L08	SUSD3 UNQ9387/PRO34275
Q96L33	RHOV ARHV WRCH2
Q96L46	CAPNS2
Q96LA5	FCRL2 FCRH2 IFGP4 IRTA4 SPAP1 UNQ9236/PRO31998
Q96LA6	FCRL1 FCRH1 IFGP1 IRTA5
Q96LA9	MRGPRX4 MRGX4 SNSR5 SNSR6
Q96LB1	MRGPRX2 MRGX2
Q96LB2	MRGPRX1 MRGX1 SNSR3 SNSR4
Q96LC7	SIGLEC10 SLG2 UNQ477/PRO940
Q96LD1	SGCZ
Q96LR9	APOLD1 VERGE
Q96MF2	STAC3
Q96MP8	KCTD7
Q96MU8	KREMEN1 KREMEN KRM1
Q96N96	SPATA13
Q96NE9	FRMD6 C14orf31
Q96NR3	PTCHD1
Q96NT5	SLC46A1 G21 HCP1 PCFT
Q96NW4	ANKRD27 PP12899
Q96NX5	CAMK1G CLICK3 VWS1
Q96NY7	CLIC6 CLIC1L
Q96NY8	NECTIN4 LNIR PRR4 PVRL4
Q96P31	FCRL3 FCRH3 IFGP3 IRTA3 SPAP2
Q96P48	ARAP1 CENTD2 KIAA0782
Q96P56	CATSPER2
Q96P65	QRFPR GPR103
Q96P66	GPR101
Q96P68	OXGR1 GPR80 GPR99 P2RY15 P2Y15
Q96PE1	ADGRA2 GPR124 KIAA1531 TEM5
Q96PE3	INPP4A
Q96PH1	NOX5
Q96PJ5	FCRL4 FCRH4 IFGP2 IRTA1
Q96PL5	ERMAP RD SC
Q96PN6	ADCY10 SAC
Q96PQ0	SORCS2 KIAA1329
Q96PR1	KCNC2
Q96PS8	AQP10
Q96PX9	PLEKHG4B KIAA1909
Q96Q06	PLIN4 KIAA1881
Q96Q91	SLC4A9 AE4 SBC5
Q96QA5	GSDMA GSDM GSDM1 FKSG9
Q96QD8	SLC38A2 ATA2 KIAA1382 SAT2 SNAT2
Q96QE2	SLC2A13
Q96QG7	MTMR9 C8orf9 MTMR8
Q96QT4	TRPM7 CHAK1 LTRPC7
Q96QU1	PCDH15 USH1F
Q96QV1	HHIP HIP UNQ5825/PRO19644
Q96QZ7	MAGI1 AIP3 BAIAP1 BAP1 TNRC19
Q96RD6	PANX2
Q96RD7	PANX1 MRS1 UNQ2529/PRO6028
Q96RD9	FCRL5 FCRH5 IRTA2 UNQ503/PRO820
Q96RF0	SNX18 SH3PXD3B
Q96RI0	F2RL3 PAR4
Q96RI8	TAAR6 TA4 TAR4 TRAR4
Q96RI9	TAAR9 TA3 TAR3 TRAR3
Q96RJ0	TAAR1 TA1 TAR1 TRAR1
Q96RK4	BBS4
Q96RT1	ERBIN ERBB2IP KIAA1225 LAP2
Q96RU3	FNBP1 FBP17 KIAA0554
Q96S21	RAB40C RARL RASL8C
Q96S37	SLC22A12 OATL4 URAT1 UNQ6453/PRO34004
Q96S59	RANBP9 RANBPM
Q96SA4	SERINC2 TDE2L FKSG84 UNQ263/PRO300
Q96SB3	PPP1R9B PPP1R6
Q96SN7	ORAI2 C7orf19 CBCIP2 TMEM142B PP1729
Q96T49	PPP1R16B ANKRD4 KIAA0823
Q96T54	KCNK17 TALK2 TASK4 UNQ5816/PRO19634
Q96T55	KCNK16 TALK1
Q96T83	SLC9A7 NHE7
Q99062	CSF3R GCSFR
Q99075	HBEGF DTR DTS HEGFL
Q99102	MUC4
Q99250	SCN2A HBA NAC2 SCN2A1 SCN2A2
Q99418	CYTH2 ARNO PSCD2 PSCD2L
Q99466	NOTCH4 INT3
Q99467	CD180 LY64 RP105
Q99469	STAC STAC1
Q99497	PARK7
Q99500	S1PR3 C9orf108 C9orf47 EDG3
Q99519	NEU1 NANH
Q99523	SORT1
Q99527	GPER1 CEPR CMKRL2 DRY12 GPER GPR30
Q99569	PKP4
Q99571	P2RX4
Q99572	P2RX7
Q99578	RIT2 RIN ROC2
Q99623	PHB2 BAP REA
Q99624	SLC38A3 G17 NAT1 SN1 SNAT3
Q99653	CHP1 CHP
Q99677	LPAR4 GPR23 LPA4 P2RY9
Q99678	GPR20
Q99689	FEZ1
Q99705	MCHR1 GPR24 SLC1
Q99706	KIR2DL4 CD158D KIR103AS
Q99712	KCNJ15 KCNJ14
Q99720	SIGMAR1 OPRS1 SRBP AAG8
Q99732	LITAF PIG7 SIMPLE
Q99755	PIP5K1A
Q99788	CMKLR1 CHEMR23 DEZ
Q99808	SLC29A1 ENT1
Q99828	CIB1 CIB KIP PRKDCIP
Q99829	CPNE1 CPN1
Q99835	SMO SMOH
Q99884	SLC6A7 PROT
Q99928	GABRG3
Q99942	RNF5 G16 NG2 RMA1
Q99946	PRRT1 C6orf31 NG5
Q9BPZ7	MAPKAP1 MIP1 SIN1
Q9BQ31	KCNS3
Q9BQ51	PDCD1LG2 B7DC CD273 PDCD1L2 PDL2
Q9BQG1	SYT3
Q9BQI0	AIF1L C9orf58 IBA2 UNQ672/PRO1306
Q9BQL6	FERMT1 C20orf42 KIND1 URP1
Q9BQS2	SYT15
Q9BQS7	HEPH KIAA0698 UNQ2562/PRO6242
Q9BQT9	CLSTN3 CS3 KIAA0726
Q9BR39	JPH2 JP2
Q9BRC7	PLCD4
Q9BRI3	SLC30A2 ZNT2
Q9BRK3	MXRA8
Q9BRK5	SDF4 CAB45 PSEC0034
Q9BRN9	TM2D3 BLP2
Q9BRQ5	ORAI3 TMEM142C
Q9BRQ8	AIFM2 AMID PRG3
Q9BRT3	MIEN1 C17orf37 RDX12 XTP4
Q9BRV3	SLC50A1 RAG1AP1 SCP
Q9BSA4	TTYH2 C17orf29
Q9BSF0	AKAP19 C2orf88
Q9BSJ8	ESYT1 FAM62A KIAA0747 MBC2
Q9BSW2	CRACR2A EFCAB4B RAB46
Q9BT92	TCHP
Q9BTN0	LRFN3 SALM4 UNQ5865/PRO34192
Q9BTU6	PI4K2A
Q9BTV4	TMEM43 UNQ2564/PRO6244
Q9BTW9	TBCD KIAA0988 SSD1 TFCD PP1096
Q9BUF7	CRB3 UNQ588/PRO1158
Q9BUL8	PDCD10 CCM3 TFAR15
Q9BUZ4	TRAF4 CART1 MLN62 RNF83
Q9BV40	VAMP8
Q9BV57	ADI1 MTCBP1 HMFT1638
Q9BVK8	TMEM147
Q9BVT8	TMUB1 C7orf21 DULP HOPS SB144 UNQ763/PRO1555
Q9BWL3	LTAP1 C1orf43 NICE3 NS5ATP4 HSPC012
Q9BWQ8	FAIM2 KIAA0950 LFG LFG2 NMP35 TMBIM2
Q9BWV1	BOC UNQ604/PRO1190
Q9BX59	TAPBPL
Q9BX66	SORBS1 KIAA0894 KIAA1296 SH3D5
Q9BX67	JAM3 UNQ859/PRO1868
Q9BX79	STRA6 PP14296 UNQ3126/PRO10282/PRO19578
Q9BX84	TRPM6 CHAK2
Q9BX95	SGPP1 SPP1
Q9BX97	PLVAP FELS PV1
Q9BXA5	SUCNR1 GPR91
Q9BXB1	LGR4 GPR48
Q9BXC0	HCAR1 GPR104 GPR81 HCA1 FKSG80
Q9BXC1	GPR174 FKSG79 GPCR17
Q9BXC9	BBS2
Q9BXJ0	C1QTNF5 CTRP5 UNQ303/PRO344
Q9BXJ7	AMN UNQ513/PRO1028
Q9BXJ8	TMEM120A TACAN TMPIT
Q9BXM0	PRX KIAA1620
Q9BXN2	CLEC7A BGR CLECSF12 DECTIN1 UNQ539/PRO1082
Q9BXP2	SLC12A9 CCC6 CIP1
Q9BXS4	TMEM59 C1orf8 HSPC001 UNQ169/PRO195
Q9BXS9	SLC26A6
Q9BXU9	CALN1 CABP8
Q9BY07	SLC4A5 NBC4
Q9BY10	SLC46A2 TSCOT
Q9BY11	PACSIN1 KIAA1379
Q9BY14	TEX101 SGRG UNQ867/PRO1884
Q9BY15	ADGRE3 EMR3 UNQ683/PRO1562
Q9BY67	CADM1 IGSF4 IGSF4A NECL2 SYNCAM TSLC1
Q9BY79	MFRP
Q9BYE2	TMPRSS13 MSP TMPRSS11
Q9BYE9	CDHR2 PCDH24 PCLKC
Q9BYF1	ACE2 UNQ868/PRO1885
Q9BYG4	PARD6G PAR6G
Q9BYG5	PARD6B PAR6B
Q9BYG8	GSDMC MLZE
Q9BYI3	HYCC1 DRCTNNB1A FAM126A
Q9BYT9	ANO3 C11orf25 TMEM16C GENX-3947
Q9BYW1	SLC2A11 GLUT11
Q9BZ11	ADAM33 C20orf153 UNQ873/PRO1891
Q9BZ67	FRMD8 FKSG44
Q9BZ72	PITPNM2 KIAA1457 NIR3
Q9BZA7	PCDH11X KIAA1326 PCDH11 PCDHX
Q9BZA8	PCDH11Y PCDH11 PCDH22 PCDHY
Q9BZD2	SLC29A3 ENT3 UNQ717/PRO1380
Q9BZD6	PRRG4 PRGP4 TMG4
Q9BZF2	OSBPL7 ORP7
Q9BZF3	OSBPL6 ORP6
Q9BZJ7	GPR62
Q9BZJ8	GPR61 BALGR GPCR3
Q9BZL6	PRKD2 PKD2 HSPC187
Q9BZM2	PLA2G2F
Q9BZM4	ULBP3 N2DL3 RAET1N
Q9BZM5	ULBP2 N2DL2 RAET1H UNQ463/PRO791
Q9BZM6	ULBP1 N2DL1 RAET1I
Q9BZR6	RTN4R NOGOR UNQ330/PRO526
Q9BZW2	SLC13A1 NAS1 NASI1
Q9BZW8	CD244 2B4
Q9BZZ2	SIGLEC1 SN
Q9C004	SPRY4
Q9C0A0	CNTNAP4 CASPR4 KIAA1763
Q9C0B5	ZDHHC5 KIAA1748 ZNF375
Q9C0C4	SEMA4C KIAA1739 SEMAI UNQ5855/PRO34487
Q9C0H2	TTYH3 KIAA1691
Q9C0K1	SLC39A8 BIGM103 ZIP8 PP3105
Q9GZM5	YIPF3 C6orf109 KLIP1
Q9GZN0	GPR88 STRG
Q9GZQ4	NMUR2 NMU2 NMU2R TGR1
Q9GZQ6	NPFFR1 GPR147 NPFF1
Q9GZU1	MCOLN1 ML4 TRPML1 MSTP080
Q9GZV3	SLC5A7 CHT1
Q9GZV5	WWTR1 TAZ
Q9GZY6	LAT2 LAB NTAL WBS15 WBSCR15 WBSCR5 HSPC046
Q9GZZ6	CHRNA10 NACHRA10
Q9GZZ7	GFRA4
Q9H015	SLC22A4 ETT OCTN1 UT2H
Q9H0C2	SLC25A31 AAC4 ANT4 SFEC
Q9H0F7	ARL6 BBS3
Q9H0H5	RACGAP1 KIAA1478 MGCRACGAP
Q9H0M0	WWP1
Q9H0Q3	FXYD6 UNQ521/PRO1056
Q9H0U3	MAGT1 IAG2 PSEC0084 UNQ628/PRO1244
Q9H156	SLITRK2 CXorf2 KIAA1854 SLITL1 UNQ9197/PRO34756
Q9H159	CDH19 CDH7L2 UNQ478/PRO941
Q9H172	ABCG4 WHITE2
Q9H190	SDCBP2 SITAC18
Q9H1D0	TRPV6 ECAC2
Q9H1K0	RBSN ZFYVE20
Q9H1P3	OSBPL2 KIAA0772 ORP2
Q9H1R2	DUSP15 C20orf57 VHY
Q9H1Y3	OPN3 ECPN
Q9H221	ABCG8
Q9H222	ABCG5
Q9H223	EHD4 HCA10 HCA11 PAST4 FKSG7
Q9H228	S1PR5 EDG8
Q9H244	P2RY12 HORK3
Q9H251	CDH23 KIAA1774 KIAA1812 UNQ1894/PRO4340
Q9H252	KCNH6 ERG2
Q9H255	OR51E2 PSGR
Q9H295	DCSTAMP TM7SF4
Q9H299	SH3BGRL3 P1725
Q9H2A7	CXCL16 SCYB16 SRPSOX UNQ2759/PRO6714
Q9H2B4	SLC26A1 SAT1
Q9H2E6	SEMA6A KIAA1368 SEMAQ
Q9H2H9	SLC38A1 ATA1 NAT2 SAT1 SNAT1
Q9H2K8	TAOK3 DPK JIK KDS MAP3K18
Q9H2X3	CLEC4M CD209L CD209L1 CD299
Q9H2X9	SLC12A5 KCC2 KIAA1176
Q9H310	RHBG
Q9H313	TTYH1
Q9H3M0	KCNF1
Q9H3N8	HRH4 GPCR105
Q9H3R2	MUC13 DRCC1 RECC UNQ6194/PRO20221
Q9H3S1	SEMA4A SEMAB SEMB UNQ783/PRO1317
Q9H3S3	TMPRSS5
Q9H3T2	SEMA6C KIAA1869 SEMAY
Q9H3T3	SEMA6B SEMAN SEMAZ UNQ1907/PRO4353
Q9H3Z4	DNAJC5 CLN4
Q9H400	LIME1 LIME LP8067
Q9H461	FZD8
Q9H4A6	GOLPH3 GPP34
Q9H4D0	CLSTN2 CS2
Q9H4E5	RHOJ ARHJ RASL7B RHOI TCL
Q9H4E7	DEF6 IBP
Q9H4L5	OSBPL3 KIAA0704 ORP3 OSBP3
Q9H4M9	EHD1 PAST PAST1 CDABP0131
Q9H5I5	PIEZO2 C18orf30 C18orf58 FAM38B
Q9H5V8	CDCP1 TRASK UNQ2486/PRO5773
Q9H5Y7	SLITRK6
Q9H6B4	CLMP ACAM ASAM UNQ318/PRO363
Q9H6D3	XKR8 XRG8
Q9H6L2	TMEM231 UNQ870/PRO1886
Q9H6Q3	SLA2 C20orf156 SLAP2
Q9H6X2	ANTXR1 ATR TEM8
Q9H6Y7	RNF167 RING105 LP2254
Q9H7D0	DOCK5
Q9H7M9	VSIR C10orf54 SISP1 VISTA PP2135 UNQ730/PRO1412
Q9H7V2	SYNDIG1 C20orf39 TMEM90B
Q9H813	PACC1 C1orf75 TMEM206
Q9H8M5	CNNM2 ACDP2
Q9H8T0	AKTIP FTS
Q9H977	WDR54
Q9H9K5	ERVMER34-1 HEMO LP9056
Q9H9S5	FKRP
Q9HA72	CALHM2 FAM26B
Q9HAB3	SLC52A2 GPR172A PAR1 RFT3
Q9HAP6	LIN7B MALS2 VELI2 UNQ3116/PRO10200
Q9HAR2	ADGRL3 KIAA0768 LEC3 LPHN3
Q9HAS3	SLC28A3 CNT3
Q9HAU4	SMURF2
Q9HB14	KCNK13
Q9HB15	KCNK12
Q9HB19	PLEKHA2 TAPP2
Q9HB21	PLEKHA1 TAPP1
Q9HB89	NMUR1 GPR66 NMU1
Q9HBA0	TRPV4 VRL2 VROAC
Q9HBB8	CDHR5 MUCDHL MUPCDH UNQ2781/PRO7168
Q9HBG4	ATP6V0A4 ATP6N1B ATP6N2
Q9HBG7	LY9 CDABP0070
Q9HBH0	RHOF ARHF RIF
Q9HBI0	PARVG
Q9HBI1	PARVB CGI-56
Q9HBJ8	CLTRN TMEM27 UNQ679/PRO1312
Q9HBM0	VEZT
Q9HBT6	CDH20 CDH7L3
Q9HBU9	POPDC2 POP2
Q9HBW0	LPAR2 EDG4 LPA2
Q9HBW1	LRRC4 BAG NAG14 UNQ554/PRO1111
Q9HBW9	ADGRL4 ELTD1 ETL UNQ202/PRO228
Q9HBX8	LGR6 UNQ6427/PRO21331 VTS20631
Q9HBX9	RXFP1 LGR7
Q9HBY0	NOX3 MOX2
Q9HC10	OTOF FER1L2
Q9HC29	NOD2 CARD15
Q9HC58	SLC24A3 NCKX3
Q9HC73	CRLF2 CRL2 ILXR TSLPR
Q9HC97	GPR35
Q9HCC8	GDPD2 GDE3 OBDPF UNQ1935/PRO4418
Q9HCE7	SMURF1 KIAA1625
Q9HCE9	ANO8 KIAA1623 TMEM16H
Q9HCF6	TRPM3 KIAA1616 LTRPC3
Q9HCH5	SYTL2 KIAA1597 SGA72M SLP2 SLP2A
Q9HCI5	MAGEE1 HCA1 KIAA1587
Q9HCJ1	ANKH KIAA1581 UNQ241/PRO274
Q9HCJ2	LRRC4C KIAA1580 NGL1 UNQ292/PRO331
Q9HCM2	PLXNA4 KIAA1550 PLXNA4A PLXNA4B UNQ2820/PRO34003
Q9HCM4	EPB41L5 KIAA1548
Q9HCN3	PGAP6 TMEM6 TMEM8 TMEM8A
Q9HCN6	GP6
Q9HCU4	CELSR2 CDHF10 EGFL2 KIAA0279 MEGF3
Q9HCX4	TRPC7 TRP7
Q9HD43	PTPRH SAP1
Q9HD47	RANGRF MOG1 RANGNRF HSPC165 HSPC236 MDS5
Q9HD67	MYO10 KIAA0799
Q9HDB5	NRXN3 KIAA0743
Q9HDC5	JPH1 JP1
Q9N2K0	
Q9NNX6	CD209 CLEC4L
Q9NP58	ABCB6 MTABC3 PRP UMAT
Q9NP59	SLC40A1 FPN FPN1 IREG1 SLC11A3 MSTP079
Q9NP72	RAB18
Q9NP85	NPHS2
Q9NP90	RAB9B RAB9L
Q9NP91	SLC6A20 SIT1 XT3 XTRP3
Q9NP94	SLC39A2 ZIP2
Q9NP99	TREM1
Q9NPA2	MMP25 MMP20 MMPL1 MT6MMP
Q9NPB3	CABP2
Q9NPB6	PARD6A PAR6A
Q9NPB9	ACKR4 CCBP2 CCR11 CCRL1 VSHK1
Q9NPC1	LTB4R2 BLT2R BLTR2
Q9NPC2	KCNK9 TASK3
Q9NPD5	SLCO1B3 LST2 OATP1B3 OATP8 SLC21A8
Q9NPF0	CD320 8D6A UNQ198/PRO224
Q9NPF8	ADAP2 CENTA2
Q9NPG1	FZD3
Q9NPG4	PCDH12 UNQ395/PRO731
Q9NPG8	ZDHHC4 ZNF374 DC1 UNQ5787/PRO19576
Q9NPH3	IL1RAP C3orf13 IL1R3
Q9NPH5	NOX4 RENOX
Q9NPI9	KCNJ16
Q9NPY3	CD93 C1QR1 MXRA4
Q9NQ40	SLC52A3 C20orf54 RFT2 RFVT3
Q9NQ84	GPRC5C RAIG3 PSEC0087
Q9NQ90	ANO2 C12orf3 TMEM16B
Q9NQA5	TRPV5 ECAC1
Q9NQC3	RTN4 KIAA0886 NOGO My043 SP1507
Q9NQC7	CYLD CYLD1 KIAA0849 HSPC057
Q9NQS3	NECTIN3 PRR3 PVRL3
Q9NQS5	GPR84 EX33
Q9NQW8	CNGB3
Q9NQX3	GPHN GPH KIAA1385
Q9NQX7	ITM2C BRI3 hucep-14 NPD018 PSEC0047
Q9NQZ6	ZC4H2 HCA127 KIAA1166
Q9NR16	CD163L1 CD163B M160 UNQ6434/PRO23202
Q9NR22	PRMT8 HRMT1L3 HRMT1L4
Q9NR61	DLL4 UNQ1895/PRO4341
Q9NR71	ASAH2 HNAC1
Q9NR80	ARHGEF4 KIAA1112
Q9NR82	KCNQ5
Q9NRA1	PDGFC SCDGF UNQ174/PRO200
Q9NRA2	SLC17A5
Q9NRD8	DUOX2 LNOX2 THOX2
Q9NRD9	DUOX1 DUOX LNOX1 THOX1
Q9NRM0	SLC2A9 GLUT9
Q9NRM6	IL17RB CRL4 EVI27 IL17BR UNQ2501/PRO19612
Q9NRQ2	PLSCR4 GIG43
Q9NRR3	CDC42SE2 SPEC2
Q9NRR6	INPP5E
Q9NRR8	CDC42SE1 SPEC1
Q9NRS4	TMPRSS4 TMPRSS3 UNQ776/PRO1570
Q9NRY4	ARHGAP35 GRF1 GRLF1 KIAA1722 P190A p190ARHOGAP
Q9NS40	KCNH7 ERG3
Q9NS61	KCNIP2 KCHIP2
Q9NS75	CYSLTR2 CYSLT2 CYSLT2R PSEC0146
Q9NS82	SLC7A10 ASC1
Q9NS86	LANCL2 GPR69B TASP
Q9NSA0	SLC22A11 OAT4
Q9NSA2	KCND1
Q9NSB8	HOMER2
Q9NSD5	SLC6A13 GAT2
Q9NSI5	IGSF5 JAM4
Q9NSI6	BRWD1 C21orf107 WDR9
Q9NT68	TENM2 KIAA1127 ODZ2 TNM2
Q9NT99	LRRC4B LRIG4
Q9NTG1	PKDREJ
Q9NTI2	ATP8A2 ATPIB
Q9NTN9	SEMA4G KIAA1619
Q9NTQ9	GJB4
Q9NUM3	SLC39A9 ZIP9 UNQ714/PRO1377
Q9NUM4	TMEM106B
Q9NUN5	LMBRD1 C6orf209 NESI BM-021 CD001 MSTP044
Q9NUP9	LIN7C MALS3 VELI3
Q9NV29	TMEM100
Q9NV70	EXOC1 SEC3 SEC3L1 BM-012
Q9NV96	CDC50A C6orf67 TMEM30A
Q9NVD7	PARVA MXRA2
Q9NVL8	CCDC198 C14orf105 FAME
Q9NVV5	AIG1 CGI-103
Q9NW15	ANO10 TMEM16K
Q9NWF4	SLC52A1 GPR172B PAR2 RFT1
Q9NWQ8	PAG1 CBP PAG
Q9NX52	RHBDL2
Q9NX76	CMTM6 CKLFSF6
Q9NXE4	SMPD4 KIAA1418 SKNY
Q9NY25	CLEC5A CLECSF5 MDL1
Q9NY26	SLC39A1 IRT1 ZIP1 ZIRTL CGI-08 CGI-71
Q9NY35	CLDND1 C3orf4 HSPC174 PSEC0054 UNQ2511/PRO6000
Q9NY37	ASIC5 ACCN5
Q9NY46	SCN3A KIAA1356 NAC3
Q9NY59	SMPD3
Q9NY64	SLC2A8 GLUT8 GLUTX1
Q9NY72	SCN3B KIAA1158
Q9NY91	SLC5A4 SAAT1 SGLT3
Q9NY99	SNTG2
Q9NYA1	SPHK1 SK1 SPHK SPK
Q9NYB5	SLCO1C1 OATP14 OATP1C1 OATPF SLC21A14
Q9NYG8	KCNK4 TRAAK
Q9NYI0	PSD3 EFA6D EFA6R HCA67 KIAA0942
Q9NYM4	GPR83 GPR72 JP05 KIAA1540
Q9NYQ6	CELSR1 CDHF9 FMI2
Q9NYQ7	CELSR3 CDHF11 EGFL1 FMI1 KIAA0812 MEGF2
Q9NYQ8	FAT2 CDHF8 KIAA0811 MEGF1
Q9NYV7	TAS2R16
Q9NYW5	TAS2R4
Q9NYX4	CALY DRD1IP
Q9NZ20	PLA2G3
Q9NZ42	PSENEN PEN2 MDS033
Q9NZ56	FMN2
Q9NZ94	NLGN3 KIAA1480 NL3
Q9NZA1	CLIC5
Q9NZB2	FAM120A C9orf10 KIAA0183 OSSA
Q9NZC2	TREM2
Q9NZC3	GDE1 MIR16
Q9NZD1	GPRC5D
Q9NZG7	NINJ2
Q9NZH0	GPRC5B RAIG2
Q9NZI2	KCNIP1 KCHIP1 VABP
Q9NZM1	MYOF FER1L3 KIAA1207
Q9NZN1	IL1RAPL1 OPHN4
Q9NZN3	EHD3 EHD2 PAST3
Q9NZN4	EHD2 PAST2
Q9NZQ7	CD274 B7H1 PDCD1L1 PDCD1LG1 PDL1
Q9NZQ8	TRPM5 LTRPC5 MTR1
Q9NZU0	FLRT3 KIAA1469 UNQ856/PRO1865
Q9NZU1	FLRT1 UNQ752/PRO1483
Q9NZU7	CABP1
Q9NZV1	CRIM1 S52 UNQ1886/PRO4330
Q9NZV8	KCND2 KIAA1044
Q9P0K1	ADAM22 MDC2
Q9P0K9	FRRS1L C9orf4
Q9P0L0	VAPA VAP33
Q9P0L2	MARK1 KIAA1477 MARK
Q9P0L9	PKD2L1 PKD2L PKDL TRPP3
Q9P0N8	MARCHF2 MARCH2 RNF172 HSPC240
Q9P121	NTM IGLON2 NT UNQ297/PRO337
Q9P1A6	DLGAP2 C8orf68 DAP2 ERICH1-AS1
Q9P1Q5	OR1A1
Q9P1W3	TMEM63C C14orf171 CSC1
Q9P1Z3	HCN3 KIAA1535
Q9P212	PLCE1 KIAA1516 PLCE PPLC
Q9P232	CNTN3 KIAA1496 PANG
Q9P241	ATP10D ATPVD KIAA1487
Q9P244	LRFN1 KIAA1484 SALM2
Q9P258	RCC2 KIAA1470 TD60
Q9P273	TENM3 KIAA1455 ODZ3 TNM3
Q9P296	C5AR2 C5L2 GPR77
Q9P2D8	UNC79 KIAA1409
Q9P2E7	PCDH10 KIAA1400
Q9P2J2	IGSF9 IGSF9A KIAA1355 NRT1
Q9P2S2	NRXN2 KIAA0921
Q9P2U7	SLC17A7 BNPI VGLUT1
Q9P2U8	SLC17A6 DNPI VGLUT2
Q9P2W3	GNG13
Q9UBC2	EPS15L1 EPS15R
Q9UBD6	RHCG C15orf6 CDRC2 PDRC2 RHGK
Q9UBF9	MYOT TTID
Q9UBH6	XPR1 SLC53A1 SYG1 X3
Q9UBI4	STOML1 SLP1 UNC24 MSTP019
Q9UBI6	GNG12
Q9UBL6	CPNE7
Q9UBL9	P2RX2 P2X2
Q9UBN1	CACNG4
Q9UBN4	TRPC4
Q9UBS5	GABBR1 GPRC3A
Q9UBT7	CTNNAL1
Q9UBW5	BIN2 BRAP1
Q9UBY0	SLC9A2 NHE2
Q9UBY5	LPAR3 EDG7 LPA3
Q9UDY2	TJP2 X104 ZO2
Q9UDY4	DNAJB4 DNAJW HLJ1
Q9UEF7	KL
Q9UEW3	MARCO SCARA2
Q9UEY8	ADD3 ADDL
Q9UGH3	SLC23A2 KIAA0238 NBTL1 SLC23A1 SVCT2 YSPL2
Q9UGI6	KCNN3 K3
Q9UGM1	CHRNA9 NACHRA9
Q9UGN4	CD300A CMRF35H IGSF12 HSPC083
Q9UGQ2	CACFD1 C9orf7 PSEC0107 PSEC0248 UNQ3071/PRO9903
Q9UGT4	SUSD2
Q9UH65	SWAP70 KIAA0640 HSPC321
Q9UHB6	LIMA1 EPLIN SREBP3 PP624
Q9UHC3	ASIC3 ACCN3 DRASIC SLNAC1 TNAC1
Q9UHC9	NPC1L1
Q9UHE8	STEAP1 PRSS24 STEAP
Q9UHI5	SLC7A8 LAT2
Q9UHI7	SLC23A1 SVCT1 YSPL3
Q9UHM6	OPN4 MOP
Q9UHN6	CEMIP2 KIAA1412 TMEM2
Q9UHP7	CLEC2D CLAX LLT1 OCIL
Q9UHW9	SLC12A6 KCC3
Q9UHX3	ADGRE2 EMR2
Q9UI14	RABAC1 PRA1 PRAF1
Q9UI33	SCN11A SCN12A SNS2
Q9UI40	SLC24A2 NCKX2
Q9UIA0	CYTH4 CYT4 PSCD4
Q9UIB8	CD84 SLAMF5
Q9UIG8	SLCO3A1 OATP3A1 OATPD SLC21A11
Q9UIJ5	ZDHHC2 REAM REC ZNF372
Q9UIQ6	LNPEP OTASE
Q9UIW2	PLXNA1 NOV PLXN1
Q9UIX4	KCNG1
Q9UJ96	KCNG2 KCNF2
Q9UJM3	ERRFI1 MIG6
Q9UJQ1	LAMP5 C20orf103
Q9UJU6	DBNL CMAP SH3P7 PP5423
Q9UJZ1	STOML2 SLP2 HSPC108
Q9UK17	KCND3
Q9UK41	VPS28
Q9UKB5	AJAP1 MOT8 SHREW1
Q9UKJ1	PILRA
Q9UKJ5	CHIC2 BTL
Q9UKL4	GJD2 GJA9
Q9UKP6	UTS2R GPR14
Q9UKQ2	ADAM28 ADAM23 MDCL
Q9UKS6	PACSIN3
Q9UKY0	PRND DPL UNQ1830/PRO3443
Q9UKZ4	TENM1 ODZ1 TNM1
Q9UL26	RAB22A RAB22
Q9UL51	HCN2 BCNG2
Q9UL52	TMPRSS11E DESC1 TMPRSS11E2 UNQ742/PRO1461
Q9UL62	TRPC5 TRP5
Q9ULB1	NRXN1 KIAA0578
Q9ULB4	CDH9
Q9ULB5	CDH7 CDH7L1
Q9ULC0	EMCN EMCN2 MUC14
Q9ULC3	RAB23 HSPC137
Q9ULC5	ACSL5 ACS5 FACL5 UNQ633/PRO1250
Q9ULD2	MTUS1 ATBP ATIP GK1 KIAA1288 MTSG1
Q9ULD8	KCNH3 KIAA1282
Q9ULF5	SLC39A10 KIAA1265 ZIP10
Q9ULH4	LRFN2 KIAA1246 SALM1
Q9ULI3	HEG1 KIAA1237
Q9ULK0	GRID1 KIAA1220
Q9ULK5	VANGL2 KIAA1215 STB1
Q9ULL4	PLXNB3 KIAA1206 PLXN6
Q9ULP9	TBC1D24 KIAA1171
Q9ULT0	TTC7A KIAA1140 TTC7
Q9ULT6	ZNRF3 KIAA1133 RNF203
Q9ULV1	FZD4
Q9ULV4	CORO1C CRN2 CRNN4
Q9ULW2	FZD10
Q9ULY5	CLEC4E CLECSF9 MINCLE UNQ218/PRO244
Q9ULZ9	MMP17 MT4MMP
Q9UM01	SLC7A7
Q9UM47	NOTCH3
Q9UM54	MYO6 KIAA0389
Q9UM73	ALK
Q9UMF0	ICAM5 TLCN TLN
Q9UMR7	CLEC4A CLECSF6 DCIR LLIR HDCGC13P
Q9UMX0	UBQLN1 DA41 PLIC1
Q9UMX6	GUCA1B GCAP2
Q9UMZ3	PTPRQ
Q9UN66	PCDHB8 PCDH3I
Q9UN72	PCDHA7 CNRS4
Q9UN73	PCDHA6 CNRS2
Q9UN74	PCDHA4
Q9UN76	SLC6A14
Q9UN88	GABRQ
Q9UNF0	PACSIN2
Q9UNG2	TNFSF18 AITRL GITRL TL6 UNQ149/PRO175
Q9UNQ0	ABCG2 ABCP BCRP BCRP1 MXR
Q9UNW1	MINPP1 MIPP UNQ900/PRO1917
Q9UNW8	GPR132 G2A
Q9UP38	FZD1
Q9UP52	TFR2
Q9UP65	PLA2G4C
Q9UP95	SLC12A4 KCC1
Q9UPI3	FLVCR2 C14orf58
Q9UPN3	MACF1 ABP620 ACF7 KIAA0465 KIAA0754 KIAA1251
Q9UPR5	SLC8A2 KIAA1087 NCX2
Q9UPT5	EXOC7 EXO70 KIAA1067
Q9UPU3	SORCS3 KIAA1059
Q9UPW8	UNC13A KIAA1032
Q9UPX6	MINAR1 KIAA1024 UBTOR
Q9UPX8	SHANK2 CORTBP1 KIAA1022 PROSAP1
Q9UPY5	SLC7A11
Q9UPZ6	THSD7A KIAA0960
Q9UQ26	RIMS2 KIAA0751 RAB3IP3 RIM2
Q9UQ49	NEU3
Q9UQ52	CNTN6
Q9UQC2	GAB2 KIAA0571
Q9UQC9	CLCA2 CACC3
Q9UQD0	SCN8A MED
Q9UQF0	ERVW-1 ERVWE1
Q9UQQ1	NAALADL1 NAALADASEL NAALADL
Q9Y210	TRPC6 TRP6
Q9Y217	MTMR6
Q9Y226	SLC22A13 OCTL1 ORCTL3
Q9Y228	TRAF3IP3 T3JAM
Q9Y239	NOD1 CARD4
Q9Y250	LZTS1 FEZ1
Q9Y267	SLC22A14 OCTL2 ORCTL4
Q9Y271	CYSLTR1 CYSLT1
Q9Y272	RASD1 AGS1 DEXRAS1
Q9Y275	TNFSF13B BAFF BLYS TALL1 TNFSF20 ZTNF4 UNQ401/PRO738
Q9Y287	ITM2B BRI BRI2
Q9Y289	SLC5A6 SMVT
Q9Y296	TRAPPC4 SBDN CGI-104 HSPC172 PTD009
Q9Y2A7	NCKAP1 HEM2 KIAA0587 NAP1
Q9Y2C5	SLC17A4
Q9Y2C9	TLR6
Q9Y2D5	PALM2AKAP2 KIAA0920 PAKAP PALM2
Q9Y2E8	SLC9A8 KIAA0939 NHE8
Q9Y2G0	EFR3B KIAA0953
Q9Y2H9	MAST1 KIAA0973 SAST
Q9Y2I1	NISCH IRAS KIAA0975
Q9Y2I2	NTNG1 KIAA0976 LMNT1 UNQ571/PRO1133
Q9Y2I9	TBC1D30 KIAA0984
Q9Y2J0	RPH3A KIAA0985
Q9Y2J2	EPB41L3 DAL1 KIAA0987
Q9Y2K9	STXBP5L KIAA1006 LLGL4
Q9Y2P4	SLC27A6 ACSVL2 FACVL2 FATP6
Q9Y2P5	SLC27A5 ACSB ACSVL6 FACVL3 FATP5
Q9Y2Q0	ATP8A1 ATPIA
Q9Y2T6	GPR55
Q9Y2W7	KCNIP3 CSEN DREAM KCHIP3
Q9Y2Y6	TMEM98 UNQ536/PRO1079
Q9Y342	PLLP PMLP TM4SF11
Q9Y345	SLC6A5 GLYT2 NET1
Q9Y3P8	SIT1 SIT
Q9Y3Q0	NAALAD2
Q9Y3Q4	HCN4
Q9Y3R0	GRIP1
Q9Y3S1	WNK2 KIAA1760 PRKWNK2 SDCCAG43 P/OKcl.13
Q9Y446	PKP3
Q9Y487	ATP6V0A2
Q9Y490	TLN1 KIAA1027 TLN
Q9Y493	ZAN
Q9Y4B5	MTCL1 CCDC165 KIAA0802 SOGA2
Q9Y4C0	NRXN3 C14orf60 KIAA0743
Q9Y4C2	TCAF1 FAM115A KIAA0738
Q9Y4D2	DAGLA C11orf11 KIAA0659 NSDDR
Q9Y4D7	PLXND1 KIAA0620
Q9Y4E1	WASHC2C FAM21C KIAA0592 VPEF
Q9Y4F1	FARP1 CDEP PLEKHC2
Q9Y4F9	RIPOR2 C6orf32 DIFF48 FAM65B KIAA0386 PL48
Q9Y4G6	TLN2 KIAA0320
Q9Y4G8	RAPGEF2 KIAA0313 NRAPGEP PDZGEF1
Q9Y4J8	DTNA DRP3
Q9Y4P9	SPEF1 C20orf28
Q9Y597	KCTD3
Q9Y5E1	PCDHB9 PCDH3H
Q9Y5E3	PCDHB6
Q9Y5E9	PCDHB14
Q9Y5F1	PCDHB12
Q9Y5F2	PCDHB11
Q9Y5F7	PCDHGC4
Q9Y5G9	PCDHGA4
Q9Y5H5	PCDHA9 KIAA0345
Q9Y5H8	PCDHA3
Q9Y5H9	PCDHA2
Q9Y5I2	PCDHA10 CNRS8
Q9Y5I3	PCDHA1
Q9Y5I7	CLDN16 PCLN1
Q9Y5L3	ENTPD2 CD39L1
Q9Y5N1	HRH3 GPCR97
Q9Y5Q5	CORIN CRN TMPRSS10
Q9Y5R2	MMP24 MT5MMP
Q9Y5S1	TRPV2 VRL
Q9Y5S2	CDC42BPB KIAA1124
Q9Y5S8	NOX1 MOX1 NOH1
Q9Y5U5	TNFRSF18 AITR GITR UNQ319/PRO364
Q9Y5V3	MAGED1 NRAGE PP2250 PRO2292
Q9Y5W9	SNX11
Q9Y5X1	SNX9 SH3PX1 SH3PXD3A
Q9Y5X3	SNX5
Q9Y5X5	NPFFR2 GPR74 NPFF2 NPGPR
Q9Y5Y0	FLVCR1 FLVCR
Q9Y5Y4	PTGDR2 CRTH2 DL1R GPR44
Q9Y5Y7	LYVE1 CRSBP1 HAR XLKD1 UNQ230/PRO263
Q9Y5Y9	SCN10A
Q9Y5Z0	BACE2 AEPLC ALP56 ASP21 CDA13 UNQ418/PRO852
Q9Y624	F11R JAM1 JCAM UNQ264/PRO301
Q9Y625	GPC6 UNQ369/PRO705
Q9Y639	NPTN SDFR1 SDR1
Q9Y653	ADGRG1 GPR56 TM7LN4 TM7XN1 UNQ540/PRO1083
Q9Y666	SLC12A7 KCC4
Q9Y694	SLC22A7 NLT OAT2
Q9Y696	CLIC4
Q9Y6C5	PTCH2 UNQ560/PRO1121/PRO57079
Q9Y6D0	SELENOK SELK HSPC030 HSPC297
Q9Y6H6	KCNE3
Q9Y6H8	GJA3
Q9Y6I3	EPN1
Q9Y6J6	KCNE2
Q9Y6L6	SLCO1B1 LST1 OATP1B1 OATP2 OATPC SLC21A6
Q9Y6M0	PRSS21 ESP1 TEST1 UNQ266/PRO303
Q9Y6M5	SLC30A1 ZNT1
Q9Y6M7	SLC4A7 BT NBC2 NBC2B NBC3 NBCn1 SBC2 SLC4A6
Q9Y6N7	ROBO1 DUTT1
Q9Y6N8	CDH10
Q9Y6Q6	TNFRSF11A RANK
Q9Y6R1	SLC4A4 NBC NBC1 NBCE1
Q9Y6T7	DGKB DAGK2 KIAA0718
Q9Y6W5	WASF2 WAVE2
Q9Y6W8	ICOS AILIM
Q9Y6X5	ENPP4 KIAA0879 NPP4
A0A075B6J9	IGLV2-18
A0A075B6N1	TRBV19
A0A087WT01	TRAV27
A0A0K0K1A5	TRBV6-5
A0A1B0GTQ4	MYMX
A0A5B9	TRBC2 TCRBC2
A0AVI2	FER1L5
A0M8Q6	IGLC7
A4D1S5	RAB19 RAB19B
A4D2G3	OR2A25 OR2A25P OR2A27
A6NC51	TMEM150B TMEM224
A6ND48	OR14I1 OR5BU1 OR5BU1P
A6NGC4	TLCD2
A6NGY5	OR51F1 OR51F1P
A6NH00	OR2T8 OR2T8P
A6NL88	SHISA7
A6NND4	OR2AT4
A8K855	EFCAB7 KIAA1799
A8MWY0	ELAPOR2 EIG121L KIAA1324L
A8MXK1	VSTM5 C11orf90
B4DJY2	TMEM233 IFITMD2
B4DS77	SHISA9
B7Z8K6	TRDC
B9EJG8	TMEM150C TTN3
O00624	SLC17A2 NPT3
O14718	RRH
O15034	RIMBP2 KIAA0318 RBP2
O15375	SLC16A5 MCT5 MCT6
O15403	SLC16A6 MCT6 MCT7
O60262	GNG7 GNGT7
O60330	PCDHGA12 CDH21 FIB3 KIAA0588 UNQ371/PRO707
O60412	OR7C2 OR7C3
O71037	ERVK-19
O75388	GPR32
O76001	OR2J3
O76002	OR2J2
O76099	OR7C1 OR7C4
O94772	LY6H
O95007	OR6B1
O95164	UBL3 PNSC1
O95371	OR2C1 OR2C2P
O95661	DIRAS3 ARHI NOEY2 RHOI
O95665	NTSR2
O95800	GPR75
O95838	GLP2R
O95918	OR2H2 FAT11 OLFR2 OR2H3
P01599	IGKV1-17
P01601	IGKV1D-16
P01611	IGKV1D-12
P01614	IGKV2D-40
P01624	IGKV3-15
P01703	IGLV1-40
P01714	IGLV3-19
P01715	IGLV3-1
P01717	IGLV3-25
P01718	IGLV3-27
P01733	TRBV12-3 TCRBV12S3 TCRBV8S1
P01743	IGHV1-46
P01762	IGHV3-11
P01763	IGHV3-48
P01766	IGHV3-13
P01767	IGHV3-53
P01780	IGHV3-7
P01782	IGHV3-9
P01817	IGHV2-5
P01824	IGHV4-39
P01825	IGHV4-59
P04211	IGLV7-43
P04430	IGKV1-16
P04432	IGKV1D-39
P04433	IGKV3-11
P04435	TRBV7-9
P04437	TRAV29DV5
P06310	IGKV2-30
P06315	IGKV5-2
P06331	IGHV4-34
P0C626	OR5G3 OR5G3P OR5G6P
P0C645	OR4E1 OR4E1P
P0CF74	IGLC6
P0DN77	OPN1MW2
P0DN78	OPN1MW3
P0DOX3	
P0DOX4	
P0DOX6	
P0DOY2	IGLC2
P30953	OR1E1 OR1E5 OR1E6 OR1E9P
P30954	OR10J1
P43116	PTGER2
P47883	OR3A4P OR3A4 OR3A5P
P47887	OR1E2 OR1E4
P47888	OR3A3 OR3A6 OR3A7 OR3A8P
P47890	OR1G1 OR1G2
P47893	OR3A2 OLFRA04
P55082	MFAP3
P55808	XG PBDX
P57773	GJA9 GJA10
P58173	OR2B6 OR2B1 OR2B1P OR2B5 OR2B6P
P58182	OR12D2
P58549	FXYD7
P59025	RTP1 Z3CXXC1
P59537	TAS2R43
P59540	TAS2R46
P59646	FXYD4 UNQ526/PRO1069
P60509	ERVPABLB-1
P60893	GPR85 SREB2
P61550	ERVS71-1
P61565	ERVK-21
P61566	ERVK-24
P61567	ERVK-7
P62684	HERVK_113
P63126	ERVK-9
P63130	ERVK-7
P63145	ERVK-24
P80748	IGLV3-21
P87889	ERVK-10
Q13304	GPR17
Q13474	DRP2
Q13606	OR5I1 OLF1
Q13607	OR2F1 OLF3 OR2F3 OR2F3P OR2F4 OR2F5
Q14330	GPR18 GPCRW
Q14439	GPR176
Q14952	KIR2DS3 NKAT7
Q14CX5	SLC68A1 C10orf77 MFSD13A TMEM180
Q15391	P2RY14 GPR105 KIAA0001
Q15612	OR1Q1 OR1Q2 OR1Q3
Q15760	GPR19
Q16538	GPR162 GRCA
Q17RY6	LY6K CO16
Q2MJR0	SPRED3 EVE-3
Q2TAP0	GOLGA7B C10orf132 C10orf133
Q32ZL2	PLPPR5 LPPR5 PAP2D PRG5
Q3ZCQ3	FAM174B
Q49SQ1	GPR33
Q50KZ9	TAS2R2 T2R2 TAS2R2P
Q5BIV9	SPRN SHO
Q5GJ75	TNFAIP8L3 TIPE3
Q5TF39	SLC60A2 KIAA1919 MFSD4B NAGLT1 HSPC100
Q5VTH2	CFAP126 C1orf192 FLTP
Q5VXU1	NKAIN2 FAM77B TCBA1
Q66K66	TMEM198
Q68DH5	LMBRD2
Q68DU8	KCTD16 KIAA1317
Q6DHY5	TBC1D3G
Q6DWJ6	GPR139 GPRG1 PGR3
Q6MZT1	RGS7BP R7BP
Q6P7N7	TMEM81 UNQ2788/PRO7178
Q6PEY0	GJB7 CX25
Q6UWM5	GLIPR1L1 UNQ2972/PRO7434
Q6UXU4	GSG1L UNQ5831/PRO19651
Q6ZRH7	CATSPERG C19orf15
Q6ZVX9	PAQR9
Q717R9	CYS1
Q7LDI9	ERVK-6 ERVK6
Q7RTY9	PRSS41 TESSP1
Q7Z2K8	GPRIN1 KIAA1893
Q7Z3T1	OR2W3 OR2W3P OR2W8P
Q7Z444	ERAS HRAS2 HRASP
Q7Z553	MDGA2 MAMDC1 UNQ8188/PRO23197
Q7Z5H4	VN1R5 V1RL5
Q7Z5H5	VN1R4 V1RL4
Q7Z601	GPR142 GPRG1B PGR2
Q7Z7J7	LHFPL4 GARLH4
Q86SP6	GPR149 PGR10
Q86VH4	LRRTM4 UNQ3075/PRO9907
Q86WK9	PAQR7 MRPA
Q86X19	TMEM17
Q86X27	RALGPS2
Q86XR5	PRIMA1
Q86XT9	TMEM219
Q86Y22	COL23A1
Q8IXS8	HYCC2 FAM126B
Q8IY42	PGCKA1 C4orf19
Q8IYK8	REM2
Q8IYS0	GRAMD1C UNQ2543/PRO6095
Q8IZM9	SLC38A6 NAT1 SNAT6
Q8IZS7	CLECL1 CLECL1P DCAL1
Q8N109	KIR2DL5A CD158F CD158F1 KIR2DL5
Q8N1S5	SLC39A11 C17orf26 ZIP11
Q8N292	GAPT C5orf29
Q8N4T4	ARHGEF39 C9orf100
Q8N628	OR2C3 OR2C4 OR2C5P
Q8N6Y1	PCDH20 PCDH13
Q8N7R7	CCNYL1
Q8N8Q9	NIPA2
Q8NBR0	TP53I13 DSCP1
Q8NC96	NECAP1
Q8NDV2	GPR26
Q8NEG4	SACK1F FAM83F
Q8NFK1	GJC3 GJE1
Q8NGA0	OR7G1 OR7G1P
Q8NGA4	GPR32P1
Q8NGC0	OR5AU1
Q8NGC8	OR11H7 OR11H7P
Q8NGD0	OR4M1
Q8NGE3	OR10P1 OR10P1P OR10P2P OR10P3P
Q8NGH7	OR52L1
Q8NGI2	OR52N4
Q8NGK2	OR52B4
Q8NGM9	OR8D4
Q8NGN3	OR10G4
Q8NGR2	OR1L6 OR1L7
Q8NGR6	OR1B1
Q8NGS2	OR1J2 OR1J3 OR1J5
Q8NGS8	OR13C5
Q8NGV6	OR5H6
Q8NGW6	OR6K6
Q8NGX3	OR10T2
Q8NGY0	OR10X1 OR10X1P
Q8NGY3	OR6K3
Q8NH10	OR8U1
Q8NH19	OR10AG1
Q8NH43	OR4L1 OR4L2P
Q8NH48	OR5B3 OR5B13
Q8NH59	OR51Q1
Q8NH69	OR5W2 OR5W2P OR5W3P
Q8NH85	OR8U3 OR5R1 OR5R1P
Q8NH87	OR9G1 OR9G5
Q8NH92	OR1S1
Q8NH94	OR1L1 OR1L2
Q8NHC8	OR2T6 OR2T6P OR2T9
Q8NI32	LYPD6B
Q8TAG6	VXN C8orf46
Q8TAV4	STOML3
Q8TCB6	OR51E1 GPR164 OR51E1P OR52A3P POGR PSGR2
Q8TCW9	PROKR1 GPR73 PKR1
Q8TD20	SLC2A12 GLUT12
Q8TDU9	RXFP4 GPCR142 GPR100 RLN3R2
Q8TDV2	GPR148 BTR PGR6
Q8TDV5	GPR119
Q8TDY8	IGDCC4 DDM36 KIAA1628 NOPE
Q8TF21	ANKRD24 KIAA1981
Q8WVH0	CPLX3 Nbla11589
Q8WWG1	NRG4
Q8WZ84	OR8D1 OR8D3
Q8WZ92	OR5P2
Q8WZ94	OR5P3
Q8WZA6	OR1E3 OR1E3P
Q902F8	ERVK-8
Q902F9	HERVK_113
Q96A25	TMEM106A
Q96CH1	GPR146 PGR8
Q96F05	C11orf24 FP2568 UNQ1872/PRO4315
Q96ID5	IGSF21
Q96LB0	MRGPRX3 MRGX3 SNSR1 SNSR2
Q96LL3	FIMP1 C16orf92 FIMP
Q96P69	GPR78 UNQ5925/PRO19818
Q96PE5	OPALIN HTMP10 TMEM10
Q96PL2	TECTB
Q96QZ0	PANX3
Q96R48	OR2A5 OR2A26 OR2A8
Q96RA2	OR7D2
Q96S79	RASL10B
Q9BPV8	P2RY13 GPR86 GPR94 FKSG77
Q9BQI7	PSD2 EFA6C
Q9BRY0	SLC39A3 ZIP3
Q9BSG5	RTBDN
Q9BSN7	TMEM204 C16orf30 CLP24 UNQ6509/PRO21434
Q9BT76	UPK3B
Q9BXT2	CACNG6
Q9BY21	GPR87 GPR95 FKSG78
Q9BZ76	CNTNAP3 CASPR3 KIAA1714
Q9BZJ6	GPR63 PSP24B
Q9GZK4	OR2H1 OR2H6 OR2H8
Q9GZK6	OR2J1 OR2J1P
Q9GZM6	OR8D2
Q9GZP7	VN1R1 V1RL1 VNR19I1
Q9H0C3	TMEM117
Q9H158	PCDHAC1
Q9H1C0	LPAR5 GPR92 GPR93
Q9H1Z8	ECRG4 C2orf40 UNQ761/PRO1508
Q9H1Z9	TSPAN10 OCSP
Q9H205	OR2AG1 OR2AG3
Q9H207	OR10A5 OR10A1
Q9H208	OR10A2 OR10A2P
Q9H209	OR10A4 OR10A4P
Q9H210	OR2D2 OR2D1
Q9H2C8	OR51V1 OR51A12
Q9H2Y9	SLCO5A1 OATP5A1 SLC21A15
Q9H339	OR51B5
Q9H340	OR51B6
Q9H341	OR51M1
Q9H342	OR51J1 OR51J1P OR51J2
Q9H665	IGFLR1 TMEM149 U2AF1L4
Q9H7T0	CATSPERB C14orf161
Q9HC56	PCDH9
Q9HCL0	PCDH18 KIAA1562
Q9HDB9	ERVK-5 ERVK5
Q9N2J8	
Q9NQN1	OR2S2
Q9NRU3	CNNM1 ACDP1
Q9NS66	GPR173 SREB3
Q9NS93	TM7SF3
Q9NSD7	RXFP3 GPCR135 RLN3R1 SALPR
Q9NTU4	CATSPERZ C11orf20 TEX40
Q9NVZ3	NECAP2
Q9NXK6	PAQR5 MPRG
Q9UJ42	GPR160 GPCR150
Q9UJ99	CDH22 C20orf25
Q9UK08	GNG8 GNG9 GNGT9
Q9UKH3	ERVK-9
Q9UKL2	OR52A1
Q9ULS6	KCNS2 KIAA1144
Q9UN67	PCDHB10 UNQ1906/PRO4352
Q9UN70	PCDHGC3 PCDH2
Q9UN71	PCDHGB4 CDH20 FIB2
Q9UN75	PCDHA12
Q9UPC5	GPR34
Q9UPX0	IGSF9B KIAA1030
Q9Y2T5	GPR52
Q9Y585	OR1A2
Q9Y5E2	PCDHB7
Q9Y5E4	PCDHB5
Q9Y5E5	PCDHB4
Q9Y5E6	PCDHB3
Q9Y5E7	PCDHB2
Q9Y5E8	PCDHB15
Q9Y5F0	PCDHB13 UNQ332/PRO531
Q9Y5F3	PCDHB1
Q9Y5F6	PCDHGC5
Q9Y5F8	PCDHGB7
Q9Y5F9	PCDHGB6
Q9Y5G0	PCDHGB5
Q9Y5G1	PCDHGB3
Q9Y5G2	PCDHGB2
Q9Y5G3	PCDHGB1
Q9Y5G4	PCDHGA9
Q9Y5G5	PCDHGA8 KIAA0327
Q9Y5G6	PCDHGA7
Q9Y5G7	PCDHGA6
Q9Y5G8	PCDHGA5
Q9Y5H0	PCDHGA3
Q9Y5H1	PCDHGA2
Q9Y5H2	PCDHGA11
Q9Y5H3	PCDHGA10
Q9Y5H4	PCDHGA1
Q9Y5H6	PCDHA8
Q9Y5H7	PCDHA5 CNRS6
Q9Y5I0	PCDHA13 CNRS5
Q9Y5I1	PCDHA11 CNRS7
Q9Y5I4	PCDHAC2
Q9Y5P1	OR51B2 OR51B1P
Q9Y5Y3	GPR45
Q9YNA8	ERVK-19
A0A075B6H7	IGKV3-7
A0A075B6H8	IGKV1D-42
A0A075B6H9	IGLV4-69
A0A075B6I0	IGLV8-61
A0A075B6I1	IGLV4-60
A0A075B6I3	IGLV11-55
A0A075B6I4	IGLV10-54
A0A075B6I6	IGLV1-50
A0A075B6I7	IGLV5-48
A0A075B6I9	IGLV7-46
A0A075B6J1	IGLV5-37
A0A075B6J2	IGLV2-33
A0A075B6J6	IGLV3-22
A0A075B6K0	IGLV3-16
A0A075B6K2	IGLV3-12
A0A075B6K4	IGLV3-10
A0A075B6K5	IGLV3-9
A0A075B6K6	IGLV4-3
A0A075B6L2	TRGV11
A0A075B6L6	TRBV7-3
A0A075B6N2	TRBV20-1
A0A075B6N3	TRBV24-1
A0A075B6N4	TRBV25-1
A0A075B6P5	IGKV2-28
A0A075B6Q5	IGHV3-64
A0A075B6R0	TRGV2 TCRGV2
A0A075B6R2	IGHV4-4
A0A075B6R9	IGKV2D-24
A0A075B6S2	IGKV2D-29
A0A075B6S4	IGKV1D-17
A0A075B6S5	IGKV1-27
A0A075B6S6	IGKV2D-30
A0A075B6S9	IGKV1-37
A0A075B6T6	TRAV12-2
A0A075B6T7	TRAV6 TCRAV5S1
A0A075B6T8	TRAV9-1
A0A075B6U4	TRAV7
A0A075B6V5	TRAV36DV7
A0A075B6W5	TRAV23DV6
A0A075B6X5	TRAV18
A0A087WSX0	IGLV5-45
A0A087WSY4	IGHV4-30-2
A0A087WSY6	IGKV3D-15
A0A087WSZ0	IGKV1D-8
A0A087WSZ9	TRAV30
A0A087WT02	TRAV9-2
A0A087WT03	TRAV26-1
A0A087WV62	TRBV16
A0A087WVF3	TBC1D3D
A0A087WW87	IGKV2-40
A0A087X0K7	TRBV17
A0A087X0M5	TRBV18
A0A087X179	TBC1D3E
A0A0A0MRZ7	IGKV2D-26
A0A0A0MRZ8	IGKV3D-11
A0A0A0MRZ9	IGLV5-52
A0A0A0MS00	IGLV3-32
A0A0A0MS01	TRGV10
A0A0A0MS02	TRGV1
A0A0A0MS03	TRBV5-3
A0A0A0MS04	TRBV6-7
A0A0A0MS05	TRBV5-7
A0A0A0MS06	TRBV23-1
A0A0A0MS14	IGHV1-45
A0A0A0MS15	IGHV3-49
A0A0A0MT36	IGKV6D-21
A0A0A6YYC5	TRAV14DV4
A0A0A6YYD4	TRBV13
A0A0A6YYG2	TRBV6-6
A0A0A6YYG3	TRBV6-8
A0A0A6YYJ7	TRAV8-3
A0A0A6YYK1	TRAV8-1
A0A0A6YYK4	TRBV7-1
A0A0A6YYK6	TRAV16
A0A0A6YYK7	TRAV19
A0A0B4J1U3	IGLV1-36
A0A0B4J1U4	TRGV5 TCRGV5
A0A0B4J1U6	TRBV9
A0A0B4J1U7	IGHV6-1
A0A0B4J1V0	IGHV3-15
A0A0B4J1V1	IGHV3-21
A0A0B4J1V2	IGHV2-26
A0A0B4J1V6	IGHV3-73
A0A0B4J1V7	IGHV7-81
A0A0B4J1X5	IGHV3-74
A0A0B4J1X8	IGHV3-43
A0A0B4J1Y8	IGLV9-49
A0A0B4J1Y9	IGHV3-72
A0A0B4J1Z2	IGKV1D-43
A0A0B4J234	TRAV2
A0A0B4J235	TRAV13-2
A0A0B4J237	TRAV8-2
A0A0B4J238	TRAV1-2
A0A0B4J240	TRAV10
A0A0B4J241	TRAV13-1
A0A0B4J244	TRAV3
A0A0B4J245	TRAV12-1
A0A0B4J248	TRAV1-1
A0A0B4J249	TRAV5
A0A0B4J262	TRAV8-6
A0A0B4J263	TRAV39
A0A0B4J264	TRAV38-1
A0A0B4J265	TRAV26-2
A0A0B4J266	TRAV41
A0A0B4J268	TRAV4
A0A0B4J271	TRAV12-3
A0A0B4J272	TRAV24
A0A0B4J273	TRAV34
A0A0B4J274	TRAV20
A0A0B4J275	TRAV17
A0A0B4J276	TRAV25
A0A0B4J277	TRAV22
A0A0B4J279	TRAV21
A0A0B4J280	TRAV40
A0A0B4J2D9	IGKV1D-13
A0A0B4J2E0	TRBV12-4
A0A0B4J2H0	IGHV1-69D
A0A0C4DH24	IGKV6-21
A0A0C4DH25	IGKV3D-20
A0A0C4DH26	IGKV6D-41
A0A0C4DH27	TRGV8 TCRGV8
A0A0C4DH28	TRGV4 TCRGV4
A0A0C4DH29	IGHV1-3
A0A0C4DH30	IGHV3-16
A0A0C4DH31	IGHV1-18
A0A0C4DH32	IGHV3-20
A0A0C4DH33	IGHV1-24
A0A0C4DH34	IGHV4-28
A0A0C4DH35	IGHV3-35
A0A0C4DH36	IGHV3-38
A0A0C4DH38	IGHV5-51
A0A0C4DH39	IGHV1-58
A0A0C4DH41	IGHV4-61
A0A0C4DH42	IGHV3-66
A0A0C4DH43	IGHV2-70D
A0A0C4DH55	IGKV3D-7
A0A0C4DH59	TRBV5-4
A0A0C4DH67	IGKV1-8
A0A0C4DH68	IGKV2-24
A0A0C4DH69	IGKV1-9
A0A0C4DH72	IGKV1-6
A0A0C4DH73	IGKV1-12
A0A0G2JMI3	IGHV1-69-2
A0A0G2JS06	IGLV5-39
A0A0J9YVY3	IGHV7-4-1
A0A0J9YX35	IGHV3-64D
A0A0J9YX75	TRBV6-9
A0A0J9YXX1	IGHV5-10-1
A0A0J9YXY3	TRBV6-2
A0A0K0K1A3	TRBV10-1
A0A0K0K1B3	TRBV30
A0A0K0K1C0	TRBV11-1
A0A0K0K1C4	TRBV27
A0A0K0K1D8	TRBV6-1
A0A0K0K1E9	TRBV7-7
A0A0K0K1G6	TRBV10-3
A0A0K0K1G8	TRBV10-2
A0A1B0GUW7	TZMP1 C9orf133 SMIM27 TOPORS-AS1
A0A1B0GWG4	SERTM2
A0A1B0GX31	TRBV7-6
A0A1B0GX49	TRBV6-4
A0A1B0GX51	TRBV7-8
A0A1B0GX56	TRDV1
A0A1B0GX68	TRBV2
A0A1B0GX78	TRBV12-5
A0A1B0GX95	TRBV7-4
A0A1B0GXF2	TRBV7-2
A0A2R8YED5	OR5BS1 OR5BS1P
A0A539	TRBV4-2 TCRBV7S3A2 TCRBV7S3A2T
A0A576	TRBV3-1 TCRBV9S1A1T
A0A577	TRBV4-1 TCRBV7S1A1N2T
A0A578	TRBV5-1 TCRBV5S1A1T
A0A584	TRBV11-2 TCRBV21S3A2N2T
A0A589	TRBV4-3 TCRBV7S2A1N4T
A0A597	TRBV5-5 TCRBV5S3A2T
A0A599	TRBV5-6 TCRBV5S2
A0A5A2	TRBV5-8 TCRBV5S4A2T
A0A5A6	TRBV11-3 TCRBV21S2A2
A0A5B0	TRBV14 TCRBV14S1 TCRBV16S1A1N1
A0A5B6	TRBV28 TCRBV3S1
A0A5B7	TRBV29-1 TCRBV4S1A1T
A0A804HLA8	GNG5B GNG5P2
A0JD32	TRAV38-2DV8
A0JD36	TRDV2 hDV102S1
A0JD37	TRDV3 hDV103S1
A1L1A6	IGSF23
A2CJ06	DYTN
A2NJV5	IGKV2-29
A3KFT3	OR2M5 OR2M5P
A6NCV1	OR6C74
A6NDH6	OR5H15
A6NDL8	OR6C68
A6NDS4	TBC1D3B TBC1D3I
A6NER0	TBC1D3F TBC1D3E
A6NET4	OR5K3
A6NF89	OR6C6
A6NFC9	OR2W5 OR2W5P
A6NHA9	OR4C46
A6NHG9	OR5H14
A6NIJ9	OR6C70
A6NIZ1	RAP1BL
A6NJW9	CD8B2 CD8BP
A6NJZ3	OR6C65
A6NKK0	OR5H1
A6NL08	OR6C75
A6NL26	OR5B21
A6NM03	OR2AG2 OR2AG2P
A6NM76	OR6C76
A6NMS3	OR5K4
A6NMU1	OR52A4P OR52A4
A6NMZ5	OR4C45
A6NN92	GJE1
B2RN74	OR11H12
B3SHH9	TMEM114
B9A6J9	TBC1D3L PRC17
C9J069	AJM1 C9orf172
C9J798	RASA4B
C9JDP6	CLDN25
G3V0H7	SLCO1B7 LST3 LST3TM12
O00398	P2RY10
O14581	OR7A17
O15255	RTL8C CXX1 FAM127A MAR8 MAR8C MART8 hucep-5
O43869	OR2T1
O60403	OR10H2
O60404	OR10H3
O60431	OR1I1
O76000	OR2B3 OR2B3P
O76100	OR7A10
O95006	OR2F2
O95013	OR4F21 OR4F21P
O95221	OR5F1
P01737	TRAV8-4
P03979	TRGV3 TCRGV3
P03986	TRGC2 TCRGC2
P0C604	OR4A8 OR4A8P
P0C617	OR5AL1 OR5AL1P
P0C623	OR4Q2 OR4Q2P
P0C628	OR5AC1 OR5AC1P
P0C629	OR10J4 OR10J4P
P0C646	OR52Z1 OR52Z1P
P0C7N1	OR8U8
P0C7N5	OR8U9
P0C7T2	OR2T7 OR2T7P
P0C7T3	OR56A5 OR56A5P
P0C7X1	TBC1D3H
P0CF51	TRGC1 TCRGC1
P0DMU2	OR8G3 OR8G3P
P0DN80	OR5H8 OR5H8P
P0DN81	OR13C7 OR13C7P
P0DN82	OR12D1 OR12D1P
P0DOX2	
P0DOX7	
P0DOX8	
P0DP01	IGHV1-8
P0DP02	IGHV3-30-3
P0DP03	IGHV3-30-5
P0DP04	IGHV3-43D
P0DP06	IGHV4-30-4
P0DP07	IGHV4-31
P0DP08	IGHV4-38-2
P0DP09	IGKV1-13
P0DPF4	TRAV35
P0DPF7	TRBV6-3
P0DQD5	NPY4R2
P0DSN7	IGKV1D-37
P0DTE1	IGHV3-38-3 IGHV3-D
P0DTE2	IGHV8-51-1
P0DTW3	IGHV1-38-4 IGHV1-C
P35410	MAS1L MRG
P47881	OR3A1 OLFRA03
P47884	OR1D4
P56749	CLDN12
P58170	OR1D5
P58180	OR4D2
P58181	OR10A3
P59922	OR2B8 OR2B8P
P61570	ERVK-25
P62683	ERVK-21
P62685	ERVK-8
Q15615	OR4D1 OR4D3
Q15619	OR1C1
Q15620	OR8B8
Q15622	OR7A5
Q2WGJ8	CATSPERQ C8orfK29 TMEM249
Q496H8	NRN1L UNQ2446/PRO5725
Q4KMZ8	NKAIN1 FAM77C
Q4W5P6	SMIM43 TMEM155
Q52LD8	RFTN2 C2orf11
Q5GH70	XKR9 XRG9
Q5GH73	XKR6 C8orf21 C8orf5 C8orf7 XRG6
Q5GH77	XKR3 XRG3
Q5JQS5	OR2B11
Q5JRS4	OR10J3 OR10J3P
Q5SV17	TMEM240 C1orf70
Q5T1S8	NCMAP C1orf130
Q5T4T1	TMEM170B
Q5TZ20	OR2G6
Q5UAW9	GPR157
Q5VXU3	CHIC1 BRX
Q5VZ72	IZUMO3 C9orf134
Q5VZI3	TMEM268 C9orf91
Q6IEU7	OR5M10
Q6IEV9	OR4C11 OR4C11P
Q6IEY1	OR4F3; OR4F16; OR4F29
Q6IEZ7	OR2T5
Q6IF00	OR2T2 OR2T2P
Q6IF36	OR8G2P OR8G2 OR8G4
Q6IF42	OR2A2 OR2A17P OR2A2P
Q6IF63	OR52W1 OR52W1P
Q6IF82	OR4A47
Q6IF99	OR10K2
Q6IFH4	OR6B2 OR6B2P
Q6IFN5	OR7E24 OR7E24P
Q6IPX1	TBC1D3C TBC1D3D
Q6NV75	GPR153 PGR1
Q6PEX7	TEX38 ATPAF1-AS1 C1orf223
Q6PP77	XKRX XKR2 XPLAC XRG2
Q6UQ28	PLET1 C11orf34
Q6UWN0	LYPD4 UNQ2552/PRO6181
Q6UX68	XKR5 XRG5 UNQ2754/PRO6493
Q6UX82	LYPD8 UNQ511/PRO1026
Q6UXB3	LYPD2 LYPDC2 UNQ430/PRO788
Q6UXT6	OR9H1 OR9H1P UNQ9373
Q6ZMB5	TMEM184A
Q6ZWB6	KCTD8
Q6ZWE6	PLEKHM3 DAPR PLEKHM1L
Q7RTS6	OTOP2
Q7RTX9	SLC16A14 MCT14
Q7Z5A4	PRSS42P PRSS42 TESSP2
Q86SM5	MRGPRG GPR169 MRGG
Q86V35	CABP7 CALN2
Q86YR6	POTED A26B3 ANKRD21 POTE
Q8IVV8	NKAIN4 C20orf58 FAM77A
Q8IVY1	C1orf210
Q8IXE1	OR4N5
Q8N0Y3	OR4N4
Q8N0Y5	OR8I2
Q8N127	OR5AS1
Q8N146	OR8H3
Q8N148	OR6V1
Q8N162	OR8H2
Q8N349	OR2L13 OR2L14
Q8N7C4	TMEM217 C6orf128
Q8N7P3	CLDN22
Q8N944	AMER3 FAM123C
Q8NDZ6	TMEM161B UNQ679/PRO1313
Q8NFZ6	VN1R2 V1RL2
Q8NG75	OR5T1 OR5T1P
Q8NG76	OR2T33
Q8NG77	OR2T12
Q8NG78	OR8G5 OR8G5P OR8G6
Q8NG80	OR2L5 OR2L11
Q8NG81	OR2M7
Q8NG83	OR2M3 OR2M3P OR2M6
Q8NG84	OR2AK2 OR2AK1P
Q8NG85	OR2L3
Q8NG92	OR13H1
Q8NG94	OR11H1
Q8NG95	OR7G3
Q8NG97	OR2Z1 OR2Z2
Q8NG99	OR7G2
Q8NGA1	OR1M1
Q8NGA2	OR7A2P OR7A2 OR7A7
Q8NGA5	OR10H4
Q8NGA6	OR10H5
Q8NGA8	OR4F17 OR4F11P OR4F18 OR4F19
Q8NGB2	OR4C5
Q8NGB4	OR4S1
Q8NGB6	OR4M2
Q8NGB8	OR4F15
Q8NGB9	OR4F6 OR4F12
Q8NGC1	OR11G2
Q8NGC2	OR4E2
Q8NGC3	OR10G2
Q8NGC5	OR6J1 OR6J2
Q8NGC6	OR4K17
Q8NGC7	OR11H6
Q8NGC9	OR11H4
Q8NGD1	OR4N2
Q8NGD2	OR4K2
Q8NGD3	OR4K5
Q8NGD4	OR4K1
Q8NGD5	OR4K14
Q8NGE0	OR10AD1 OR10AD1P
Q8NGE1	OR6C4
Q8NGE2	OR2AP1 OR2AP1P
Q8NGE5	OR10A7
Q8NGE7	OR9K2
Q8NGE8	OR4D9
Q8NGE9	OR9Q2 OR9Q2P
Q8NGF0	OR52B6
Q8NGF1	OR52R1
Q8NGF3	OR51D1
Q8NGF4	OR5AP2
Q8NGF6	OR10W1 OR10W1P UNQ6469/PRO34070
Q8NGF7	OR5B17 OR5B20P
Q8NGF8	OR4B1
Q8NGF9	OR4X2
Q8NGG0	OR8J3
Q8NGG2	OR5T2
Q8NGG3	OR5T3
Q8NGG4	OR8H1
Q8NGG5	OR8K1
Q8NGG6	OR8B12
Q8NGG7	OR8A1
Q8NGG8	OR8B3
Q8NGH3	OR2D3
Q8NGH5	OR56A1
Q8NGH6	OR52L2P OR52L2
Q8NGH8	OR56A4
Q8NGH9	OR52E4
Q8NGI0	OR52N2
Q8NGI1	OR56B2 OR56B2P
Q8NGI3	OR56B1 OR56B1P
Q8NGI4	OR4D11 OR4D11P
Q8NGI6	OR4D10 OR4D10P
Q8NGI7	OR10V1
Q8NGI9	OR5A2
Q8NGJ0	OR5A1 OR5A1P
Q8NGJ1	OR4D6
Q8NGJ3	OR52E1 OR52E1P
Q8NGJ4	OR52E2
Q8NGJ5	OR51L1
Q8NGJ6	OR51A4
Q8NGJ7	OR51A2
Q8NGJ8	OR51S1
Q8NGJ9	OR51T1
Q8NGK0	OR51G2
Q8NGK1	OR51G1 OR51G3P
Q8NGK3	OR52K2
Q8NGK4	OR52K1
Q8NGK5	OR52M1 OR52M1P
Q8NGK6	OR52I1
Q8NGK9	OR5D16
Q8NGL0	OR5L2
Q8NGL1	OR5D18
Q8NGL2	OR5L1
Q8NGL3	OR5D14
Q8NGL4	OR5D13
Q8NGL6	OR4A15
Q8NGL7	OR4P4 OR4P3P
Q8NGL9	OR4C16
Q8NGM1	OR4C15
Q8NGM8	OR6M1
Q8NGN0	OR4D5
Q8NGN1	OR6T1
Q8NGN2	OR10S1
Q8NGN4	OR10G9 OR10G10P
Q8NGN5	OR10G8
Q8NGN6	OR10G7
Q8NGN7	OR10D4P OR10D4
Q8NGN8	OR4A4P
Q8NGP0	OR4C13
Q8NGP2	OR8J1
Q8NGP3	OR5M9
Q8NGP4	OR5M3
Q8NGP6	OR5M8
Q8NGP8	OR5M1
Q8NGP9	OR5AR1
Q8NGQ1	OR9G4
Q8NGQ2	OR6Q1
Q8NGQ3	OR1S2
Q8NGQ4	OR10Q1
Q8NGQ5	OR9Q1
Q8NGQ6	OR9I1
Q8NGR1	OR13A1
Q8NGR3	OR1K1
Q8NGR4	OR5C1 OR5C2P
Q8NGR5	OR1L4 OR1L5
Q8NGR8	OR1L8
Q8NGS0	OR1N1 OR1N3
Q8NGS1	OR1J4
Q8NGS3	OR1J1
Q8NGS4	OR13F1
Q8NGS5	OR13C4
Q8NGS6	OR13C3
Q8NGS7	OR13C8
Q8NGS9	OR13C2
Q8NGT0	OR13C9
Q8NGT1	OR2K2 OR2AR1P
Q8NGT2	OR13J1
Q8NGT5	OR9A2
Q8NGT7	OR2A12 OR2A12P
Q8NGT9	OR2A1; OR2A42
Q8NGU1	OR9A1P OR9A1
Q8NGU2	OR9A4
Q8NGU4	OR2I1 OR2I1P OR2I2P OR2I3P OR2I4P
Q8NGU9	GPR150
Q8NGV0	OR2Y1
Q8NGV5	OR13D1
Q8NGV7	OR5H2
Q8NGW1	OR6B3 OR6B3P
Q8NGX0	OR11L1
Q8NGX1	OR2T34
Q8NGX2	OR2T35
Q8NGX5	OR10K1
Q8NGX6	OR10R2
Q8NGX8	OR6Y1 OR6Y2
Q8NGX9	OR6P1
Q8NGY1	OR10Z1
Q8NGY2	OR6K2
Q8NGY5	OR6N1
Q8NGY6	OR6N2
Q8NGY7	OR10J6P OR10J6
Q8NGY9	OR2L8
Q8NGZ0	OR2AJ1 OR2AJ1P
Q8NGZ2	OR14K1 OR5AY1
Q8NGZ3	OR13G1
Q8NGZ4	OR2G3
Q8NGZ5	OR2G2
Q8NGZ6	OR6F1
Q8NGZ9	OR2T10
Q8NH00	OR2T4
Q8NH01	OR2T11
Q8NH02	OR2T29
Q8NH03	OR2T3
Q8NH04	OR2T27
Q8NH05	OR4Q3 C14orf13 OR4Q4
Q8NH06	OR1P1 OR1P1P
Q8NH07	OR11H2 C14orf15 OR11H2P
Q8NH08	OR10AC1 OR10AC1P
Q8NH09	OR8S1
Q8NH16	OR2L2 OR2L12 OR2L4P
Q8NH18	OR5J2
Q8NH37	OR4C3
Q8NH40	OR6S1
Q8NH41	OR4K15
Q8NH42	OR4K13
Q8NH49	OR4X1
Q8NH50	OR8K5
Q8NH51	OR8K3
Q8NH53	OR52N1
Q8NH54	OR56A3 OR56A3P OR56A6
Q8NH55	OR52E5
Q8NH56	OR52N5
Q8NH57	OR52P1 OR52P1P
Q8NH60	OR52J3
Q8NH61	OR51F2
Q8NH63	OR51H1 OR51H1P
Q8NH64	OR51A7
Q8NH67	OR52I2
Q8NH70	OR4A16
Q8NH72	OR4C6
Q8NH73	OR4S2 OR4S2P
Q8NH74	OR10A6
Q8NH76	OR56B4
Q8NH79	OR6X1
Q8NH80	OR10D3 OR10D3P
Q8NH81	OR10G6 OR10G6P
Q8NH83	OR4A5
Q8NH89	OR5AK3P OR5AK3
Q8NH90	OR5AK2
Q8NH93	OR1L3
Q8NH95	OR13C6P
Q8NHA4	OR2AE1 OR2AE2
Q8NHA6	OR2W6P OR2W7P
Q8NHA8	OR1F12P OR1F12
Q8NHB1	OR2V1
Q8NHB7	OR5K1
Q8NHB8	OR5K2
Q8NHC5	OR14A16 OR5AT1
Q8NHC6	OR14L1 OR14L1P OR5AV1P
Q8NHC7	OR14C36 OR5BF1
Q8NHV5	MOSMO ATTHOG C16orf52
Q8TBR7	TLCD3A FAM57A
Q8TDU5	VN1R17P VNRL4
Q969M2	GJA10 CX62
Q96AM1	MRGPRF GPR140 GPR168 MRGF PSEC0142
Q96B33	CLDN23
Q96ES6	SLC33A2 MFSD3
Q96P67	GPR82
Q96P88	GNRHR2
Q96R08	OR5B12 OR5B12P OR5B16
Q96R09	OR5B2
Q96R27	OR2M4
Q96R28	OR2M2
Q96R30	OR2V2 OR2V3
Q96R45	OR2A7
Q96R47	OR2A14 OR2A14P OR2A6
Q96R54	OR14A2 OR5AX1 OR5AX1P
Q96R67	OR4C12
Q96R69	OR4F4
Q96R72	OR4K3 OR4K3P
Q96R84	OR1F2P OR1F2
Q96RB7	OR5M11
Q96RC9	OR8B4 OR8B4P
Q96RD0	OR8B2
Q96RD1	OR6C1
Q96RD2	OR52B2
Q96RD3	OR52E6
Q96TA0	PCDHB18P PCDHB18
Q99445	GML LY6DL
Q99603	TRGV9 TCRGV9
Q99679	GPR21
Q99680	GPR22
Q9BSK0	MARVELD1 MRVLDC1
Q9BXE9	VN1R3 V1RL3 FKSG46
Q9GZK3	OR2B2 OR2B9
Q9GZK7	OR11A1 OR11A2
Q9H2C5	OR52A5
Q9H343	OR51I1
Q9H344	OR51I2
Q9H346	OR52D1
Q9HBL7	PLGRKT C9orf46 AD025 MDS030
Q9NPD7	NRN1 NRN
Q9NS67	GPR27 SREB1
Q9NX77	ERVK13-1
Q9NYT0	PLEK2
Q9NZP0	OR6C3
Q9NZP2	OR6C2
Q9NZP5	OR5AC2
Q9P1P4	TAAR3P GPR57 TAAR3
Q9P1P5	TAAR2 GPR58
Q9UF02	CACNG5
Q9UGF5	OR14J1 OR5U1
Q9UGF6	OR5V1
Q9UGF7	OR12D3
Q9Y3N9	OR2W1
Q9Y4A9	OR10H1
Q9Y5P0	OR51B4
A0A075B6S0	TRGJ1 TCRGJ1
A0A075B6Y3	TRAJ3
A0A075B6Y9	TRAJ42
A0A075B706	TRDJ1
A0A087WXS9	TBC1D3I
A0A087X1G2	TBC1D3K
A0A0A0MT70	TRBJ2-6
A0A0A0MT76	IGLJ1
A0A0A0MT78	TRBJ2-7
A0A0A0MT89	IGKJ1
A0A0A0MTA7	TRBJ2-1
A0A0B4J200	TRBJ2-3 hCG_2039521
A0A0C4DH62	IGHJ1
A0A0J9YWX3	TRBJ1-6
A0A0J9YX06	TRBJ1-2
A0A1W2PPG7	GNG14
A6NGZ8	SMIM9 CXorf68
A6NLE4	SMIM23 C5orf50
A6NM45	CLDN24 CLDN21
A6NMD0	IFITM10
H3BQJ8	LY6L
H7C241	CLDN34
P0C7N8	OR9G9
P0DOY5	IGHD1-1
P0DPI4	TRBD1
P0DPR3	TRDD1
P0DTL4	LY6S
Q5H943	CT83 CXorf61 KKLC1
Q8N8D7	NKAIN3 FAM77D
Q8NH21	OR4F5
A0A075B700	TRAJ31
A0A0A0MT87	TRBJ2-4
A0A0A0MT94	TRBJ2-2
A0A0A0MTA4	TRBJ2-5
A0A0J9YWP8	TRBJ1-3
A0A0J9YXA8	TRBJ1-1
A0A0J9YXG5	TRBJ1-4
A0A0J9YXM7	TRBJ1-5
