gene,group,293T_present,293T_degree,HCT116_present,HCT116_degree
ABCB5,background,True,1,False,
ADH1A,gated,True,2,False,
ADH1B,gated,True,2,False,
ADH1C,gated,True,1,True,15
AFM,gated,True,4,True,2
AIF1,background,True,7,False,
AKR1B10,gated,True,11,True,11
ALK,background,True,9,False,
ANPEP,gated,False,,False,
APOC3,gated,True,14,True,5
APOD,gated,True,42,True,30
AQP1,gated,True,1,True,1
AQP4,gated,False,,False,
ASGR2,gated,True,14,True,6
ATP1B2,gated,True,5,False,
ATP6V1B1,gated,True,17,True,23
ATP7A,background,True,38,False,
B2M,gated,True,21,True,14
BOC,background,True,4,True,9
C1QBP,background,True,82,True,33
CA12,gated,True,1,True,1
CA9,gated,False,,False,
CD19,references,True,5,False,
CD24,gated,False,,False,
CD63,gated,True,43,True,34
CD74,gated,True,5,True,5
CDC42EP1,gated,False,,True,33
CDC50A,background,False,,False,
CDC50B,background,False,,False,
CDH12,background,True,8,True,11
CDH17,gated,True,4,False,
CEACAM5,gated,False,,True,1
CEACAM6,gated,False,,False,
CHIC1,background,True,12,False,
CKB,gated,True,2,True,1
CLCNKB,background,False,,False,
CLDN18,gated,True,2,False,
CLDN2,gated,False,,False,
CLDN3,gated,True,3,True,2
CLDN4,gated,False,,False,
CLDN6,gated,False,,False,
CLSTN1,background,True,43,True,31
CLSTN3,background,True,6,True,44
CLTRN,gated,False,,False,
CNNM2,background,True,4,True,11
CT83,background,False,,False,
CTTN,background,True,7,False,
CX3CR1,background,False,,False,
CYP2C9,gated,True,3,True,3
CYS1,background,True,11,True,18
DCHS1,background,True,14,False,
DCT,gated,True,6,True,11
DLGAP1,background,False,,False,
DNER,gated,False,,False,
DOCK4,background,True,15,True,2
DPEP1,gated,True,45,True,25
EEF1A1,gated,True,16,True,12
EEF2,gated,True,3,True,1
EGFR,gated,True,14,True,10
EMCN,background,True,6,False,
ENPP3,gated,True,3,False,
EPCAM,gated,False,,True,1
ERBB2,references,True,11,True,13
ERRFI1,background,True,5,True,4
ERVMER34-1,background,False,,False,
FABP3,gated,True,1,False,
FFAR1,background,False,,True,233
FOLR1,references,True,2,False,
FRMPD2,background,True,3,True,8
GAP43,gated,True,23,False,
GAPDH,gated,True,3,True,4
GJA5,background,False,,False,
GJB1,gated,False,,False,
GJB2,background,False,,True,5
GNA11,background,True,6,True,13
GP2,gated,False,,False,
GP6,background,False,,False,
GPC4,background,True,24,True,6
GPM6A,gated,True,113,True,8
GPM6B,gated,True,4,True,7
GPR15,background,False,,False,
HJV,gated,False,,False,
HLA-A,gated,True,3,True,8
HLA-B,gated,True,48,True,109
HLA-C,gated,True,59,True,136
HLA-DRA,gated,True,45,True,93
HLA-DRB1,gated,True,18,True,91
HLA-DRB5,gated,True,5,True,16
HMOX1,gated,True,28,True,24
HSP90AB1,gated,True,36,True,30
HSPB1,gated,True,5,True,4
HTR2B,background,False,,False,
IFITM3,gated,True,18,True,44
IGKV1-12,background,False,,False,
IGKV2-28,background,False,,False,
IGKV6D-41,background,False,,False,
IGLV1-40,background,False,,False,
IGLV11-55,background,False,,False,
ITM2C,background,False,,True,36
JAML,background,False,,False,
JUP,gated,True,32,True,14
KIR2DL1,background,True,24,True,5
KLK7,gated,True,25,True,31
KLRG1,background,False,,False,
KRAS,background,True,2,True,4
KRT1,gated,True,1,False,
LAT,background,True,1,True,4
LGALS4,gated,False,,False,
LGR5,background,True,4,False,
LPCAT1,gated,True,3,True,8
LY6E,gated,False,,False,
MAL,background,False,,False,
MC1R,background,False,,False,
MICA,background,True,39,True,37
MINPP1,background,True,21,True,4
MISP,gated,False,,False,
MLC1,gated,True,8,False,
MMP16,background,False,,False,
MSLN,gated,True,2,True,24
MUC13,gated,False,,False,
MYMK,background,False,,False,
NLGN3,background,True,14,False,
NMB,gated,True,16,True,19
NOD1,background,False,,False,
NOS3,background,False,,False,
NOX1,gated,True,2,False,
OLFM4,gated,True,15,True,4
OR10G7,background,False,,False,
OR12D2,background,False,,False,
OR13C2,background,False,,False,
OR2A14,background,False,,False,
OR2I1P,gated,False,,False,
OR2T11,background,False,,False,
OR3A1,background,False,,True,3
OR4A47,background,False,,False,
OR52E4,background,False,,False,
OR52P1,background,False,,False,
OR5P2,background,False,,False,
OR8B12,background,False,,False,
OR8D4,background,False,,False,
P2RY14,background,True,1,False,
PACSIN2,background,True,35,True,7
PCDHA10,background,True,16,False,
PCDHB15,background,False,,False,
PCDHB18P,background,False,,False,
PCDHB5,background,True,8,True,1
PCDHGB1,background,True,59,False,
PCNA,positive_controls,True,9,True,15
PDPN,gated,True,5,True,7
PERP,gated,False,,False,
PI3,gated,True,1,True,2
PIGR,gated,True,23,True,30
PLA2G2A,gated,False,,False,
PLP1,gated,True,4,False,
POLR2A,positive_controls,True,29,True,13
PRAME,gated,True,21,True,26
PRICKLE3,background,True,40,True,26
PRSS21,background,True,12,False,
PRX,background,False,,False,
PSCA,gated,True,82,True,20
PSMA1,positive_controls,True,24,True,28
PTPRZ1,gated,True,5,False,
RAPSN,background,False,,True,8
RPS3,positive_controls,True,166,True,29
S100A6,gated,True,129,False,
S100A9,gated,True,26,True,26
S100P,gated,True,201,True,10
S1PR3,background,False,,False,
S1PR5,background,True,6,False,
SCNN1A,gated,False,,True,38
SEPTIN2,background,False,,False,
SLC15A1,background,True,56,False,
SLC17A3,gated,False,,False,
SLC1A3,gated,True,2,True,12
SLC22A8,background,True,16,False,
SLC2A2,gated,True,5,True,1
SLC34A2,gated,True,11,True,17
SLC39A6,gated,True,9,True,25
SLC5A9,background,True,2,False,
SLC6A19,background,False,,False,
SLCO2B1,background,False,,False,
SPINT1,gated,True,4,True,22
SPP1,gated,False,,False,
SSTR3,background,False,,False,
TACSTD2,gated,True,111,True,3
TAS2R16,background,False,,False,
TBC1D3L,background,False,,False,
TGM1,background,True,94,True,53
THBS2,gated,True,10,False,
TLR4,background,False,,False,
TM4SF4,gated,False,,False,
TM4SF5,gated,True,30,False,
TNFRSF17,references,True,11,False,
TRBV12-4,background,False,,False,
TRBV7-1,background,False,,False,
TRBV7-4,background,False,,False,
TSPAN8,gated,True,24,True,53
TTYH2,background,True,4,True,1
TULP3,background,True,47,True,10
UBE2C,gated,True,1,False,
UNC93A,background,False,,False,
VCAM1,gated,True,17,False,
VIM,gated,True,16,True,35
VLDLR,background,True,10,False,
VNN1,background,True,8,False,
