gene,class,strict_total,strict_onc_total,verified,strict_onc_active,broad_total,alias_total,alias_active,verdict,n_nct_union
ABCB5,background,0,0,0,0,1,0,0,silent,1
AIF1,background,0,0,0,0,1,0,0,silent,1
ALK,background,41,16,16,6,192,0,0,genuine,204
ATP7A,background,10,3,0,3,5,0,0,collision,5
BOC,background,3,0,0,0,0,0,0,silent,0
C1QBP,background,0,0,0,0,0,0,0,silent,0
CDC50A,background,0,0,0,0,0,0,0,silent,0
CDC50B,background,0,0,0,0,0,0,0,silent,0
CDH12,background,0,0,0,0,0,0,0,silent,0
CHIC1,background,0,0,0,0,0,0,0,silent,0
CLCNKB,background,0,0,0,0,0,0,0,silent,0
CLSTN1,background,0,0,0,0,0,0,0,silent,0
CLSTN3,background,0,0,0,0,0,0,0,silent,0
CNNM2,background,0,0,0,0,0,0,0,silent,0
CT83,background,2,2,2,1,2,0,0,genuine,2
CTTN,background,1,1,0,0,1,0,0,biomarker,2
CX3CR1,background,0,0,0,0,8,0,0,silent,8
CYS1,background,0,0,0,0,0,0,0,silent,0
DCHS1,background,0,0,0,0,0,0,0,silent,0
DLGAP1,background,0,0,0,0,0,0,0,silent,0
DOCK4,background,0,0,0,0,0,0,0,silent,0
EMCN,background,0,0,0,0,1,0,0,silent,1
ERRFI1,background,0,0,0,0,0,0,0,silent,0
ERVMER34-1,background,0,0,0,0,0,0,0,silent,0
FFAR1,background,0,0,0,0,1,0,0,silent,1
FRMPD2,background,0,0,0,0,0,0,0,silent,0
GJA5,background,0,0,0,0,0,0,0,silent,0
GJB2,background,1,0,0,0,0,0,0,silent,0
GNA11,background,0,0,0,0,2,0,0,silent,2
GP6,background,0,0,0,0,3,0,0,silent,3
GPC4,background,0,0,0,0,0,0,0,silent,0
GPR15,background,0,0,0,0,0,0,0,silent,0
HTR2B,background,0,0,0,0,0,0,0,silent,0
IGKV1-12,background,0,0,0,0,0,0,0,silent,0
IGKV2-28,background,0,0,0,0,0,0,0,silent,0
IGKV6D-41,background,0,0,0,0,0,0,0,silent,0
IGLV1-40,background,0,0,0,0,0,0,0,silent,0
IGLV11-55,background,0,0,0,0,0,0,0,silent,0
ITM2C,background,0,0,0,0,0,0,0,silent,0
JAML,background,0,0,0,0,0,0,0,silent,0
KIR2DL1,background,0,0,0,0,3,0,0,silent,3
KLRG1,background,0,0,0,0,7,0,0,silent,7
KRAS,background,34,34,34,20,723,0,0,genuine,747
LAT,background,20,7,0,5,20,0,0,collision,25
LGR5,background,0,0,0,0,4,0,0,silent,4
MAL,background,29,19,0,0,17,0,0,collision,36
MC1R,background,4,4,0,1,1,0,0,biomarker,5
MICA,background,5,1,1,1,20,0,0,genuine,20
MINPP1,background,0,0,0,0,0,0,0,silent,0
MMP16,background,0,0,0,0,0,0,0,silent,0
MYMK,background,0,0,0,0,0,0,0,silent,0
NLGN3,background,0,0,0,0,0,0,0,silent,0
NOD1,background,0,0,0,0,3,0,0,silent,3
NOS3,background,0,0,0,0,9,0,0,silent,9
OR10G7,background,0,0,0,0,0,0,0,silent,0
OR12D2,background,0,0,0,0,0,0,0,silent,0
OR13C2,background,0,0,0,0,0,0,0,silent,0
OR2A14,background,0,0,0,0,0,0,0,silent,0
OR2T11,background,0,0,0,0,0,0,0,silent,0
OR3A1,background,0,0,0,0,0,0,0,silent,0
OR4A47,background,0,0,0,0,0,0,0,silent,0
OR52E4,background,0,0,0,0,0,0,0,silent,0
OR52P1,background,0,0,0,0,0,0,0,silent,0
OR5P2,background,0,0,0,0,0,0,0,silent,0
OR8B12,background,0,0,0,0,0,0,0,silent,0
OR8D4,background,0,0,0,0,0,0,0,silent,0
P2RY14,background,0,0,0,0,0,0,0,silent,0
PACSIN2,background,0,0,0,0,0,0,0,silent,0
PCDHA10,background,0,0,0,0,0,0,0,silent,0
PCDHB15,background,0,0,0,0,0,0,0,silent,0
PCDHB18P,background,0,0,0,0,0,0,0,silent,0
PCDHB5,background,0,0,0,0,0,0,0,silent,0
PCDHGB1,background,0,0,0,0,0,0,0,silent,0
PRICKLE3,background,0,0,0,0,0,0,0,silent,0
PRSS21,background,0,0,0,0,0,0,0,silent,0
PRX,background,3,0,0,0,30,0,0,silent,30
RAPSN,background,0,0,0,0,0,0,0,silent,0
S1PR3,background,0,0,0,0,0,0,0,silent,0
S1PR5,background,0,0,0,0,0,0,0,silent,0
SEPTIN2,background,0,0,0,0,0,0,0,silent,0
SLC15A1,background,0,0,0,0,0,0,0,silent,0
SLC22A8,background,0,0,0,0,0,0,0,silent,0
SLC5A9,background,0,0,0,0,0,0,0,silent,0
SLC6A19,background,0,0,0,0,0,0,0,silent,0
SLCO2B1,background,0,0,0,0,0,0,0,silent,0
SSTR3,background,0,0,0,0,0,0,0,silent,0
TAS2R16,background,0,0,0,0,0,0,0,silent,0
TBC1D3L,background,0,0,0,0,0,0,0,silent,0
TGM1,background,0,0,0,0,0,0,0,silent,0
TLR4,background,4,2,2,0,34,0,0,genuine,36
TRBV12-4,background,0,0,0,0,0,0,0,silent,0
TRBV7-1,background,0,0,0,0,0,0,0,silent,0
TRBV7-4,background,0,0,0,0,0,0,0,silent,0
TTYH2,background,0,0,0,0,0,0,0,silent,0
TULP3,background,0,0,0,0,0,0,0,silent,0
UNC93A,background,0,0,0,0,0,0,0,silent,0
VLDLR,background,0,0,0,0,0,0,0,silent,0
VNN1,background,0,0,0,0,0,0,0,silent,0
ADH1A,gated,0,0,0,0,0,0,0,silent,0
ADH1B,gated,0,0,0,0,0,0,0,silent,0
ADH1C,gated,0,0,0,0,0,0,0,silent,0
AFM,gated,13,2,0,0,8,0,0,collision,9
AKR1B10,gated,1,1,0,1,0,0,0,biomarker,1
ANPEP,gated,2,1,0,1,2,0,0,collision,3
APOC3,gated,7,0,0,0,20,0,0,silent,20
APOD,gated,0,0,0,0,0,0,0,silent,0
AQP1,gated,0,0,0,0,0,0,0,silent,0
AQP4,gated,4,1,0,1,71,0,0,collision,72
ASGR2,gated,0,0,0,0,0,0,0,silent,0
ATP1B2,gated,0,0,0,0,0,0,0,silent,0
ATP6V1B1,gated,0,0,0,0,0,0,0,silent,0
B2M,gated,1,1,0,0,46,0,0,biomarker,47
CA12,gated,0,0,0,0,1,1,1,silent,1
CA9,gated,7,7,7,1,21,23,9,genuine,26
CD24,gated,6,4,4,0,18,0,0,genuine,20
CD63,gated,0,0,0,0,20,0,0,silent,20
CD74,gated,2,2,0,0,15,0,0,biomarker,16
CDC42EP1,gated,0,0,0,0,0,0,0,silent,0
CDH17,gated,6,5,5,2,34,0,0,genuine,35
CEACAM5,gated,7,7,7,0,116,0,0,genuine,123
CEACAM6,gated,0,0,0,0,2,0,0,silent,2
CKB,gated,0,0,0,0,38,0,0,silent,38
CLDN18,gated,0,0,0,0,2,108,69,silent,108
CLDN2,gated,0,0,0,0,0,0,0,silent,0
CLDN3,gated,1,0,0,0,4,0,0,silent,4
CLDN4,gated,0,0,0,0,1,0,0,silent,1
CLDN6,gated,3,3,3,2,17,17,12,genuine,17
CLTRN,gated,0,0,0,0,0,0,0,silent,0
CYP2C9,gated,7,2,0,2,11,0,0,collision,13
DCT,gated,4,1,0,0,10,0,0,collision,11
DNER,gated,0,0,0,0,4,0,0,silent,4
DPEP1,gated,0,0,0,0,3,0,0,silent,3
EEF1A1,gated,0,0,0,0,1,0,0,silent,1
EEF2,gated,0,0,0,0,1,0,0,silent,1
EGFR,gated,166,148,148,53,1000,0,0,genuine,1117
ENPP3,gated,0,0,0,0,2,0,0,silent,2
EPCAM,gated,10,10,10,2,54,0,0,genuine,55
FABP3,gated,2,0,0,0,5,0,0,silent,5
GAP43,gated,0,0,0,0,2,0,0,silent,2
GAPDH,gated,0,0,0,0,14,0,0,silent,14
GJB1,gated,0,0,0,0,0,0,0,silent,0
GP2,gated,2,2,0,0,6,0,0,collision,7
GPM6A,gated,0,0,0,0,0,0,0,silent,0
GPM6B,gated,0,0,0,0,0,0,0,silent,0
HJV,gated,0,0,0,0,1,0,0,silent,1
HLA-A,gated,34,25,25,6,1000,0,0,genuine,1022
HLA-B,gated,12,2,0,2,625,0,0,collision,626
HLA-C,gated,8,3,0,1,240,0,0,collision,241
HLA-DRA,gated,0,0,0,0,3,0,0,silent,3
HLA-DRB1,gated,1,0,0,0,18,0,0,silent,18
HLA-DRB5,gated,0,0,0,0,0,0,0,silent,0
HMOX1,gated,2,0,0,0,10,0,0,silent,10
HSP90AB1,gated,0,0,0,0,0,0,0,silent,0
HSPB1,gated,0,0,0,0,3,0,0,silent,3
IFITM3,gated,0,0,0,0,1,0,0,silent,1
JUP,gated,0,0,0,0,5,0,0,silent,5
KLK7,gated,0,0,0,0,1,0,0,silent,1
KRT1,gated,0,0,0,0,1,0,0,silent,1
LGALS4,gated,0,0,0,0,0,0,0,silent,0
LPCAT1,gated,0,0,0,0,0,0,0,silent,0
LY6E,gated,0,0,0,0,1,0,0,silent,1
MISP,gated,0,0,0,0,15,0,0,silent,15
MLC1,gated,0,0,0,0,0,0,0,silent,0
MSLN,gated,41,41,41,15,131,131,55,genuine,136
MUC13,gated,0,0,0,0,0,0,0,silent,0
NMB,gated,87,15,0,3,17,0,0,collision,32
NOX1,gated,0,0,0,0,1,0,0,silent,1
OLFM4,gated,1,1,0,1,0,0,0,biomarker,1
OR2I1P,gated,0,0,0,0,0,0,0,silent,0
PDPN,gated,0,0,0,0,5,0,0,silent,5
PERP,gated,0,0,0,0,0,0,0,silent,0
PI3,gated,1,0,0,0,15,0,0,silent,15
PIGR,gated,0,0,0,0,1,0,0,silent,1
PLA2G2A,gated,0,0,0,0,1,0,0,silent,1
PLP1,gated,0,0,0,0,0,0,0,silent,0
PRAME,gated,4,4,4,1,15,0,0,genuine,18
PSCA,gated,5,5,5,4,13,13,8,genuine,14
PTPRZ1,gated,0,0,0,0,1,0,0,silent,1
S100A6,gated,0,0,0,0,0,0,0,silent,0
S100A9,gated,52,7,0,1,269,0,0,biomarker,276
S100P,gated,0,0,0,0,0,0,0,silent,0
SCNN1A,gated,0,0,0,0,0,0,0,silent,0
SLC17A3,gated,0,0,0,0,0,0,0,silent,0
SLC1A3,gated,0,0,0,0,0,0,0,silent,0
SLC2A2,gated,2,0,0,0,4,0,0,silent,4
SLC34A2,gated,0,0,0,0,0,0,0,silent,0
SLC39A6,gated,0,0,0,0,0,4,2,silent,4
SPINT1,gated,0,0,0,0,0,0,0,silent,0
SPP1,gated,7,2,0,0,29,0,0,biomarker,31
TACSTD2,gated,16,16,16,14,146,0,0,genuine,149
THBS2,gated,0,0,0,0,0,0,0,silent,0
TM4SF4,gated,0,0,0,0,0,0,0,silent,0
TM4SF5,gated,0,0,0,0,0,0,0,silent,0
TSPAN8,gated,0,0,0,0,0,0,0,silent,0
UBE2C,gated,0,0,0,0,1,0,0,silent,1
VCAM1,gated,0,0,0,0,46,0,0,silent,46
VIM,gated,20,3,0,2,22,0,0,biomarker,25
PCNA,positive_control,11,11,2,5,48,0,0,mixed,55
POLR2A,positive_control,0,0,0,0,0,0,0,silent,0
PSMA1,positive_control,3,3,0,1,0,0,0,collision,3
RPS3,positive_control,0,0,0,0,0,0,0,silent,0
CD19,reference,497,407,407,191,1000,1000,510,genuine,1186
ERBB2,reference,145,145,145,55,1000,1000,355,genuine,1114
FOLR1,reference,10,10,10,6,70,74,32,genuine,76
TNFRSF17,reference,0,0,0,0,3,566,389,silent,566
