gene,group,ensembl,loeuf,pli,mis_z,obs_lof,exp_lof,hgnc_id,locus_type,gene_groups,max_group_size,accession,n_reactome,depmap_median,depmap_frac_dep,escape_quadrant
ABCB5,background,ENSG00000004846,1.2283246260655936,8.211483965542539e-57,-3.3821145522629372,155,144.17754531807347,HGNC:46,gene with protein product,ATP binding cassette subfamily B,11,Q2M3G0,1,-0.030619361608784798,0.003395585738539898,free_loss
ADH1A,gated,ENSG00000187758,1.1234608215625157,6.4335114551039845e-09,-0.0855827071576958,29,35.195684161847815,HGNC:249,gene with protein product,Alcohol dehydrogenases,8,P07327,3,0.0273500120142156,0.0008488964346349745,free_loss
ADH1B,gated,ENSG00000196616,1.143450115782384,4.575364511266927e-09,0.8749114524086883,29,34.580408623133685,HGNC:250,gene with protein product,Alcohol dehydrogenases,8,P00325,1,0.0190222330189012,0.0,free_loss
ADH1C,gated,ENSG00000248144,1.0313961314581201,2.568544490339059e-07,1.035620670789567,26,34.97842098021911,HGNC:251,gene with protein product,Alcohol dehydrogenases,8,P00326,2,,,unknown
AFM,gated,ENSG00000079557,1.4341254748525467,7.176302280010243e-33,-1.1300236342784804,82,68.70525257171879,HGNC:316,gene with protein product,Albuminoid family,4,P43652,0,0.07407649492423521,0.0,free_loss
AIF1,background,ENSG00000204472,1.4687844273066004,4.994391506029339e-08,0.31069352671439193,21,20.58875538776099,HGNC:352,gene with protein product,EF-hand domain containing,198,P55008,0,-0.1500884291360864,0.003395585738539898,free_loss
AKR1B10,gated,ENSG00000198074,1.309236473953934,7.081782790992628e-14,0.4706381021014571,39,38.9079726971541,HGNC:382,gene with protein product,Aldo-keto reductases,19,O60218,1,0.10796697737449859,0.0008488964346349745,free_loss
ALK,background,ENSG00000171094,0.5503952688319909,4.3685460902636335e-05,0.39344336653945994,74,163.13787955996915,HGNC:427,gene with protein product,CD molecules;ALK and LTK receptor tyrosine kinase family,394,Q9UM73,11,-0.0488412569379781,0.005942275042444821,germline_constrained
ANPEP,gated,ENSG00000166825,0.7452098121016649,1.7944427414464883e-13,0.907161467896988,70,114.60476963526085,HGNC:500,gene with protein product,Aminopeptidases;CD molecules;M1 metallopeptidases,394,P15144,2,0.06288969701532554,0.0,free_loss
APOC3,gated,ENSG00000110245,1.6135556051084998,0.010174945365025273,0.07302199655750088,6,7.339316733137298,HGNC:610,gene with protein product,Apolipoproteins,21,P02656,4,0.0263800374839378,0.0,free_loss
APOD,gated,ENSG00000189058,1.5429436031793065,1.0446879001123879e-08,0.1862525592175087,22,20.36031008584657,HGNC:612,gene with protein product,Apolipoproteins;Lipocalins,21,P05090,2,0.0054399174240919,0.0,free_loss
AQP1,gated,ENSG00000240583,0.9249529994000504,0.012561897086182322,1.1023855144228751,11,19.6847994035519,HGNC:633,gene with protein product,Aquaporins;Blood group antigens,54,P29972,5,0.09111531970853701,0.0,free_loss
AQP4,gated,ENSG00000171885,0.9601438098740182,0.0001356524303732247,-0.07985550771357902,18,27.799762949038765,HGNC:637,gene with protein product,Aquaporins,14,P55087,2,0.060222931297636756,0.0,free_loss
ASGR2,gated,ENSG00000161944,1.4011512286465415,1.0501492849221622e-12,0.03134852376244165,34,32.30601507673457,HGNC:743,gene with protein product,C-type lectin domain containing,86,P07307,1,0.0486580764830403,0.0,free_loss
ATP1B2,gated,ENSG00000129244,0.5212430720484384,0.9621637237790563,1.4560298032918346,12,37.30038895962197,HGNC:805,gene with protein product,ATPase Na+/K+ transporting subunits,7,P14415,4,0.0066418564529132,0.0008488964346349745,germline_constrained
ATP6V1B1,gated,ENSG00000116039,0.8559691469526625,2.168175645269529e-09,0.7513474645749934,41,62.148758878458985,HGNC:853,gene with protein product,V-type ATPase subunits;ATPase F1/V1 alpha/A and beta/B subunit family,23,P15313,5,-0.0339349344188606,0.0,free_loss
ATP7A,background,ENSG00000165240,0.15751191178616983,0.9999999999999917,2.302916431216036,7,83.47377448050614,HGNC:869,gene with protein product,ATPase copper transporting,2,Q04656,3,-0.12482362271413655,0.0432937181663837,germline_constrained
B2M,gated,ENSG00000166710,0.5344540987319212,0.9475481329578734,1.2141532721846016,3,14.507619169409551,HGNC:914,gene with protein product,C1-set domain containing,42,P61769,12,0.06081101322279135,0.0,germline_constrained
BOC,background,ENSG00000144857,0.821312138974493,3.092037420413154e-17,2.2237882641144773,76,111.99067998084796,HGNC:17173,gene with protein product,Fibronectin type III domain containing;I-set domain containing;Ig-like cell adhesion molecule family,161,Q9BWV1,3,-0.05727579060887685,0.001697792869269949,free_loss
C1QBP,background,ENSG00000108561,1.1477543794743021,1.6637802893175205e-07,0.4252631004349556,24,29.407340000941616,HGNC:1243,gene with protein product,MIER complex subunits,7,Q07021,6,-0.3726187119253266,0.3030560271646859,tumour_dependent
CA12,gated,ENSG00000074410,1.0155466953599186,4.4256144018159507e-10,0.3083492885910601,36,46.812946713171854,HGNC:1371,gene with protein product,Carbonic anhydrases,18,O43570,1,-0.08038173166913265,0.0008488964346349745,free_loss
CA9,gated,ENSG00000107159,1.0701773365992724,8.928886978650569e-13,0.13013122340216113,43,51.812909426342245,HGNC:1383,gene with protein product,Carbonic anhydrases,18,Q16790,2,-0.02291359938343095,0.001697792869269949,free_loss
CD19,references,ENSG00000177455,0.6153932736468157,0.006294789093513418,1.5062201357471376,32,69.8455045923752,HGNC:1633,gene with protein product,CD molecules;Immunoglobulin like domain containing;Minor histocompatibility antigens,394,P15391,6,-0.09380327741935945,0.022920203735144314,free_loss
CD24,gated,ENSG00000272398,1.7693676354116687,0.18149429417522922,1.3920618884603035,2,3.558216786534124,HGNC:1645,gene with protein product,CD molecules,394,P25063,3,,,unknown
CD63,gated,ENSG00000135404,0.8324974847496945,0.0032324118241373965,1.1461197791114712,16,29.19069922590058,HGNC:1692,gene with protein product,CD molecules;Tetraspanin family,394,P08962,2,-0.16806000757399694,0.001697792869269949,free_loss
CD74,gated,ENSG00000019582,0.7833896887934817,0.0012476237334666826,1.113211398120474,20,37.0977806526828,HGNC:1697,gene with protein product,CD molecules,394,P04233,3,0.0210582221484764,0.0008488964346349745,free_loss
CDC42EP1,gated,ENSG00000128283,1.5976498329458488,0.010593613013635301,-0.5140738919527512,6,7.412384997145792,HGNC:17014,gene with protein product,CDC42 effector proteins,5,Q00587,7,0.0629788670099124,0.0,free_loss
CDC50A,background,ENSG00000112697,0.8847019564648265,1.5458724218984008e-05,1.7654405875800872,24,38.151157040096905,HGNC:16667,gene with protein product,,0,Q9NV96,1,,,unknown
CDC50B,background,ENSG00000182107,1.2499700291625033,1.9501842889347478e-08,-0.5588793095521717,25,27.933533889063188,HGNC:27254,gene with protein product,,0,Q3MIR4,0,,,unknown
CDH12,background,ENSG00000154162,0.7182843345042947,8.315370961866454e-07,0.43955831036251714,41,74.06178523728221,HGNC:1751,gene with protein product,Type II classical cadherins,13,P55289,1,0.0897903435410842,0.0,free_loss
CDH17,gated,ENSG00000079112,0.9512774858425831,5.087957573695903e-18,0.3292356852482422,67,86.31351172614615,HGNC:1756,gene with protein product,7D cadherins,2,Q12864,1,-0.0559356296263712,0.0008488964346349745,free_loss
CEACAM5,gated,ENSG00000105388,1.0405241692905725,3.82041959012202e-15,1.0841116368705528,52,62.96415889089138,HGNC:1817,gene with protein product,CD molecules;V-set domain containing;I-set domain containing;CEA cell adhesion molecule family,394,P06731,2,-0.007450376753287099,0.0,free_loss
CEACAM6,gated,ENSG00000086548,0.9332231866710041,3.438015205978329e-05,0.5384436955280344,21,32.4042991248878,HGNC:1818,gene with protein product,CD molecules;V-set domain containing;CEA cell adhesion molecule family,394,P40199,3,-0.20193334442901145,0.03310696095076401,free_loss
CHIC1,background,ENSG00000204116,0.7115215815732675,0.49134184100667316,0.5743716059581436,7,18.478868586613935,HGNC:1934,gene with protein product,Armadillo like helical domain containing;Cysteine rich hydrophobic domain family,244,Q5VXU3,0,0.06955557916100195,0.0008488964346349745,free_loss
CKB,gated,ENSG00000166165,0.6259246158367101,0.34415632917188804,2.248118379338752,15,36.90081708843475,HGNC:1991,gene with protein product,Creatine kinase family,5,P12277,2,0.04511478883958265,0.0,free_loss
CLCNKB,background,ENSG00000184908,1.0713696309776612,1.536421273253711e-22,1.3639617124855306,74,83.80890635769975,HGNC:2027,gene with protein product,CLC chloride channel and transporter family,9,P51801,1,0.0165390663823496,0.0,free_loss
CLDN18,gated,ENSG00000066405,1.1615209448793278,2.5643099076988778e-06,1.11184577216613,20,25.020658446631213,HGNC:2039,gene with protein product,Claudins,23,P56856,1,0.08614616037726035,0.0008488964346349745,free_loss
CLDN2,gated,ENSG00000165376,0.5811059661647608,0.8964787513527817,2.106080783553852,1,8.163510262507872,HGNC:2041,gene with protein product,Claudins,23,P57739,1,0.037694511943444656,0.0,germline_constrained
CLDN3,gated,ENSG00000165215,0.7270613738894699,0.5235966193751586,1.3972063009372289,6,16.28802750044126,HGNC:2045,gene with protein product,Claudins,23,O15551,1,0.07023682079497309,0.0,free_loss
CLDN4,gated,ENSG00000189143,1.419054923077051,0.0001488500036175592,1.1220922405533402,12,13.701068939429156,HGNC:2046,gene with protein product,Claudins,23,O14493,1,0.0415923064182723,0.0,free_loss
CLDN6,gated,ENSG00000184697,,,0.12902700077057452,,,HGNC:2048,gene with protein product,Claudins,23,P56747,1,-0.2010062031586711,0.031409168081494056,unknown
CLSTN1,background,ENSG00000171603,0.3544746705877053,0.9999999945828187,1.7208456715220042,28,108.29801044566437,HGNC:17447,gene with protein product,Cadherin related,17,O94985,0,-0.0302524715766646,0.003395585738539898,germline_constrained
CLSTN3,background,ENSG00000139182,0.4956730226567068,0.9542459033697802,2.2127553218024634,36,95.91148027345318,HGNC:18371,gene with protein product,Cadherin related,17,Q9BQT9,0,-0.0972382864217993,0.0,germline_constrained
CLTRN,gated,ENSG00000147003,1.3444288660048784,0.0002284550458173318,0.36917399174838217,12,14.461582774320219,HGNC:29437,gene with protein product,,0,Q9HBJ8,1,0.02008775556777915,0.0,free_loss
CNNM2,background,ENSG00000148842,0.29054273227460137,0.9999999850036789,5.774537800161487,12,66.91810591062801,HGNC:103,gene with protein product,"Solute carrier family 70, cyclin and CBS domain divalent metal cation transport mediators",4,Q9H8M5,0,-0.0225581643443728,0.0,germline_constrained
CT83,background,ENSG00000204019,4.552045255820498,0.02050648707213393,0.22266908282281683,3,1.7033346753348881,HGNC:33494,gene with protein product,,0,Q5H943,0,0.04152342912793025,0.0050933786078098476,free_loss
CTTN,background,ENSG00000085733,0.45695859700523334,0.9990069790368635,1.3122138295609593,28,84.00958386519008,HGNC:3338,gene with protein product,SH3 domain containing,223,Q14247,2,-0.20323931705423093,0.03735144312393888,germline_constrained
CX3CR1,background,ENSG00000168329,,,1.4231758676597257,,,HGNC:2558,gene with protein product,C-X-3-C motif chemokine receptors,1,P49238,5,0.02935159267624735,0.0,unknown
CYP2C9,gated,ENSG00000138109,1.614565168801593,4.863055099115151e-22,-2.83534133117524,52,40.57794035879844,HGNC:2623,gene with protein product,Cytochrome P450 family 2,36,P11712,6,0.08316019192694846,0.0,free_loss
CYS1,background,ENSG00000205795,1.0951989032493232,0.1104702849036871,-0.38829904890924105,5,9.599201457881874,HGNC:18525,gene with protein product,,0,Q717R9,1,-0.03838370426375865,0.015280135823429542,free_loss
DCHS1,background,ENSG00000166341,0.44022950259960325,0.9999691121596452,2.8940456645920962,78,213.901715999507,HGNC:13681,gene with protein product,Cadherin related,17,Q96JQ0,0,-0.01934438837498645,0.0008488964346349745,germline_constrained
DCT,gated,ENSG00000080166,1.1313565217213224,8.939211679358797e-15,-0.5331264157561983,47,52.97664219771653,HGNC:2709,gene with protein product,Tyrosinase family,4,P40126,2,0.01837512528250805,0.0,free_loss
DLGAP1,background,ENSG00000170579,0.20061964010661035,0.9999999999999699,3.3146483229191874,11,90.75638975938787,HGNC:2905,gene with protein product,,0,O14490,1,0.0734255210718022,0.0008488964346349745,germline_constrained
DNER,gated,ENSG00000187957,0.5645523074439431,0.10527407601680858,0.7827488216857623,33,78.15942230528998,HGNC:24456,gene with protein product,,0,Q8NFT8,1,0.14156426297633434,0.0,germline_constrained
DOCK4,background,ENSG00000128512,0.42835195654231123,0.9999992535284276,2.6738349616893733,97,268.0777138278623,HGNC:19192,gene with protein product,DOCK family Rho GEFs;SH3 domain containing,223,Q8N1I0,4,0.05774969214146,0.0,germline_constrained
DPEP1,gated,ENSG00000015413,1.497550671034606,4.2348576164105453e-20,-1.9943779664578944,50,42.260389127283595,HGNC:3002,gene with protein product,M19 metallopeptidases,3,P16444,3,-0.014332734537096749,0.0,free_loss
EEF1A1,gated,ENSG00000156508,0.12335095011904096,0.9999999696315189,7.1093954263028944,1,38.45827303164238,HGNC:3189,gene with protein product,Translational GTPases,19,P68104,7,-2.135709128712512,0.9770773638968482,doubly_constrained
EEF2,gated,ENSG00000167658,0.354643564870265,0.9999999012791073,4.87764771100772,21,85.2699619750064,HGNC:3214,gene with protein product,Small nucleolar RNA protein coding host genes;Translational GTPases,144,P13639,5,-2.4496134432150916,0.9991511035653651,doubly_constrained
EGFR,gated,ENSG00000146648,0.504692914125459,0.38906934457929465,2.919355815974126,58,143.0113916880763,HGNC:3236,gene with protein product,Erb-b2 receptor tyrosine kinases,4,P00533,37,-0.1888378528704206,0.19015280135823429,doubly_constrained
EMCN,background,ENSG00000164035,1.268495370735181,8.882131533990013e-13,-0.3734769560809196,37,38.37261555105688,HGNC:16041,gene with protein product,Mucins,21,Q9ULC0,0,0.10105624292172335,0.0,free_loss
ENPP3,gated,ENSG00000154269,1.0390767298480301,2.9390493655884523e-31,0.34025349276846617,104,117.80055836253442,HGNC:3358,gene with protein product,CD molecules;Ectonucleotide pyrophosphatase/phosphodiesterase family,394,O14638,1,-0.08109851520126946,0.0,free_loss
EPCAM,gated,ENSG00000119888,1.2743855413294731,1.4812386998239944e-13,-2.6611605335721396,39,39.97199852846437,HGNC:11529,gene with protein product,CD molecules;MicroRNA protein coding host genes,850,P16422,6,-0.19594781172314052,0.017826825127334467,free_loss
ERBB2,references,ENSG00000141736,0.5065434293783412,0.24524237761987883,4.718088493435104,61,149.03897796168002,HGNC:3430,gene with protein product,CD molecules;Minor histocompatibility antigens;Erb-b2 receptor tyrosine kinases;MicroRNA protein coding host genes,850,P04626,33,-0.2512566919421705,0.1502546689303905,doubly_constrained
ERRFI1,background,ENSG00000116285,1.3329319801744932,0.0002448893696284965,1.607328003003784,12,14.586317695948594,HGNC:18185,gene with protein product,,0,Q9UJM3,0,0.13804247465744263,0.0008488964346349745,free_loss
ERVMER34-1,background,ENSG00000226887,,,-4.365831420651701,,,HGNC:42970,gene with protein product,Envelope ERV derived genes,18,Q9H9K5,0,,,unknown
FABP3,gated,ENSG00000121769,1.0741298092279805,0.020958199488822025,0.9861024156126359,8,13.438459291592578,HGNC:3557,gene with protein product,Fatty acid binding protein family,16,P05413,1,0.0008003288364133001,0.0,free_loss
FFAR1,background,ENSG00000126266,,,-0.5958873953283069,,,HGNC:4498,gene with protein product,Free fatty acid receptors,4,O14842,5,-0.0560626302623696,0.0025466893039049238,unknown
FOLR1,references,ENSG00000110195,0.7979620515034965,0.05847585758086927,1.12625198021962,11,22.817518974238926,HGNC:3791,gene with protein product,Folate receptors,3,P15328,3,-0.0316958138546308,0.0008488964346349745,free_loss
FRMPD2,background,ENSG00000170324,0.8119984313294915,8.354824120076157e-22,2.324708887115115,96,140.08428245084184,HGNC:28572,gene with protein product,PDZ domain containing;FERM domain containing;KIND domain containing,152,Q68DX3,0,-0.06327426825611066,0.001697792869269949,free_loss
GAP43,gated,ENSG00000172020,0.6363144633321335,0.7794446085210951,0.08766039541532573,6,18.610916983414505,HGNC:4140,gene with protein product,,0,P17677,1,0.1249401529224739,0.0,free_loss
GAPDH,gated,ENSG00000111640,0.6621659697397454,0.26297379484714434,2.9087458563986712,13,31.213577894734108,HGNC:4141,gene with protein product,Glyceraldehyde-3-phosphate dehydrogenase family,2,P04406,2,-1.26467668934957,0.9872665534804754,tumour_dependent
GJA5,background,ENSG00000265107,0.9862173824978573,0.38114020898476664,1.3541614727045765,3,7.8620156828857874,HGNC:4279,gene with protein product,Gap junction proteins,22,P36382,1,-0.130155211216061,0.006791171477079796,free_loss
GJB1,gated,ENSG00000169562,0.3956743758497336,0.9835470429988785,2.9743026855561165,1,11.9893144664798,HGNC:4283,gene with protein product,Gap junction proteins,22,P08034,3,0.06115572292668245,0.0,germline_constrained
GJB2,background,ENSG00000165474,2.550243282885536,1.7946607509239854e-15,0.14371650557917234,30,15.955539562644894,HGNC:4284,gene with protein product,Gap junction proteins,22,P29033,4,-0.031150327424507997,0.0008488964346349745,free_loss
GNA11,background,ENSG00000088256,0.377472607975071,0.9998182584334139,4.6609829444912965,8,38.240257465647964,HGNC:4379,gene with protein product,"G protein subunits alpha, group q",4,P29992,11,-0.14085281814567752,0.006791171477079796,germline_constrained
GP2,gated,ENSG00000169347,1.1867802327825194,2.6339176874536934e-19,0.3365505730398452,58,60.81735609546445,HGNC:4441,gene with protein product,,0,P55259,2,0.0023444989716533,0.0,free_loss
GP6,background,ENSG00000088053,1.5470634428920453,2.1519339944057105e-18,-0.8174339510363807,45,37.29316668893681,HGNC:14388,gene with protein product,Immunoglobulin like domain containing;Ig-like cell adhesion molecule family,101,Q9HCN6,3,0.00645134758411035,0.0008488964346349745,free_loss
GPC4,background,ENSG00000076716,0.4845443439989167,0.989492296832078,2.5956671829560145,10,35.006536441502284,HGNC:4452,gene with protein product,Glypicans,6,O75487,16,0.19210265731824178,0.0,germline_constrained
GPM6A,gated,ENSG00000150625,0.40985544544196834,0.9988483663073626,2.5685220703550367,7,32.07988072051556,HGNC:4460,gene with protein product,,0,P51674,0,0.09005810067706725,0.0008488964346349745,germline_constrained
GPM6B,gated,ENSG00000046653,0.3366754523513449,0.999666296329718,2.0786954979158505,4,27.187960876592875,HGNC:4461,gene with protein product,,0,Q13491,0,0.124566490796527,0.0,germline_constrained
GPR15,background,ENSG00000154165,1.2616249847539258,1.8596966028174032e-05,-0.5889406591031756,16,19.26181232720825,HGNC:4469,gene with protein product,"G protein-coupled receptors, Class A orphans",79,P49685,1,0.1640670571739126,0.0,free_loss
HJV,gated,ENSG00000168509,1.178317331767072,9.149890470192413e-06,-0.3449525755682693,18,22.652446494575567,HGNC:4887,gene with protein product,Repulsive guidance molecule family,3,Q6ZVN8,1,-0.38659280787785577,0.2597623089983022,tumour_dependent
HLA-A,gated,ENSG00000206503,0.9556726835240154,1.6434119619635012e-07,1.9148811871094706,29,41.37501565715802,HGNC:4931,gene with protein product,Histocompatibility complex;C1-set domain containing,44,P04439,9,-0.187241286886916,0.011035653650254669,free_loss
HLA-B,gated,ENSG00000234745,1.0077872489667163,1.4696370898078081e-08,1.7600665787637748,31,41.51434780927879,HGNC:4932,gene with protein product,Histocompatibility complex;C1-set domain containing;MicroRNA protein coding host genes,850,P01889,9,-0.010773358793376101,0.003395585738539898,free_loss
HLA-C,gated,ENSG00000204525,0.6257099123629319,0.34558467409865523,2.7361770026380627,15,36.91347907997044,HGNC:4933,gene with protein product,Histocompatibility complex;C1-set domain containing,44,P10321,9,-0.13609948359563645,0.023769100169779286,free_loss
HLA-DRA,gated,ENSG00000204287,0.6542775009457067,0.6302274618874308,1.7434404785770228,8,22.061968651424156,HGNC:4947,gene with protein product,Histocompatibility complex;C1-set domain containing,44,P01903,10,0.07793257968343645,0.0008488964346349745,free_loss
HLA-DRB1,gated,ENSG00000196126,0.6085646193840408,0.7277187010779037,4.588394082011351,10,27.87250309242463,HGNC:4948,gene with protein product,Histocompatibility complex;C1-set domain containing,44,P01911,9,0.1206831558789736,0.0025466893039049238,free_loss
HLA-DRB5,gated,ENSG00000198502,0.812832841673665,0.04791887964777707,4.336240767496759,11,22.400072090361697,HGNC:4953,gene with protein product,Histocompatibility complex;C1-set domain containing,44,Q30154,9,0.13224323210797384,0.0,free_loss
HMOX1,gated,ENSG00000100292,1.1304251715506621,8.933481845862243e-07,-0.028432721129929422,22,27.790260688030127,HGNC:5013,gene with protein product,Heme oxygenase family,2,P09601,10,0.02904625175298175,0.0,free_loss
HSP90AB1,gated,ENSG00000096384,0.376157799987966,0.9999955177497326,2.9840787206860595,17,67.78865168732663,HGNC:5258,gene with protein product,Heat shock 90kDa proteins,5,P08238,22,-0.26167444564061576,0.12393887945670629,doubly_constrained
HSPB1,gated,ENSG00000106211,1.6433021942671502,7.825508629245136e-08,-1.4731881240009632,19,16.965376019519397,HGNC:5246,gene with protein product,Small heat shock proteins,11,P04792,4,-0.00717359784756935,0.0,free_loss
HTR2B,background,ENSG00000135914,1.050105098522443,6.13722912601082e-09,0.2844320418839243,31,39.841374382648326,HGNC:5294,gene with protein product,"5-hydroxytryptamine receptors, G protein-coupled",13,P41595,2,0.04239396098541755,0.003395585738539898,free_loss
IFITM3,gated,ENSG00000142089,2.026485916182669,0.01111385085932802,0.6828195843472609,5,5.187815432018961,HGNC:5414,gene with protein product,Interferon induced transmembrane protein family;Dispanins,14,Q01628,1,-1.0517590010757647,0.9612842304060434,tumour_dependent
IGKV1-12,background,ENSG00000243290,,,2.087674611144093,,,HGNC:5730,immunoglobulin gene,Immunoglobulin kappa locus at 2p11.2,83,A0A0C4DH73,20,,,unknown
IGKV2-28,background,ENSG00000244116,,,2.086741097465182,,,HGNC:5783,immunoglobulin gene,Immunoglobulin kappa locus at 2p11.2,83,A0A075B6P5,20,,,unknown
IGKV6D-41,background,ENSG00000211626,,,-3.5867795774752826,,,HGNC:5838,immunoglobulin gene,Immunoglobulin kappa locus at 2p11.2,83,A0A0C4DH26,0,,,unknown
IGLV1-40,background,ENSG00000211653,,,-5.802854519008331,,,HGNC:5877,immunoglobulin gene,Immunoglobulin lambda locus at 22q11.2,89,P01703,20,,,unknown
IGLV11-55,background,ENSG00000211641,,,-2.59501556780264,,,HGNC:5886,immunoglobulin gene,Immunoglobulin lambda locus at 22q11.2,89,A0A075B6I3,0,,,unknown
ITM2C,background,ENSG00000135916,0.9678079964457498,3.5411392806262124e-05,0.13115271081814675,20,30.028702952614097,HGNC:6175,gene with protein product,BRICHOS domain containing,11,Q9NQX7,0,-0.0049576032216865,0.0008488964346349745,free_loss
JAML,background,ENSG00000160593,0.8887866973818813,7.979688744493171e-06,0.906795433415357,25,39.28510662094422,HGNC:19084,gene with protein product,V-set domain containing;Ig-like cell adhesion molecule family,175,Q86YT9,2,-0.0143673475320873,0.0,free_loss
JUP,gated,ENSG00000173801,0.5398718679943798,0.6167053173138733,2.1412125997058613,28,71.10743095513617,HGNC:6207,gene with protein product,Armadillo repeat containing;Beta catenins,43,P14923,20,-0.0980725372950622,0.014431239388794566,germline_constrained
KIR2DL1,background,ENSG00000125498,1.4678030789931218,8.324641173457803e-15,-1.9878544631190713,38,33.934023149964645,HGNC:6329,gene with protein product,CD molecules;Killer cell immunoglobulin like receptors,394,P43626,1,0.0090341118326633,0.001697792869269949,free_loss
KLK7,gated,ENSG00000169035,1.213255305192791,1.3504681169122347e-05,-0.16991820743146913,17,21.017200562583476,HGNC:6368,gene with protein product,Kallikreins,16,P49862,2,0.11005415921120809,0.0,free_loss
KLRG1,background,ENSG00000139187,1.112480718212354,7.537342262712393e-05,1.3074335881131152,16,21.844139215910797,HGNC:6380,gene with protein product,Killer cell lectin like receptors;C-type lectin domain containing,86,Q96E93,1,0.13483096820337837,0.0,free_loss
KRAS,background,ENSG00000133703,0.22640258841339422,0.9998110879093616,3.2870516527786533,1,20.953225630656814,HGNC:6407,gene with protein product,RAS type GTPase family,31,P01116,71,-0.3732039355435395,0.3387096774193548,doubly_constrained
KRT1,gated,ENSG00000167768,0.7445986427784433,9.311998839213398e-05,0.48555915424843143,28,51.55650221813987,HGNC:6412,gene with protein product,"Keratins, type II",30,P04264,6,-0.04370031676548085,0.001697792869269949,free_loss
LAT,background,ENSG00000213658,0.49671019221040147,0.9845617411398105,1.337047498073949,12,39.14268246317631,HGNC:18874,gene with protein product,,0,O43561,7,-0.07808190790271749,0.001697792869269949,germline_constrained
LGALS4,gated,ENSG00000171747,1.2276949201262268,2.0437978047369885e-12,0.7417841681528718,37,39.6478672278874,HGNC:6565,gene with protein product,Galectins,15,P56470,0,0.0208664047051473,0.001697792869269949,free_loss
LGR5,background,ENSG00000139292,0.8831233065970903,3.657674373131828e-13,-0.06128221372619053,54,76.70513104812096,HGNC:4504,gene with protein product,"G protein-coupled receptors, Class A orphans",79,O75473,1,0.0126152821551368,0.0008488964346349745,free_loss
LPCAT1,gated,ENSG00000153395,0.534858424482606,0.8217456833369,1.6102974170848459,23,60.92338263776308,HGNC:25718,gene with protein product,1-acylglycerol-3-phosphate O-acyltransferases;EF-hand domain containing;MicroRNA protein coding host genes;Lysophospholipid acyltransferases,850,Q8NF37,5,0.1057022418505518,0.0008488964346349745,germline_constrained
LY6E,gated,ENSG00000160932,1.1825011388899025,0.14129235899699283,0.39586882925992906,4,7.740812017509453,HGNC:6727,gene with protein product,LY6/PLAUR domain containing,36,Q16553,2,-0.00708878608973885,0.001697792869269949,free_loss
MAL,background,ENSG00000172005,0.6305715510200899,0.8204903270448249,-0.18756654143350324,5,16.672231552048864,HGNC:6817,gene with protein product,Blood group antigens;MARVEL domain containing,54,P21145,0,-0.14968533948688562,0.005942275042444821,free_loss
MC1R,background,ENSG00000258839,,,-2.304169984794859,,,HGNC:6929,gene with protein product,Melanocortin receptors,5,Q01726,3,0.03844384872789595,0.004244482173174873,unknown
MICA,background,ENSG00000204520,0.7775318109625705,0.003633853716366862,1.6110784252525687,18,34.32884665958646,HGNC:7090,gene with protein product,C1-set domain containing;MIC family,42,Q29983,1,0.0387816490288979,0.0,free_loss
MINPP1,background,ENSG00000107789,0.8321134622369198,6.193716633226678e-06,0.12094810256872958,28,46.13421524852176,HGNC:7102,gene with protein product,Phosphoinositide phosphatases;MicroRNA protein coding host genes,850,Q9UNW1,1,-0.09515050725903935,0.001697792869269949,free_loss
MISP,gated,ENSG00000099812,1.3054732845125283,2.1428748210290875e-18,-2.0764647903656606,51,49.332264955277836,HGNC:27000,gene with protein product,,0,Q8IVT2,0,0.01378326217200275,0.0,free_loss
MLC1,gated,ENSG00000100427,0.9617703709506874,2.161842903248833e-08,0.6381164221881767,32,44.69097304185856,HGNC:17082,gene with protein product,,0,Q15049,0,-0.021880162813561102,0.0008488964346349745,free_loss
MMP16,background,ENSG00000156103,0.2869389861895885,0.9999999901406145,4.480649283828348,12,67.75854891000685,HGNC:7162,gene with protein product,M10 matrix metallopeptidases,24,P51512,2,0.05917580632790395,0.0,germline_constrained
MSLN,gated,ENSG00000102854,1.357193551143625,1.5716044761885418e-31,-2.3007243151876455,82,72.5997798075694,HGNC:7371,gene with protein product,,0,Q13421,3,0.06944234988610334,0.0,free_loss
MUC13,gated,ENSG00000173702,0.8904417630582222,1.3204929147759187e-07,0.8846696130139554,32,48.27093191697596,HGNC:7511,gene with protein product,Mucins,21,Q9H3R2,9,,,unknown
MYMK,background,ENSG00000187616,1.087241988690372,9.848101861095771e-05,1.1321295334971249,16,22.35121889738538,HGNC:33778,gene with protein product,TMEM8 family,3,A6NI61,0,0.027275419260616253,0.0008488964346349745,free_loss
NLGN3,background,ENSG00000196338,0.42423835907964597,0.9993018128911944,5.665031504749671,11,42.91812341157344,HGNC:14289,gene with protein product,Neuroligins,5,Q9NZ94,1,-0.07349793026760976,0.0008488964346349745,germline_constrained
NMB,gated,ENSG00000197696,1.660822704774833,4.6229556417593276e-05,-0.5478439706245897,12,11.70658931505332,HGNC:7842,gene with protein product,,0,P08949,2,0.04194844873336665,0.0,free_loss
NOD1,background,ENSG00000106100,1.0522062515517923,7.028466686139022e-21,-0.06107219734299221,70,81.16716539166418,HGNC:16390,gene with protein product,NLR family;Caspase recruitment domain containing,31,Q9Y239,7,-0.06337666149764551,0.001697792869269949,free_loss
NOS3,background,ENSG00000164867,0.7998814428121849,8.000357018083128e-22,2.005461763195762,98,144.91470504395824,HGNC:7876,gene with protein product,Flavoproteins;Nitric oxide synthase family,122,P29474,9,0.017672325045748498,0.0,free_loss
NOX1,gated,ENSG00000007952,1.0662485786479214,5.524051593579543e-10,0.39241623229852635,34,42.45315175457522,HGNC:7889,gene with protein product,Flavoproteins;NADH oxidase family,122,Q9Y5S8,4,-0.1188600870889196,0.013582342954159592,free_loss
OLFM4,gated,ENSG00000102837,1.2304288355592767,2.5583693052395973e-07,0.4357634613944688,22,25.53159459354254,HGNC:17190,gene with protein product,Olfactomedin domain containing ,14,Q6UX06,1,0.0230896368930359,0.0,free_loss
OR10G7,background,ENSG00000182634,,,0.9616007991859505,,,HGNC:14842,gene with protein product,"Olfactory receptors, family 10",66,Q8NGN6,2,0.0609604742893949,0.0,unknown
OR12D2,background,ENSG00000280236,,,0.5885147922516005,,,HGNC:8178,gene with protein product,"Olfactory receptors, family 12",3,P58182,1,,,unknown
OR13C2,background,ENSG00000276119,1.2303852102354358,0.004226640934623646,1.1712716528560017,9,12.764471070901642,HGNC:14701,gene with protein product,"Olfactory receptors, family 13",23,Q8NGS9,1,0.0811450062388481,0.0,free_loss
OR2A14,background,ENSG00000221938,2.6738905805401565,0.10224470917255454,-0.2311895149614805,2,2.3545442239450827,HGNC:15084,gene with protein product,"Olfactory receptors, family 2",113,Q96R47,1,-0.1636236575441561,0.012275731822474031,free_loss
OR2I1P,gated,,,,,,,,,,0,Q8NGU4,1,,,unknown
OR2T11,background,ENSG00000279301,1.6233144064819767,9.023209432547962e-06,-0.4388226569230551,14,13.482592050854262,HGNC:19574,gene with protein product,"Olfactory receptors, family 2",113,Q8NH01,1,,,unknown
OR3A1,background,ENSG00000180090,,,-0.1773625486323963,,,HGNC:8282,gene with protein product,"Olfactory receptors, family 3",7,P47881,2,-0.0377014951904783,0.0,unknown
OR4A47,background,ENSG00000237388,1.720277305288016,4.6808003678061775e-08,-2.2209761611842036,19,16.206247419380944,HGNC:31266,gene with protein product,"Olfactory receptors, family 4",133,Q6IF82,1,-0.4371005096165122,0.3607176581680831,tumour_dependent
OR52E4,background,ENSG00000180974,,,-1.3109653076420378,,,HGNC:15213,gene with protein product,"Olfactory receptors, family 52",49,Q8NGH9,1,-0.0259758027610387,0.0018885741265344666,unknown
OR52P1,background,ENSG00000181109,,,,,,HGNC:15232,gene with protein product,"Olfactory receptors, family 52",49,Q8NH57,0,,,unknown
OR5P2,background,ENSG00000183303,,,-1.585922096112698,,,HGNC:14783,gene with protein product,"Olfactory receptors, family 5",111,Q8WZ92,1,-0.0251590183697217,0.0,unknown
OR8B12,background,ENSG00000170953,,,-0.14411434768039855,,,HGNC:15307,gene with protein product,"Olfactory receptors, family 8",50,Q8NGG6,1,-0.15359309228677,0.007554296506137866,unknown
OR8D4,background,ENSG00000181518,,,0.30021598736082716,,,HGNC:14840,gene with protein product,"Olfactory receptors, family 8",50,Q8NGM9,1,-0.0114561592833071,0.0,unknown
P2RY14,background,ENSG00000174944,6.78922411572387,0.04787536531747534,0.4710174624386384,2,0.9273215193015806,HGNC:16442,gene with protein product,P2Y receptors,8,Q15391,2,-0.0288108391147936,0.0008488964346349745,free_loss
PACSIN2,background,ENSG00000100266,0.5474641295144701,0.6221780566112622,2.160649643879785,25,63.77784093524108,HGNC:8571,gene with protein product,F-BAR domain containing;SH3 domain containing,223,Q9UNF0,1,0.10115221851292985,0.0008488964346349745,germline_constrained
PCDHA10,background,ENSG00000250120,0.9433534173134531,9.573273222481914e-12,-0.5065146881317978,45,61.15936381344864,HGNC:8664,complex locus constituent,Clustered protocadherins,64,Q9Y5I2,0,-0.0064394933492579,0.0008488964346349745,free_loss
PCDHB15,background,ENSG00000113248,,,-0.5459315134990184,,,HGNC:8686,complex locus constituent,Clustered protocadherins,64,Q9Y5E8,0,-0.06311614071335761,0.0025466893039049238,unknown
PCDHB18P,background,ENSG00000146001,,,,,,HGNC:14548,pseudogene,Clustered protocadherins,64,Q96TA0,0,,,unknown
PCDHB5,background,ENSG00000113209,,,-1.2711045156868588,,,HGNC:8690,complex locus constituent,Clustered protocadherins,64,Q9Y5E4,0,-0.0035235142186012,0.0008488964346349745,unknown
PCDHGB1,background,ENSG00000254221,0.8000276652807697,7.2494515130266e-07,-0.9020716075749569,34,56.580059267768405,HGNC:8708,complex locus constituent,Clustered protocadherins,64,Q9Y5G3,0,-0.022654142827528152,0.0025466893039049238,free_loss
PCNA,positive_controls,ENSG00000132646,0.32961405994652354,0.9997504559212803,3.8270109774889316,4,27.770414369225136,HGNC:8729,gene with protein product,,0,P12004,28,-2.7497699911678697,0.9991511035653651,doubly_constrained
PDPN,gated,ENSG00000162493,0.8393083423818846,0.021112496227784966,0.3865614000413491,12,23.164989966308067,HGNC:29602,gene with protein product,,0,Q86YL7,2,0.12205627242443734,0.0,free_loss
PERP,gated,ENSG00000112378,0.8964903036592183,0.01718462784457571,0.6858676533806133,11,20.309772650731148,HGNC:17637,gene with protein product,,0,Q96FX8,2,-0.12568458513867295,0.00933786078098472,free_loss
PI3,gated,ENSG00000124102,1.535463987781906,0.05956762501587926,-0.04823017939930689,4,5.961402611506717,HGNC:8947,gene with protein product,WAP four-disulfide core domain containing,18,P19957,2,0.12445961960502899,0.0,free_loss
PIGR,gated,ENSG00000162896,0.45185545165454766,0.9991306108286241,1.2162946354623054,22,69.52402608106922,HGNC:8968,gene with protein product,V-set domain containing,175,P01833,1,-0.01562877484175095,0.0,germline_constrained
PLA2G2A,gated,ENSG00000188257,1.0570187331907346,0.07568541477100882,1.4118819132295275,6,11.203581621181524,HGNC:9031,gene with protein product,Phospholipases,42,P14555,7,0.02548353918596935,0.0008488964346349745,free_loss
PLP1,gated,ENSG00000123560,0.34057784367793786,0.9977937619845131,3.03072369802107,2,18.485623004371092,HGNC:9086,gene with protein product,,0,P60201,0,0.041677681335427805,0.0,germline_constrained
POLR2A,positive_controls,ENSG00000181222,0.18847409786685937,1,11.596089167171584,26,191.4141438628694,HGNC:9187,gene with protein product,RNA polymerase subunits,34,P24928,44,,,unknown
PRAME,gated,ENSG00000185686,0.9431654314674763,2.8905119810284275e-05,-0.49140947282727765,21,32.06271379573035,HGNC:9336,gene with protein product,PRAME family,24,P78395,0,-0.0547627553873183,0.0008488964346349745,free_loss
PRICKLE3,background,ENSG00000012211,0.7536908209525619,0.009626709099269094,0.06565021906615802,17,33.832480606076345,HGNC:6645,gene with protein product,Prickle planar cell polarity proteins;LIM domain containing,53,O43900,0,0.0535378039819408,0.0008488964346349745,free_loss
PRSS21,background,ENSG00000007038,1.6763631968403883,4.0537325192966134e-17,-1.1412903409522697,40,31.060911628981923,HGNC:9485,gene with protein product,Serine proteases,65,Q9Y6M0,1,-0.020693409562211502,0.0008488964346349745,free_loss
PRX,background,ENSG00000105227,1.1401846597918954,1.8513716002624748e-07,0.858958020941211,24,29.602576201061154,HGNC:13797,gene with protein product,PDZ domain containing,152,Q9BXM0,1,0.014725589828400651,0.001697792869269949,free_loss
PSCA,gated,ENSG00000167653,1.673197793790682,0.003727855000354184,-0.10734982227323965,7,7.858075029279506,HGNC:9500,gene with protein product,LY6/PLAUR domain containing,36,O43653,1,0.06766924094718199,0.0,free_loss
PSMA1,positive_controls,ENSG00000129084,0.20212623366936489,0.9999996290718105,2.3243884507231636,3,38.36046606704225,HGNC:9530,gene with protein product,Proteasome,45,P25786,69,-2.248193708880681,1.0,doubly_constrained
PTPRZ1,gated,ENSG00000106278,0.4601338077756214,0.9962982516379438,1.1855280550332685,82,214.13760802668136,HGNC:9685,gene with protein product,Fibronectin type III domain containing;Protein tyrosine phosphatases receptor type,128,P23471,2,-0.11210875006291304,0.008488964346349746,germline_constrained
RAPSN,background,ENSG00000165917,0.9663463540159074,1.0265564222716308e-08,0.7281455005523797,33,45.661767157876284,HGNC:9863,gene with protein product,Ring finger proteins;RING finger E3 ubiquitin protein ligases,310,Q13702,0,-0.013946748364082499,0.0008488964346349745,free_loss
RPS3,positive_controls,ENSG00000149273,0.24365350425891977,0.9999437553120911,4.870643057578828,2,25.83912610253998,HGNC:10420,gene with protein product,S ribosomal proteins;Small nucleolar RNA protein coding host genes;DNA-(apurinic or apyrimidinic site) lyases,144,P23396,21,-2.4618133558278874,1.0,doubly_constrained
S100A6,gated,ENSG00000197956,2.2402725187681662,0.054567804048457264,-0.3624743954988846,3,3.4610327373011485,HGNC:10496,gene with protein product,S100 calcium binding proteins;EF-hand domain containing,198,P06703,0,0.01276163893805455,0.0008488964346349745,free_loss
S100A9,gated,ENSG00000163220,1.4805610171566455,0.24416675927003145,0.5126134608066082,2,4.252302707498536,HGNC:10499,gene with protein product,S100 calcium binding proteins;EF-hand domain containing,198,P06702,10,0.038088237910070696,0.0,free_loss
S100P,gated,ENSG00000163993,2.7745077562455474,0.000583235109077726,-0.05527888666406774,7,4.738899638263795,HGNC:10504,gene with protein product,S100 calcium binding proteins;EF-hand domain containing,198,P25815,1,-0.03951333907058005,0.0,free_loss
S1PR3,background,ENSG00000213694,1.4588782418757773,0.0001201796545671264,0.9872269131862519,12,13.32706786065738,HGNC:3167,gene with protein product,Sphingosine 1-phosphate receptors,5,Q99500,3,-0.0124581282053313,0.0025466893039049238,free_loss
S1PR5,background,ENSG00000180739,,,-0.20125351519367798,,,HGNC:14299,gene with protein product,Sphingosine 1-phosphate receptors,5,Q9H228,2,-0.03635518313164515,0.0,unknown
SCNN1A,gated,ENSG00000111319,1.1648624251145359,2.130070690266653e-21,-0.20457838343494408,65,68.5976057796199,HGNC:10599,gene with protein product,Sodium channels epithelial,4,P37088,2,-0.03606422384038005,0.0008488964346349745,free_loss
SEPTIN2,background,ENSG00000168385,0.9728662327413353,4.620637631506004e-09,2.0417327469221473,34,46.528095224243955,HGNC:7729,gene with protein product,Septins,13,Q15019,1,-0.1986395342980141,0.05760151085930123,free_loss
SLC15A1,background,ENSG00000088386,1.072664029286493,1.7839271583270473e-25,0.332865871493956,83,92.87352399700073,HGNC:10920,gene with protein product,Solute carrier family 15,5,P46059,1,0.1613420486968138,0.0,free_loss
SLC17A3,gated,ENSG00000124564,1.2511936588122914,1.963880611957539e-21,-0.5086408132504311,61,60.33815347131511,HGNC:10931,gene with protein product,Solute carrier family 17,9,O00476,1,-0.00182740417995665,0.0,free_loss
SLC1A3,gated,ENSG00000079215,0.6281985677599647,0.08332588220015981,2.3233520168954875,21,48.138351220697345,HGNC:10941,gene with protein product,Solute carrier family 1,7,P43003,4,0.03418060255745225,0.0008488964346349745,free_loss
SLC22A8,background,ENSG00000149452,1.0759605685565825,6.473110473724069e-12,1.4999623406166627,40,48.39338042377219,HGNC:10972,gene with protein product,Solute carrier family 22,27,Q8TCC7,2,-0.08084986360441646,0.0025466893039049238,free_loss
SLC2A2,gated,ENSG00000163581,0.8726758711082728,2.16895626154993e-08,1.3877117704314164,36,54.47696551326244,HGNC:11006,gene with protein product,Solute carrier family 2,14,P11168,5,0.05690250457270145,0.001697792869269949,free_loss
SLC34A2,gated,ENSG00000157765,1.0462290753993693,6.808770070648634e-12,-0.032816230336096,41,50.846818705601905,HGNC:11020,gene with protein product,Solute carrier family 34,3,O95436,4,0.0316295198500241,0.001697792869269949,free_loss
SLC39A6,gated,ENSG00000141424,1.0136466914677786,1.8454916926106652e-14,1.7199537525696535,51,63.53491261373692,HGNC:18607,gene with protein product,Solute carrier family 39 ,14,Q13433,1,0.12166603511661625,0.008488964346349746,free_loss
SLC5A9,background,ENSG00000117834,1.0339244100119118,3.630266228061575e-17,0.7059296532586316,59,70.87914559396015,HGNC:22146,gene with protein product,Solute carrier family 5,12,Q2M3M2,1,-0.0419813537124038,0.0,free_loss
SLC6A19,background,ENSG00000174358,1.2013708897536406,8.579506472521626e-23,0.5634923402136698,67,68.34533875373835,HGNC:27960,gene with protein product,Solute carrier family 6,21,Q695T7,4,0.0995270955725651,0.001697792869269949,free_loss
SLCO2B1,background,ENSG00000137491,0.7909927585067859,2.780548900671307e-08,1.1689841293364875,41,67.25399132829719,HGNC:10962,gene with protein product,Solute carrier organic anion transporter family,12,O94956,4,0.14126033207850613,0.0,free_loss
SPINT1,gated,ENSG00000166145,0.9274681412643433,1.252039796258368e-09,0.7762167542012453,38,53.70369228450486,HGNC:11246,gene with protein product,,0,O43278,2,-0.28012109189106965,0.06706281833616298,free_loss
SPP1,gated,ENSG00000118785,1.2862992735020138,3.1760621359071366e-06,0.5614489240476785,18,20.75082436983345,HGNC:11255,gene with protein product,Receptor ligands;SIBLING family,98,P10451,7,0.0652006409865153,0.0,free_loss
SSTR3,background,ENSG00000278195,,,1.7458518733180717,,,HGNC:11332,gene with protein product,Somatostatin receptors,5,P32745,3,-0.0411281858251464,0.001697792869269949,unknown
TACSTD2,gated,ENSG00000184292,1.5003833413789789,0.013779867774840589,-0.782586120712553,6,7.892913314764033,HGNC:11530,gene with protein product,,0,P09758,0,-0.028918562293711952,0.001697792869269949,free_loss
TAS2R16,background,ENSG00000128519,2.1062607344168263,0.009939612305783434,-0.500022393086399,5,4.991326447365189,HGNC:14921,gene with protein product,Taste 2 receptors,39,Q9NYV7,3,0.1336194012473769,0.0,free_loss
TBC1D3L,background,ENSG00000274512,,,5.89352951518151,,,HGNC:51246,gene with protein product,TBC1 domain family members,57,B9A6J9,0,,,unknown
TGM1,background,ENSG00000092295,0.8758069605894521,2.3581112077968943e-15,1.5559914937975339,63,88.72087562931026,HGNC:11777,gene with protein product,Transglutaminases,9,P22735,1,-0.11879675548717955,0.0025466893039049238,free_loss
THBS2,gated,ENSG00000186340,0.443349203482765,0.9998928032339489,3.3562472381009645,47,135.18794931502242,HGNC:11786,gene with protein product,Thrombospondin family,5,P35442,3,0.1073960208253005,0.0,germline_constrained
TLR4,background,ENSG00000136869,0.9305182225782251,0.00038256122183692883,0.4989543146900237,17,27.403257092809575,HGNC:11850,gene with protein product,CD molecules;Toll like receptors,394,O00206,18,0.03892256174495595,0.0,free_loss
TM4SF4,gated,ENSG00000169903,1.3997941784950676,7.27453564385759e-09,0.006080391394195769,24,24.11240437580481,HGNC:11856,gene with protein product,Transmembrane 4 L six family,6,P48230,0,-0.12990238709195423,0.003395585738539898,free_loss
TM4SF5,gated,ENSG00000142484,1.0899655080167043,9.563179797995933e-05,0.44605421603133993,16,22.29536944509869,HGNC:11857,gene with protein product,Transmembrane 4 L six family,6,O14894,0,0.05143816928476645,0.0,free_loss
TNFRSF17,references,ENSG00000048462,2.0777415820022638,3.7677236164119825e-06,-2.2486881204383797,13,9.947612953770674,HGNC:11913,gene with protein product,CD molecules;Tumor necrosis factor receptor superfamily,394,Q02223,1,-0.04105806104167365,0.0,free_loss
TRBV12-4,background,ENSG00000276953,,,,,,HGNC:12186,T cell receptor gene,T cell receptor beta locus at 7q34,87,A0A0B4J2E0,0,,,unknown
TRBV7-1,background,ENSG00000211707,,,-2.9004278145196625,,,HGNC:12235,T cell receptor gene,T cell receptor beta locus at 7q34,87,A0A0A6YYK4,0,,,unknown
TRBV7-4,background,ENSG00000253409,,,-2.588773409243811,,,HGNC:12238,T cell receptor gene,T cell receptor beta locus at 7q34,87,A0A1B0GX95,0,,,unknown
TSPAN8,gated,ENSG00000127324,0.9223783544952318,4.1704991816161595e-05,0.3272339608600866,21,32.78529157128497,HGNC:11855,gene with protein product,Tetraspanin family,33,P19075,0,-0.06307689510242695,0.0008488964346349745,free_loss
TTYH2,background,ENSG00000141540,0.9098993763412776,2.5640555022979442e-12,1.1179535239313607,49,68.32739786238025,HGNC:13877,gene with protein product,Tweety family,3,Q9BSA4,1,-0.1119194066437586,0.01697792869269949,free_loss
TULP3,background,ENSG00000078246,0.9818529069419558,2.7589228750519e-10,0.32180636546173996,38,50.72904842465013,HGNC:12425,gene with protein product,,0,O75386,1,0.12269921730628044,0.0,free_loss
UBE2C,gated,ENSG00000175063,1.0339881908351773,0.00017955042762803923,1.0051784930614016,16,23.502380297030708,HGNC:15937,gene with protein product,Ubiquitin conjugating enzymes E2,43,O00762,19,-0.6827097080480296,0.766553480475382,tumour_dependent
UNC93A,background,ENSG00000112494,1.168118292341155,7.073977714435705e-14,-0.48659655152892245,43,47.46865259699922,HGNC:12570,gene with protein product,Unc-93 related family,9,Q86WB7,0,0.06984208292719624,0.0008488964346349745,free_loss
VCAM1,gated,ENSG00000162692,0.8333230105423453,5.045998308720116e-09,1.1172584170823157,41,63.83769492545174,HGNC:12663,gene with protein product,CD molecules;Receptor ligands;C2-set domain containing;I-set domain containing;Ig-like cell adhesion molecule family,394,P19320,5,-0.02395773236559835,0.0,free_loss
VIM,gated,ENSG00000026025,0.5308003374849175,0.9132956320087955,1.0956827547824577,18,50.28589551762123,HGNC:12692,gene with protein product,Intermediate filaments Type III,5,P08670,10,0.008434282244963748,0.0,germline_constrained
VLDLR,background,ENSG00000147852,0.8643575171959108,9.687345455201419e-20,-1.7699101221796276,81,112.73260109734693,HGNC:12698,gene with protein product,Low density lipoprotein receptors,13,P98155,3,0.10051522547279404,0.0,free_loss
VNN1,background,ENSG00000112299,0.9435717452906679,2.1518517446608912e-07,-0.27248748183131394,29,41.90563403500784,HGNC:12705,gene with protein product,Vanin family,4,O95497,3,0.0448695247419698,0.0,free_loss
