drug,dailymed_spl_count
7-ETHYL-10-HYDROXYCAMPTOTHECIN,0
ABIRATERONE,32
ALLOPURINOL,171
AMIFOSTINE,1
ANASTROZOLE,53
AXITINIB,2
BLEOMYCIN,6
BORTEZOMIB,30
BUSULFAN,10
CABAZITAXEL,2
CAPECITABINE,26
CARMUSTINE,15
CELECOXIB,201
CHLORAMBUCIL,4
CLADRIBINE,8
CLOFARABINE,10
DACARBAZINE,3
DACTINOMYCIN,7
DASATINIB,19
DAUNORUBICIN HYDROCHLORIDE,4
DECITABINE,25
DOCETAXEL,33
DOXORUBICIN HYDROCHLORIDE,34
EPIRUBICIN,3
ERIBULIN MESYLATE,17
ERLOTINIB HYDROCHLORIDE,7
ETOPOSIDE,12
EVEROLIMUS,22
EXEMESTANE,13
FLOXURIDINE,3
FLUDARABINE,7
FULVESTRANT,26
GEFITINIB,5
GEMCITABINE HYDROCHLORIDE,9
IDARUBICIN HYDROCHLORIDE,4
IFOSFAMIDE,6
IMATINIB,28
IMIQUIMOD,20
IXABEPILONE,1
LAPATINIB,5
LENALIDOMIDE,21
LETROZOLE,28
MECHLORETHAMINE HYDROCHLORIDE,1
MELPHALAN,18
METHOTREXATE,48
METHOXSALEN,2
MITOTANE,3
MITOXANTRONE,3
NELARABINE,16
NILOTINIB,10
PACLITAXEL,26
PENTOSTATIN,1
PLICAMYCIN,0
PRALATREXATE,3
RALOXIFENE,31
ROMIDEPSIN,3
SORAFENIB,12
SUNITINIB,10
TAMOXIFEN CITRATE,18
TENIPOSIDE,0
THIOTEPA,12
TOPOTECAN,9
VANDETANIB,1
VEMURAFENIB,1
VINBLASTINE SULFATE,1
VINCRISTINE SULFATE,2
VINORELBINE TARTRATE,0
VISMODEGIB,1
VORINOSTAT,2
ZOLEDRONIC ACID,37
