gene,group,n_rows,n_drugs,tdl,tclin,moa,drug_names
ADH1A,gated,0,0,,0,0,
ADH1B,gated,0,0,,0,0,
ADH1C,gated,0,0,,0,0,
AFM,gated,0,0,,0,0,
AKR1B10,gated,6,6,Tchem,0,0,diclofenac;enoxolone;epalrestat;flufenamic acid;mefenamic acid;tolrestat
ANPEP,gated,1,1,Tchem,0,0,ubenimex
APOC3,gated,1,1,Tclin,1,1,volanesorsen
APOD,gated,0,0,,0,0,
AQP1,gated,1,1,Tbio,0,0,acetazolamide
AQP4,gated,0,0,,0,0,
ASGR2,gated,0,0,,0,0,
ATP1B2,gated,0,0,,0,0,
ATP6V1B1,gated,0,0,,0,0,
B2M,gated,0,0,,0,0,
CA12,gated,45,45,Tclin,1,3,acetazolamide;benzylsulfamide;bortezomib;brinzolamide;celecoxib;chlortalidone;cianidanol;coumarin;dichlorphenamide;ditiocarb;dobutamine;dorzolamide;ethoxzolamide;ethyl hydroxybenzoate;famotidine
CA9,gated,45,45,Tclin,1,1,acetazolamide;benzylsulfamide;bortezomib;brinzolamide;celecoxib;chlortalidone;cianidanol;coumarin;dichlorphenamide;ditiocarb;dobutamine;dorzolamide;ethoxzolamide;ethyl hydroxybenzoate;famotidine
CD24,gated,0,0,,0,0,
CD63,gated,0,0,,0,0,
CD74,gated,0,0,,0,0,
CDC42EP1,gated,0,0,,0,0,
CDH17,gated,0,0,,0,0,
CEACAM5,gated,0,0,,0,0,
CEACAM6,gated,0,0,,0,0,
CKB,gated,0,0,,0,0,
CLDN18,gated,0,0,,0,0,
CLDN2,gated,0,0,,0,0,
CLDN3,gated,0,0,,0,0,
CLDN4,gated,0,0,,0,0,
CLDN6,gated,0,0,,0,0,
CLTRN,gated,0,0,,0,0,
CYP2C9,gated,58,58,Tchem,0,0,alpha-Ergocryptine;amiodarone;atazanavir;benzbromarone;bisacodyl;candesartan cilexetil;cilostazol;clotrimazole;danazol;dichlorphenamide;dicoumarol;dihydroergocristine;dotinurad;econazole;felodipine
DCT,gated,0,0,,0,0,
DNER,gated,0,0,,0,0,
DPEP1,gated,1,1,Tclin,1,1,cilastatin
EEF1A1,gated,0,0,,0,0,
EEF2,gated,0,0,,0,0,
EGFR,gated,65,65,Tclin,1,13,afatinib;astemizole;axitinib;bacitracin;bithionol;bosutinib;brigatinib;cabozantinib;candesartan cilexetil;ceritinib;cetuximab;chlorpromazine;chromic chloride;cisplatin;clomifene
ENPP3,gated,0,0,,0,0,
EPCAM,gated,0,0,,0,0,
FABP3,gated,2,2,Tchem,0,0,linoleic acid;linolenic acid
GAP43,gated,0,0,,0,0,
GAPDH,gated,1,1,Tchem,0,0,adenosine
GJB1,gated,0,0,,0,0,
GP2,gated,0,0,,0,0,
GPM6A,gated,0,0,,0,0,
GPM6B,gated,0,0,,0,0,
HJV,gated,0,0,,0,0,
HLA-A,gated,5,5,Tbio,0,0,astemizole;doxazosin;raloxifene;spiperone;trazodone
HLA-B,gated,0,0,,0,0,
HLA-C,gated,0,0,,0,0,
HLA-DRA,gated,0,0,,0,0,
HLA-DRB1,gated,0,0,,0,0,
HLA-DRB5,gated,0,0,,0,0,
HMOX1,gated,0,0,,0,0,
HSP90AB1,gated,0,0,,0,0,
HSPB1,gated,0,0,,0,0,
IFITM3,gated,0,0,,0,0,
JUP,gated,0,0,,0,0,
KLK7,gated,0,0,,0,0,
KRT1,gated,0,0,,0,0,
LGALS4,gated,0,0,,0,0,
LPCAT1,gated,0,0,,0,0,
LY6E,gated,0,0,,0,0,
MISP,gated,0,0,,0,0,
MLC1,gated,0,0,,0,0,
MSLN,gated,0,0,,0,0,
MUC13,gated,0,0,,0,0,
NMB,gated,0,0,,0,0,
NOX1,gated,0,0,,0,0,
OLFM4,gated,0,0,,0,0,
OR2I1P,gated,0,0,,0,0,
PDPN,gated,0,0,,0,0,
PERP,gated,0,0,,0,0,
PI3,gated,0,0,,0,0,
PIGR,gated,0,0,,0,0,
PLA2G2A,gated,0,0,,0,0,
PLP1,gated,0,0,,0,0,
PRAME,gated,0,0,,0,0,
PSCA,gated,0,0,,0,0,
PTPRZ1,gated,0,0,,0,0,
S100A6,gated,0,0,,0,0,
S100A9,gated,0,0,,0,0,
S100P,gated,1,1,Tbio,0,0,cromoglicic acid
SCNN1A,gated,1,1,Tclin,1,0,amiloride
SLC17A3,gated,0,0,,0,0,
SLC1A3,gated,2,2,Tchem,0,0,aspartic acid;glutamic acid
SLC2A2,gated,1,1,Tchem,0,0,quercetin
SLC34A2,gated,0,0,,0,0,
SLC39A6,gated,0,0,,0,0,
SPINT1,gated,0,0,,0,0,
SPP1,gated,0,0,,0,0,
TACSTD2,gated,1,1,Tbio,0,1,sacituzumab govitecan
THBS2,gated,0,0,,0,0,
TM4SF4,gated,0,0,,0,0,
TM4SF5,gated,0,0,,0,0,
TSPAN8,gated,0,0,,0,0,
UBE2C,gated,0,0,,0,0,
VCAM1,gated,0,0,,0,0,
VIM,gated,0,0,,0,0,
ABCB5,background,0,0,,0,0,
AIF1,background,0,0,,0,0,
ALK,background,21,19,Tclin,1,6,alectinib;bosutinib;brigatinib;ceritinib;crizotinib;entrectinib;erlotinib;fedratinib;gilteritinib;infigratinib;lorlatinib;midostaurin;nintedanib;osimertinib;pazopanib
ATP7A,background,0,0,,0,0,
BOC,background,0,0,,0,0,
C1QBP,background,0,0,,0,0,
CDC50A,background,0,0,,0,0,
CDC50B,background,0,0,,0,0,
CDH12,background,0,0,,0,0,
CHIC1,background,0,0,,0,0,
CLCNKB,background,1,1,Tbio,0,0,niflumic acid
CLSTN1,background,0,0,,0,0,
CLSTN3,background,0,0,,0,0,
CNNM2,background,0,0,,0,0,
CT83,background,0,0,,0,0,
CTTN,background,0,0,,0,0,
CX3CR1,background,0,0,,0,0,
CYS1,background,0,0,,0,0,
DCHS1,background,0,0,,0,0,
DLGAP1,background,0,0,,0,0,
DOCK4,background,0,0,,0,0,
EMCN,background,0,0,,0,0,
ERRFI1,background,0,0,,0,0,
ERVMER34-1,background,0,0,,0,0,
FFAR1,background,7,7,Tchem,0,0,doconexent;dodecanoic acid;gamolenic acid;linoleic acid;linolenic acid;oleic acid;rosiglitazone
FRMPD2,background,0,0,,0,0,
GJA5,background,0,0,,0,0,
GJB2,background,1,1,Tbio,0,0,kanamycin
GNA11,background,0,0,,0,0,
GP6,background,1,1,Tbio,0,0,losartan
GPC4,background,0,0,,0,0,
GPR15,background,0,0,,0,0,
HTR2B,background,156,156,Tclin,1,4,aclarubicin;agomelatine;alosetron;alpha-Ergocryptine;amiodarone;amisulpride;amitriptyline;amoxapine;amoxicillin;apomorphine;aripiprazole;asenapine;astemizole;azelastine;benzatropine
IGKV1-12,background,0,0,,0,0,
IGKV2-28,background,0,0,,0,0,
IGKV6D-41,background,0,0,,0,0,
IGLV1-40,background,0,0,,0,0,
IGLV11-55,background,0,0,,0,0,
ITM2C,background,0,0,,0,0,
JAML,background,0,0,,0,0,
KIR2DL1,background,0,0,,0,0,
KLRG1,background,0,0,,0,0,
KRAS,background,5,4,Tchem,0,1,dabrafenib;lonafarnib;sotorasib;vemurafenib
LAT,background,0,0,,0,0,
LGR5,background,0,0,,0,0,
MAL,background,0,0,,0,0,
MC1R,background,5,4,Tclin,1,1,afamelanotide;bremelanotide;corticotropin;setmelanotide
MICA,background,0,0,,0,0,
MINPP1,background,0,0,,0,0,
MMP16,background,0,0,,0,0,
MYMK,background,0,0,,0,0,
NLGN3,background,0,0,,0,0,
NOD1,background,0,0,,0,0,
NOS3,background,1,1,Tchem,0,0,chlorzoxazone
OR10G7,background,0,0,,0,0,
OR12D2,background,0,0,,0,0,
OR13C2,background,0,0,,0,0,
OR2A14,background,0,0,,0,0,
OR2T11,background,0,0,,0,0,
OR3A1,background,0,0,,0,0,
OR4A47,background,0,0,,0,0,
OR52E4,background,0,0,,0,0,
OR52P1,background,0,0,,0,0,
OR5P2,background,0,0,,0,0,
OR8B12,background,0,0,,0,0,
OR8D4,background,0,0,,0,0,
P2RY14,background,0,0,,0,0,
PACSIN2,background,0,0,,0,0,
PCDHA10,background,0,0,,0,0,
PCDHB15,background,0,0,,0,0,
PCDHB18P,background,0,0,,0,0,
PCDHB5,background,0,0,,0,0,
PCDHGB1,background,0,0,,0,0,
PRICKLE3,background,0,0,,0,0,
PRSS21,background,0,0,,0,0,
PRX,background,0,0,,0,0,
RAPSN,background,0,0,,0,0,
S1PR3,background,4,4,Tclin,1,1,fingolimod;ozanimod;ponesimod;siponimod
S1PR5,background,4,4,Tclin,1,3,fingolimod;ozanimod;ponesimod;siponimod
SEPTIN2,background,0,0,,0,0,
SLC15A1,background,2,2,Tchem,0,0,cefadroxil;cefamandole
SLC22A8,background,5,5,Tclin,1,1,betamipron;cefalotin;dotinurad;probenecid;tafamidis
SLC5A9,background,1,1,Tdark,0,0,empagliflozin
SLC6A19,background,2,2,,0,0,benzatropine;cinromide
SLCO2B1,background,1,1,,0,0,erlotinib
SSTR3,background,4,4,Tclin,1,3,lanreotide;octreotide;pasireotide;somatostatin
TAS2R16,background,1,1,Tbio,0,0,isoprenaline
TBC1D3L,background,0,0,,0,0,
TGM1,background,0,0,,0,0,
TLR4,background,2,2,Tchem,0,0,carvedilol;eritoran
TRBV12-4,background,0,0,,0,0,
TRBV7-1,background,0,0,,0,0,
TRBV7-4,background,0,0,,0,0,
TTYH2,background,0,0,,0,0,
TULP3,background,0,0,,0,0,
UNC93A,background,0,0,,0,0,
VLDLR,background,0,0,,0,0,
VNN1,background,0,0,,0,0,
CD19,reference,4,4,Tclin,1,4,blinatumomab;inebilizumab;loncastuximab tesirine;tafasitamab
ERBB2,reference,38,36,Tclin,1,9,acalabrutinib;afatinib;amiodarone;astemizole;benzethonium;bithionol;bosutinib;candesartan cilexetil;chlorpromazine;clomifene;clotrimazole;colistin;dacomitinib;dasatinib;diiodohydroxyquinoline
FOLR1,reference,4,4,Tchem,0,0,methotrexate;pemetrexed;pralatrexate;raltitrexed
TNFRSF17,reference,1,1,Tbio,0,1,belantamab mafodotin
