gene,group,found,topology,n_tm,ecto_len,ecto_longest,mean_plddt_ecto,exp_cov_ecto,n_pdb_ecto,n_ab_structures,has_structure,has_ab_structure
ADH1A,gated,1,unannotated,0,0,0,,,0,0,0,0
ADH1B,gated,1,unannotated,0,0,0,,,0,0,0,0
ADH1C,gated,1,unannotated,0,0,0,,,0,0,0,0
AFM,gated,1,unannotated,0,0,0,,,0,0,0,0
AKR1B10,gated,1,unannotated,0,0,0,,,0,0,0,0
ANPEP,gated,1,single-pass,1,935,935,93.63316577540107,1.0,14,0,1,0
APOC3,gated,1,unannotated,0,0,0,,,0,0,0,0
APOD,gated,1,unannotated,0,0,0,,,0,0,0,0
AQP1,gated,1,multi-pass,6,53,24,92.9232075471698,1.0,10,0,1,0
AQP4,gated,1,multi-pass,6,43,19,92.35209302325582,1.0,4,2,1,1
ASGR2,gated,1,single-pass,1,232,232,86.8235775862069,0.5818965517241379,1,1,1,1
ATP1B2,gated,1,single-pass,1,223,223,90.79273542600897,0.0,0,0,0,0
ATP6V1B1,gated,1,unannotated,0,0,0,,,0,0,0,0
B2M,gated,1,unannotated,0,0,0,,,0,0,0,0
CA12,gated,1,single-pass,1,277,277,94.72415162454872,0.9494584837545126,40,1,1,1
CA9,gated,1,single-pass,1,377,377,79.70371352785146,0.7029177718832891,29,0,1,0
CD24,gated,1,unannotated,0,0,0,,,0,0,0,0
CD63,gated,1,multi-pass,4,120,101,89.76666666666667,0.8333333333333334,2,0,1,0
CD74,gated,1,single-pass,1,224,224,73.0227232142857,1.0,24,2,1,1
CDC42EP1,gated,1,unannotated,0,0,0,,,0,0,0,0
CDH17,gated,1,single-pass,1,765,765,89.64278431372549,0.5477124183006536,3,0,1,0
CEACAM5,gated,1,GPI,0,642,642,91.83760124610592,1.0,6,1,1,1
CEACAM6,gated,1,GPI,0,286,286,96.69734265734266,0.3741258741258741,4,0,1,0
CKB,gated,1,unannotated,0,0,0,,,0,0,0,0
CLDN18,gated,1,multi-pass,4,84,53,72.15214285714286,0.0,0,0,0,0
CLDN2,gated,1,multi-pass,4,78,53,82.80512820512821,0.0,0,0,0,0
CLDN3,gated,1,multi-pass,4,74,51,82.1891891891892,0.0,0,0,0,0
CLDN4,gated,1,multi-pass,4,75,53,84.94373333333334,1.0,8,5,1,1
CLDN6,gated,1,multi-pass,4,76,53,82.71934210526315,0.0,0,0,0,0
CLTRN,gated,1,single-pass,1,127,127,88.90086614173228,0.0,0,0,0,0
CYP2C9,gated,1,unannotated,0,0,0,,,0,0,0,0
DCT,gated,1,unannotated,1,0,0,,,0,0,0,0
DNER,gated,1,single-pass,1,606,606,74.69125412541254,0.0,0,0,0,0
DPEP1,gated,1,GPI,0,369,369,98.4528455284553,1.0,2,0,1,0
EEF1A1,gated,1,unannotated,0,0,0,,,0,0,0,0
EEF2,gated,1,unannotated,0,0,0,,,0,0,0,0
EGFR,gated,1,single-pass,1,621,621,90.97761674718197,1.0,53,18,1,1
ENPP3,gated,1,single-pass,1,845,845,96.44914792899408,0.9798816568047337,3,0,1,0
EPCAM,gated,1,single-pass,1,242,242,91.33479338842976,1.0,2,0,1,0
FABP3,gated,1,unannotated,0,0,0,,,0,0,0,0
GAP43,gated,1,unannotated,0,0,0,,,0,0,0,0
GAPDH,gated,1,unannotated,0,0,0,,,0,0,0,0
GJB1,gated,1,multi-pass,4,68,38,93.54529411764707,1.0,14,0,1,0
GP2,gated,1,GPI,0,484,484,83.16506198347108,1.0,4,0,1,0
GPM6A,gated,1,multi-pass,4,106,65,81.55254716981133,0.0,0,0,0,0
GPM6B,gated,1,unannotated,4,0,0,,,0,0,0,0
HJV,gated,1,GPI,0,365,365,86.76008219178082,0.3013698630136986,2,0,1,0
HLA-A,gated,1,single-pass,1,284,284,95.41172535211267,1.0,386,16,1,1
HLA-B,gated,1,single-pass,1,285,285,95.79298245614035,1.0,237,8,1,1
HLA-C,gated,1,single-pass,1,284,284,95.55475352112677,0.9788732394366197,12,2,1,1
HLA-DRA,gated,1,single-pass,1,191,191,94.06759162303663,1.0,140,3,1,1
HLA-DRB1,gated,1,single-pass,1,198,198,95.02919191919192,1.0,108,0,1,0
HLA-DRB5,gated,1,single-pass,1,198,198,92.85070707070709,0.9696969696969697,4,0,1,0
HMOX1,gated,1,unannotated,1,0,0,,,0,0,0,0
HSP90AB1,gated,1,unannotated,0,0,0,,,0,0,0,0
HSPB1,gated,1,unannotated,0,0,0,,,0,0,0,0
IFITM3,gated,1,single-pass,1,5,5,79.976,0.0,0,0,0,0
JUP,gated,1,unannotated,0,0,0,,,0,0,0,0
KLK7,gated,1,unannotated,0,0,0,,,0,0,0,0
KRT1,gated,1,unannotated,0,0,0,,,0,0,0,0
LGALS4,gated,1,unannotated,0,0,0,,,0,0,0,0
LPCAT1,gated,1,unannotated,1,0,0,,,0,0,0,0
LY6E,gated,1,GPI,0,81,81,84.37950617283951,0.0,0,0,0,0
MISP,gated,1,unannotated,0,0,0,,,0,0,0,0
MLC1,gated,1,unannotated,8,0,0,,,0,0,0,0
MSLN,gated,1,GPI,0,303,303,86.539801980198,1.0,9,5,1,1
MUC13,gated,1,single-pass,1,403,403,68.49888337468983,0.0,0,0,0,0
NMB,gated,1,unannotated,0,0,0,,,0,0,0,0
NOX1,gated,1,multi-pass,6,228,169,91.12074561403509,0.0,0,0,0,0
OLFM4,gated,1,unannotated,0,0,0,,,0,0,0,0
OR2I1P,gated,1,multi-pass,7,96,38,84.47333333333333,0.0,0,0,0,0
PDPN,gated,1,single-pass,1,109,109,49.83183486238532,0.3211009174311927,6,4,1,1
PERP,gated,1,unannotated,4,0,0,,,0,0,0,0
PI3,gated,1,unannotated,0,0,0,,,0,0,0,0
PIGR,gated,1,single-pass,1,620,620,83.13170967741937,0.9435483870967742,16,2,1,1
PLA2G2A,gated,1,unannotated,0,0,0,,,0,0,0,0
PLP1,gated,1,multi-pass,4,83,56,85.19518072289156,0.0,0,0,0,0
PRAME,gated,1,unannotated,0,0,0,,,0,0,0,0
PSCA,gated,1,GPI,0,72,72,93.82986111111111,1.0,1,0,1,0
PTPRZ1,gated,1,single-pass,1,1612,1612,41.78437965260546,0.23014888337468983,4,0,1,0
S100A6,gated,1,unannotated,0,0,0,,,0,0,0,0
S100A9,gated,1,unannotated,0,0,0,,,0,0,0,0
S100P,gated,1,unannotated,0,0,0,,,0,0,0,0
SCNN1A,gated,1,multi-pass,2,456,456,84.01219298245614,1.0,2,2,1,1
SLC17A3,gated,1,unannotated,8,0,0,,,0,0,0,0
SLC1A3,gated,1,multi-pass,8,156,91,76.70551282051282,1.0,5,0,1,0
SLC2A2,gated,1,multi-pass,12,118,67,74.62025423728812,0.0,0,0,0,0
SLC34A2,gated,1,multi-pass,8,206,129,81.02058252427183,0.0,0,0,0,0
SLC39A6,gated,1,multi-pass,6,362,297,51.038618784530385,0.0,0,0,0,0
SPINT1,gated,1,unannotated,0,0,0,,,0,0,0,0
SPP1,gated,1,unannotated,0,0,0,,,0,0,0,0
TACSTD2,gated,1,single-pass,1,248,248,87.26249999999999,1.0,4,1,1,1
THBS2,gated,1,unannotated,0,0,0,,,0,0,0,0
TM4SF4,gated,1,multi-pass,4,59,44,78.17067796610168,0.0,0,0,0,0
TM4SF5,gated,1,multi-pass,4,62,46,86.01322580645163,0.0,0,0,0,0
TSPAN8,gated,1,multi-pass,4,120,96,82.31966666666668,0.0,0,0,0,0
UBE2C,gated,1,unannotated,0,0,0,,,0,0,0,0
VCAM1,gated,1,single-pass,1,674,674,87.83627596439169,0.2997032640949555,3,0,1,0
VIM,gated,1,unannotated,0,0,0,,,0,0,0,0
ABCB5,background,1,unannotated,11,0,0,,,0,0,0,0
AIF1,background,1,unannotated,0,0,0,,,0,0,0,0
ALK,background,1,single-pass,1,1020,1020,71.70892156862746,0.37549019607843137,9,1,1,1
ATP7A,background,1,multi-pass,8,99,39,70.51393939393938,0.0,0,0,0,0
BOC,background,1,single-pass,1,825,825,,0.13090909090909092,3,0,1,0
C1QBP,background,1,unannotated,0,0,0,,,0,0,0,0
CDC50A,background,1,unannotated,2,0,0,,,0,0,0,0
CDC50B,background,1,unannotated,2,0,0,,,0,0,0,0
CDH12,background,1,single-pass,1,555,555,89.45603603603605,0.0,0,0,0,0
CHIC1,background,1,unannotated,0,0,0,,,0,0,0,0
CLCNKB,background,1,unannotated,10,0,0,,,0,0,0,0
CLSTN1,background,1,single-pass,1,831,831,83.2790734055355,0.0,0,0,0,0
CLSTN3,background,1,multi-pass,2,828,828,81.9511231884058,0.0,0,0,0,0
CNNM2,background,1,multi-pass,3,259,250,57.93737451737453,0.0,0,0,0,0
CT83,background,1,single-pass,1,92,92,66.66782608695652,0.0,0,0,0,0
CTTN,background,1,unannotated,0,0,0,,,0,0,0,0
CX3CR1,background,1,multi-pass,7,89,31,78.39258426966292,1.0,2,0,1,0
CYS1,background,1,unannotated,0,0,0,,,0,0,0,0
DCHS1,background,1,single-pass,1,2898,2898,,0.14492753623188406,2,0,1,0
DLGAP1,background,1,unannotated,0,0,0,,,0,0,0,0
DOCK4,background,1,unannotated,0,0,0,,,0,0,0,0
EMCN,background,1,single-pass,1,172,172,43.33709302325582,0.0,0,0,0,0
ERRFI1,background,1,unannotated,0,0,0,,,0,0,0,0
ERVMER34-1,background,1,single-pass,1,462,462,41.32112554112554,0.0,0,0,0,0
FFAR1,background,1,multi-pass,7,67,36,92.97462686567162,1.0,9,4,1,1
FRMPD2,background,1,unannotated,0,0,0,,,0,0,0,0
GJA5,background,1,multi-pass,4,56,36,93.01214285714285,0.0,0,0,0,0
GJB2,background,1,multi-pass,4,66,33,93.3731818181818,1.0,22,0,1,0
GNA11,background,1,unannotated,0,0,0,,,0,0,0,0
GP6,background,1,single-pass,1,247,247,80.58813765182185,0.7530364372469636,6,2,1,1
GPC4,background,1,GPI,0,511,511,85.35516634050882,0.0,0,0,0,0
GPR15,background,1,multi-pass,7,109,33,75.53192660550458,1.0,2,2,1,1
HTR2B,background,1,multi-pass,7,111,56,67.42846846846845,0.6846846846846847,12,3,1,1
IGKV1-12,background,1,unannotated,0,0,0,,,0,0,0,0
IGKV2-28,background,1,unannotated,0,0,0,,,0,0,0,0
IGKV6D-41,background,1,unannotated,0,0,0,,,0,0,0,0
IGLV1-40,background,1,unannotated,0,0,0,,,0,0,0,0
IGLV11-55,background,1,unannotated,0,0,0,,,0,0,0,0
ITM2C,background,1,unannotated,1,0,0,,,0,0,0,0
JAML,background,1,single-pass,1,256,256,87.0837890625,0.0,0,0,0,0
KIR2DL1,background,1,single-pass,1,224,224,89.13392857142857,1.0,4,1,1,1
KLRG1,background,1,single-pass,1,136,136,89.1406617647059,0.8235294117647058,1,0,1,0
KRAS,background,1,unannotated,0,0,0,,,0,0,0,0
LAT,background,1,single-pass,1,4,4,63.7975,0.0,0,0,0,0
LGR5,background,1,multi-pass,7,597,540,86.55938023450585,0.897822445561139,7,0,1,0
MAL,background,1,multi-pass,4,18,11,88.39944444444444,0.0,0,0,0,0
MC1R,background,1,multi-pass,7,72,41,64.12319444444444,1.0,5,5,1,1
MICA,background,1,single-pass,1,284,284,91.05760563380282,0.9647887323943662,10,0,1,0
MINPP1,background,1,unannotated,0,0,0,,,0,0,0,0
MMP16,background,1,single-pass,1,445,445,80.39235955056178,0.3797752808988764,1,0,1,0
MYMK,background,1,multi-pass,7,16,9,80.355625,0.0,0,0,0,0
NLGN3,background,1,single-pass,1,672,672,84.19744047619047,1.0,1,0,1,0
NOD1,background,1,unannotated,0,0,0,,,0,0,0,0
NOS3,background,1,unannotated,0,0,0,,,0,0,0,0
OR10G7,background,1,multi-pass,7,96,37,83.54354166666666,0.0,0,0,0,0
OR12D2,background,1,multi-pass,7,97,37,83.94577319587627,0.0,0,0,0,0
OR13C2,background,1,multi-pass,7,105,37,71.6870476190476,0.0,0,0,0,0
OR2A14,background,1,multi-pass,7,95,37,70.56726315789473,0.0,0,0,0,0
OR2T11,background,1,multi-pass,7,93,37,86.2767741935484,0.0,0,0,0,0
OR3A1,background,1,multi-pass,7,98,38,79.72571428571428,0.0,0,0,0,0
OR4A47,background,1,multi-pass,7,92,37,90.55576086956519,0.0,0,0,0,0
OR52E4,background,1,multi-pass,7,102,36,85.38637254901961,0.0,0,0,0,0
OR52P1,background,1,multi-pass,7,102,36,85.14911764705883,0.0,0,0,0,0
OR5P2,background,1,multi-pass,7,101,36,66.42752475247525,0.0,0,0,0,0
OR8B12,background,1,multi-pass,7,98,37,83.83551020408163,0.0,0,0,0,0
OR8D4,background,1,multi-pass,7,99,37,87.22535353535353,0.0,0,0,0,0
P2RY14,background,1,multi-pass,7,100,29,87.3964,1.0,6,5,1,1
PACSIN2,background,1,unannotated,0,0,0,,,0,0,0,0
PCDHA10,background,1,single-pass,1,667,667,86.78142428785607,0.0,0,0,0,0
PCDHB15,background,1,single-pass,1,664,664,88.33073795180724,0.0,0,0,0,0
PCDHB18P,background,1,unannotated,1,0,0,,,0,0,0,0
PCDHB5,background,1,single-pass,1,659,659,88.60345978755691,0.0,0,0,0,0
PCDHGB1,background,1,single-pass,1,659,659,88.87435508345979,0.0,0,0,0,0
PRICKLE3,background,1,unannotated,0,0,0,,,0,0,0,0
PRSS21,background,1,GPI,0,247,247,93.47692307692309,0.0,0,0,0,0
PRX,background,1,unannotated,0,0,0,,,0,0,0,0
RAPSN,background,1,unannotated,0,0,0,,,0,0,0,0
S1PR3,background,1,multi-pass,7,86,40,82.83767441860466,1.0,6,6,1,1
S1PR5,background,1,multi-pass,7,94,40,86.05904255319152,1.0,2,1,1,1
SEPTIN2,background,1,unannotated,0,0,0,,,0,0,0,0
SLC15A1,background,1,multi-pass,12,300,202,88.25119999999998,1.0,3,0,1,0
SLC22A8,background,1,multi-pass,11,157,93,74.42866242038217,0.0,0,0,0,0
SLC5A9,background,1,multi-pass,14,179,45,78.50469273743016,0.0,0,0,0,0
SLC6A19,background,1,multi-pass,12,212,88,90.97188679245284,1.0,19,1,1,1
SLCO2B1,background,1,multi-pass,12,239,104,78.05861924686194,0.0,0,0,0,0
SSTR3,background,1,multi-pass,7,96,43,68.56739583333332,1.0,3,3,1,1
TAS2R16,background,1,multi-pass,7,67,36,72.78776119402984,0.9850746268656716,4,4,1,1
TBC1D3L,background,1,unannotated,0,0,0,,,0,0,0,0
TGM1,background,1,unannotated,0,0,0,,,0,0,0,0
TLR4,background,1,single-pass,1,608,608,94.76432565789474,1.0,13,0,1,0
TRBV12-4,background,1,unannotated,0,0,0,,,0,0,0,0
TRBV7-1,background,1,unannotated,0,0,0,,,0,0,0,0
TRBV7-4,background,1,unannotated,0,0,0,,,0,0,0,0
TTYH2,background,1,multi-pass,5,276,127,93.1336956521739,0.9963768115942029,4,0,1,0
TULP3,background,1,unannotated,0,0,0,,,0,0,0,0
UNC93A,background,1,unannotated,11,0,0,,,0,0,0,0
VLDLR,background,1,single-pass,1,770,770,79.41993506493506,1.0,27,0,1,0
VNN1,background,1,GPI,0,470,470,97.12274468085107,1.0,7,0,1,0
CD19,reference,1,single-pass,1,272,272,79.72176470588235,1.0,4,3,1,1
ERBB2,reference,1,single-pass,1,630,630,88.5621746031746,1.0,46,24,1,1
FOLR1,reference,1,GPI,0,210,210,95.64714285714287,1.0,5,0,1,0
TNFRSF17,reference,1,single-pass,1,54,54,80.42574074074074,1.0,11,7,1,1
