gene,group,ensembl,matched,tau,n_tissues_tpm1,max_tissue,max_tpm,lymph_node_tpm
ADH1A,gated,ENSG00000187758,True,0.858989960267306,6,liver,120.0,2.0
ADH1B,gated,ENSG00000196616,True,0.4246502824118633,15,adipose,1459.0,250.0
ADH1C,gated,ENSG00000248144,True,0.4987353446808587,14,liver,131.0,11.0
AFM,gated,ENSG00000079557,True,0.9743564970378169,2,liver,216.0,0.0
AKR1B10,gated,ENSG00000198074,True,0.7840657395327072,8,prostate,39.0,0.8
ANPEP,gated,ENSG00000166825,True,0.5091753794280359,15,kidney,221.0,13.0
APOC3,gated,ENSG00000110245,True,0.9691323056446703,2,liver,7210.0,0.2
APOD,gated,ENSG00000189058,True,0.3369815775221847,15,adipose,3841.0,1657.0
AQP1,gated,ENSG00000240583,True,0.25116017009762176,16,lung,1213.0,803.0
AQP4,gated,ENSG00000171885,True,0.7835704217366501,10,brain,1232.0,0.9
ASGR2,gated,ENSG00000161944,True,0.871566932948096,8,liver,578.0,2.0
ATP1B2,gated,ENSG00000129244,True,0.6045292945228606,15,brain,483.0,24.0
ATP6V1B1,gated,ENSG00000116039,True,0.8972082606724423,2,kidney,4.0,0.0
B2M,gated,ENSG00000166710,True,0.2226117315715596,16,leukocyte,7076.0,2385.0
CA12,gated,ENSG00000074410,True,0.7195045108388425,12,kidney,275.0,3.0
CA9,gated,ENSG00000107159,True,0.7837178082010623,6,testis,14.0,2.0
CD24,gated,ENSG00000272398,True,0.5176330035081527,14,thyroid,476.0,25.0
CD63,gated,ENSG00000135404,True,0.09135061731751278,16,lung,1096.0,599.0
CD74,gated,ENSG00000019582,True,0.24408267070575115,16,leukocyte,4876.0,1577.0
CDC42EP1,gated,ENSG00000128283,True,0.31365945448981675,16,ovary,164.0,30.0
CDH17,gated,ENSG00000079112,True,0.9169522361313908,3,colon,27.0,0.6
CEACAM5,gated,ENSG00000105388,True,0.8925487577813932,4,colon,36.0,0.2
CEACAM6,gated,ENSG00000086548,True,0.8986091437872439,5,lung,519.0,2.0
CKB,gated,ENSG00000166165,True,0.3617348673940336,16,brain,759.0,27.0
CLDN18,gated,ENSG00000066405,True,0.9282208878337335,5,lung,371.0,1.0
CLDN2,gated,ENSG00000165376,True,0.7978738173900128,7,kidney,109.0,0.2
CLDN3,gated,ENSG00000165215,True,0.6283662234832773,10,thyroid,72.0,0.7
CLDN4,gated,ENSG00000189143,True,0.6337415673740218,9,thyroid,115.0,0.4
CLDN6,gated,ENSG00000184697,True,0.9354132132629441,1,thyroid,2.0,0.1
CLTRN,gated,ENSG00000147003,True,0.8176011260830276,9,kidney,291.0,0.0
CYP2C9,gated,ENSG00000138109,True,0.9854843550696334,2,liver,802.0,0.0
DCT,gated,ENSG00000080166,True,0.6524037280621447,3,prostate,1.0,0.0
DNER,gated,ENSG00000187957,True,0.7730196379679677,12,brain,251.0,2.0
DPEP1,gated,ENSG00000015413,True,0.8532492035780082,5,testis,129.0,28.0
EEF1A1,gated,ENSG00000156508,True,0.20555314836379962,16,ovary,695.0,309.0
EEF2,gated,ENSG00000167658,True,0.1108371763680514,16,ovary,3119.0,1143.0
EGFR,gated,ENSG00000146648,True,0.2743508742438448,15,thyroid,69.0,20.0
ENPP3,gated,ENSG00000154269,True,0.6902368466721323,7,prostate,12.0,0.8
EPCAM,gated,ENSG00000119888,True,0.5892376462452954,12,thyroid,688.0,0.8
FABP3,gated,ENSG00000121769,True,0.4998278256992137,16,heart,3249.0,35.0
GAP43,gated,ENSG00000172020,True,0.8429495509063004,9,brain,480.0,4.0
GAPDH,gated,ENSG00000111640,True,0.1839561713222481,16,skeletal muscle,2647.0,418.0
GJB1,gated,ENSG00000169562,True,0.7646085651330593,8,liver,162.0,0.1
GP2,gated,ENSG00000169347,True,0.9087653046834338,3,kidney,9.0,0.2
GPM6A,gated,ENSG00000150625,True,0.7321005474670048,13,brain,871.0,8.0
GPM6B,gated,ENSG00000046653,True,0.622338295031031,15,brain,1477.0,31.0
HJV,gated,ENSG00000168509,True,0.7567264840296413,7,skeletal muscle,316.0,1.0
HLA-A,gated,ENSG00000206503,True,0.2308258916622517,16,leukocyte,2115.0,535.0
HLA-B,gated,ENSG00000234745,True,0.27655019103955863,16,leukocyte,5790.0,1694.0
HLA-C,gated,ENSG00000204525,True,0.2688324116322564,16,leukocyte,3300.0,1049.0
HLA-DRA,gated,ENSG00000204287,True,0.27761733387636645,16,leukocyte,6615.0,1487.0
HLA-DRB1,gated,ENSG00000196126,True,0.31175958968012935,16,lung,2583.0,221.0
HLA-DRB5,gated,ENSG00000198502,True,0.43254061772072777,16,lung,1427.0,98.0
HMOX1,gated,ENSG00000100292,True,0.26675838623863785,16,leukocyte,192.0,129.0
HSP90AB1,gated,ENSG00000096384,True,0.1251546090558785,16,ovary,2137.0,1021.0
HSPB1,gated,ENSG00000106211,True,0.2491585504962008,16,thyroid,1516.0,511.0
IFITM3,gated,ENSG00000142089,True,0.18660747485951565,16,lung,1334.0,548.0
JUP,gated,ENSG00000173801,True,0.2854126962668433,16,thyroid,193.0,33.0
KLK7,gated,ENSG00000169035,True,0.760459296563354,5,brain,11.0,0.1
KRT1,gated,ENSG00000167768,True,0.8816666256050101,5,adipose,72.0,0.1
LGALS4,gated,ENSG00000171747,True,0.8534876903086313,7,colon,243.0,0.9
LPCAT1,gated,ENSG00000153395,True,0.3925317255340285,16,leukocyte,119.0,44.0
LY6E,gated,ENSG00000160932,True,0.21892818745083426,16,lung,224.0,105.0
MISP,gated,ENSG00000099812,True,0.7970442200495917,6,lung,29.0,0.1
MLC1,gated,ENSG00000100427,True,0.8468536154921659,7,brain,106.0,0.3
MSLN,gated,ENSG00000102854,True,0.809429491515803,7,lung,232.0,4.0
MUC13,gated,ENSG00000173702,True,0.793710160150403,6,colon,22.0,0.1
NMB,gated,ENSG00000197696,True,0.5775752723169595,16,breast,137.0,9.0
NOX1,gated,ENSG00000007952,True,0.7386491731560886,6,colon,8.0,1.0
OLFM4,gated,ENSG00000102837,True,0.7545714896745306,7,colon,399.0,0.7
OR2I1P,gated,ENSG00000237988,True,0.8316898772208149,5,adrenal,19.0,8.0
PDPN,gated,ENSG00000162493,True,0.3299344916733448,14,ovary,58.0,30.0
PERP,gated,ENSG00000112378,True,0.3008627653661957,16,prostate,239.0,28.0
PI3,gated,ENSG00000124102,True,0.7651140993042769,10,lung,181.0,1.0
PIGR,gated,ENSG00000162896,True,0.7110837576780404,11,colon,539.0,1.0
PLA2G2A,gated,ENSG00000188257,True,0.38580780899611233,15,liver,1767.0,1142.0
PLP1,gated,ENSG00000123560,True,0.7598769983016262,13,brain,4630.0,26.0
PRAME,gated,ENSG00000185686,True,0.9689215012495341,2,testis,106.0,0.0
PSCA,gated,ENSG00000167653,True,0.8920032939918097,5,prostate,64.0,0.1
PTPRZ1,gated,ENSG00000106278,True,0.8465768233382303,8,brain,123.0,2.0
S100A6,gated,ENSG00000197956,True,0.23328608851719038,16,lung,3655.0,935.0
S100A9,gated,ENSG00000163220,True,0.5002570087648381,16,leukocyte,23981.0,831.0
S100P,gated,ENSG00000163993,True,0.7252217353226841,13,prostate,556.0,4.0
SCNN1A,gated,ENSG00000111319,True,0.645789895109634,12,kidney,158.0,0.6
SLC17A3,gated,ENSG00000124564,True,0.9505093627622541,2,kidney,35.0,0.0
SLC1A3,gated,ENSG00000079215,True,0.5892397519832843,16,brain,504.0,21.0
SLC2A2,gated,ENSG00000163581,True,0.9581429823679901,2,liver,319.0,0.0
SLC34A2,gated,ENSG00000157765,True,0.7844737420664071,9,lung,670.0,5.0
SLC39A6,gated,ENSG00000141424,True,0.25595000181028316,16,ovary,259.0,57.0
SPINT1,gated,ENSG00000166145,True,0.48222222130873965,13,kidney,83.0,11.0
SPP1,gated,ENSG00000118785,True,0.6203491647283766,16,kidney,13070.0,54.0
TACSTD2,gated,ENSG00000184292,True,0.6176571124556177,12,prostate,290.0,5.0
THBS2,gated,ENSG00000186340,True,0.33789093354887384,16,adipose,241.0,60.0
TM4SF4,gated,ENSG00000169903,True,0.9265030374677273,3,liver,181.0,0.2
TM4SF5,gated,ENSG00000142484,True,0.9511852724589093,3,liver,277.0,0.0
TSPAN8,gated,ENSG00000127324,True,0.5656641648781301,15,colon,318.0,16.0
UBE2C,gated,ENSG00000175063,True,0.6782954702253835,11,testis,21.0,7.0
VCAM1,gated,ENSG00000162692,True,0.4491706988840684,15,adrenal,167.0,36.0
VIM,gated,ENSG00000026025,True,0.21262809989124737,16,ovary,2812.0,907.0
ABCB5,background,ENSG00000004846,True,0.8085447003188792,3,prostate,4.0,0.2
AIF1,background,ENSG00000204472,True,0.462787636183358,16,leukocyte,886.0,63.0
ALK,background,ENSG00000171094,True,0.8284028597089123,3,brain,3.0,0.1
ATP7A,background,ENSG00000165240,True,0.3226821289347245,16,leukocyte,16.0,5.0
BOC,background,ENSG00000144857,True,0.4936066452841052,14,prostate,31.0,9.0
C1QBP,background,ENSG00000108561,True,0.12234029335504287,16,adrenal,159.0,68.0
CDC50A,background,ENSG00000112697,True,0.14144898417498522,16,brain,397.0,145.0
CDC50B,background,ENSG00000182107,True,0.5477771102438554,15,thyroid,230.0,8.0
CDH12,background,ENSG00000154162,True,0.9239047110932218,3,brain,5.0,0.0
CHIC1,background,ENSG00000204116,True,0.41064333419369753,16,brain,36.0,8.0
CLCNKB,background,ENSG00000184908,True,0.9326903687729413,2,kidney,75.0,0.0
CLSTN1,background,ENSG00000171603,True,0.2754959068369358,16,brain,438.0,91.0
CLSTN3,background,ENSG00000139182,True,0.385805255198663,16,ovary,82.0,34.0
CNNM2,background,ENSG00000148842,True,0.33817292195638327,16,kidney,8.0,3.0
CT83,background,ENSG00000204019,True,0.9813567037349448,1,testis,141.0,0.0
CTTN,background,ENSG00000085733,True,0.21040906853825453,16,ovary,138.0,29.0
CX3CR1,background,ENSG00000168329,True,0.8317059244458368,11,leukocyte,1063.0,1.0
CYS1,background,ENSG00000205795,True,0.7057336974559455,14,kidney,203.0,1.0
DCHS1,background,ENSG00000166341,True,0.39687367910180515,15,ovary,28.0,12.0
DLGAP1,background,ENSG00000170579,True,0.8941385301984763,7,brain,105.0,0.1
DOCK4,background,ENSG00000128512,True,0.45922285742326735,16,brain,53.0,7.0
EMCN,background,ENSG00000164035,True,0.3680064755280964,15,lung,128.0,37.0
ERRFI1,background,ENSG00000116285,True,0.3133101878325878,16,thyroid,439.0,44.0
ERVMER34-1,background,ENSG00000226887,True,0.6779291875866011,8,kidney,6.0,1.0
FFAR1,background,ENSG00000126266,True,0.9345169693339549,3,ovary,10.0,0.2
FRMPD2,background,ENSG00000170324,True,0.8135352359443518,1,ovary,1.0,0.0
GJA5,background,ENSG00000265107,True,0.3972888536234042,15,adipose,44.0,9.0
GJB2,background,ENSG00000165474,True,0.6034956087004014,13,liver,34.0,2.0
GNA11,background,ENSG00000088256,True,0.18970639841128276,16,testis,50.0,14.0
GP6,background,ENSG00000088053,True,0.844638428613726,4,leukocyte,10.0,0.1
GPC4,background,ENSG00000076716,True,0.2766882497362566,16,lung,73.0,26.0
GPR15,background,ENSG00000154165,True,0.8306309756851039,6,leukocyte,29.0,2.0
HTR2B,background,ENSG00000135914,True,0.4949930886711976,11,adrenal,11.0,8.0
IGKV1-12,background,ENSG00000243290,True,0.9524300330194219,3,lymph node,46.0,46.0
IGKV2-28,background,ENSG00000244116,True,0.9051856525205885,3,lymph node,96.0,96.0
IGKV6D-41,background,ENSG00000211626,True,0.9747658917830847,1,lung,1.0,0.0
IGLV1-40,background,ENSG00000211653,True,0.6908475388971852,13,lymph node,2394.0,2394.0
IGLV11-55,background,ENSG00000211641,True,0.9568620070759988,0,lymph node,0.5,0.5
ITM2C,background,ENSG00000135916,True,0.3467214239681185,16,brain,1055.0,223.0
JAML,background,ENSG00000160593,True,0.7922871467563757,10,leukocyte,220.0,18.0
KIR2DL1,background,ENSG00000125498,True,0.8973233447758381,2,leukocyte,2.0,0.7
KLRG1,background,ENSG00000139187,True,0.7469058214190133,15,leukocyte,111.0,24.0
KRAS,background,ENSG00000133703,True,0.2202699594694811,16,leukocyte,68.0,26.0
LAT,background,ENSG00000213658,True,0.8120702824373893,2,adrenal,2.0,2.0
LGR5,background,ENSG00000139292,True,0.7602016945999879,11,skeletal muscle,42.0,1.0
MAL,background,ENSG00000172005,True,0.5757050057789591,14,kidney,528.0,31.0
MC1R,background,ENSG00000258839,True,0.5652170956887751,7,thyroid,3.0,2.0
MICA,background,ENSG00000204520,True,0.3679827936612573,16,lung,82.0,39.0
MINPP1,background,ENSG00000107789,True,0.1877655718098967,16,kidney,38.0,21.0
MMP16,background,ENSG00000156103,True,0.72260322059572,9,brain,11.0,1.0
MYMK,background,ENSG00000187616,True,0.8245899428183237,2,testis,1.0,0.0
NLGN3,background,ENSG00000196338,True,0.7008003256189441,10,brain,62.0,3.0
NOD1,background,ENSG00000106100,True,0.355691982827011,14,adipose,16.0,9.0
NOS3,background,ENSG00000164867,True,0.43432405024955933,15,adipose,28.0,10.0
OR10G7,background,ENSG00000182634,True,,0,leukocyte,0.0,0.0
OR12D2,background,ENSG00000280236,True,1.0,0,ovary,0.5,0.0
OR13C2,background,ENSG00000276119,True,1.0,0,adrenal,0.1,0.0
OR2A14,background,ENSG00000221938,True,0.8666666666666667,0,testis,0.1,0.0
OR2T11,background,ENSG00000279301,True,0.8666666666666667,0,leukocyte,0.1,0.0
OR3A1,background,ENSG00000180090,True,0.964076477415765,0,testis,0.7,0.0
OR4A47,background,ENSG00000237388,True,,0,leukocyte,0.0,0.0
OR52E4,background,ENSG00000180974,True,1.0,0,testis,0.1,0.0
OR52P1,background,ENSG00000181109,True,0.82612277822743,0,brain,0.6,0.0
OR5P2,background,ENSG00000183303,True,0.9568620070759988,0,prostate,0.5,0.0
OR8B12,background,ENSG00000170953,True,1.0,0,testis,0.3,0.0
OR8D4,background,ENSG00000181518,True,1.0,0,colon,0.1,0.0
P2RY14,background,ENSG00000174944,True,0.5441837702839035,14,prostate,57.0,4.0
PACSIN2,background,ENSG00000100266,True,0.14564315205841222,16,leukocyte,102.0,60.0
PCDHA10,background,ENSG00000250120,True,0.7993064714551641,3,thyroid,3.0,0.1
PCDHB15,background,ENSG00000113248,True,0.4609457742469708,13,ovary,22.0,3.0
PCDHB18P,background,ENSG00000146001,True,0.6562594671200336,5,ovary,3.0,0.6
PCDHB5,background,ENSG00000113209,True,0.526578649304239,13,ovary,21.0,1.0
PCDHGB1,background,ENSG00000254221,True,0.7932412680748009,4,brain,5.0,0.2
PRICKLE3,background,ENSG00000012211,True,0.3994883505545371,16,skeletal muscle,19.0,9.0
PRSS21,background,ENSG00000007038,True,0.8664620147908281,7,testis,54.0,3.0
PRX,background,ENSG00000105227,True,0.560160229073704,15,lung,59.0,9.0
RAPSN,background,ENSG00000165917,True,0.8373019673808463,7,skeletal muscle,51.0,2.0
S1PR3,background,ENSG00000213694,True,0.3221410408015576,16,kidney,27.0,11.0
S1PR5,background,ENSG00000180739,True,0.7687345130009194,9,leukocyte,98.0,4.0
SEPTIN2,background,ENSG00000168385,True,0.11702220619912973,16,ovary,333.0,151.0
SLC15A1,background,ENSG00000088386,True,0.8729032101916872,4,kidney,13.0,0.0
SLC22A8,background,ENSG00000149452,True,0.9887928806183659,1,kidney,32.0,0.0
SLC5A9,background,ENSG00000117834,True,0.7735789923578886,6,lung,7.0,0.5
SLC6A19,background,ENSG00000174358,True,0.9661196821066748,2,kidney,14.0,0.0
SLCO2B1,background,ENSG00000137491,True,0.3925247864463178,15,liver,57.0,23.0
SSTR3,background,ENSG00000278195,True,0.8244346923544897,6,ovary,31.0,3.0
TAS2R16,background,ENSG00000128519,True,,0,leukocyte,0.0,0.0
TBC1D3L,background,ENSG00000274512,True,0.8328591240430953,0,adrenal,0.5,0.0
TGM1,background,ENSG00000092295,True,0.617463850042993,8,kidney,6.0,3.0
TLR4,background,ENSG00000136869,True,0.4824923361680697,16,leukocyte,140.0,18.0
TRBV12-4,background,ENSG00000276953,True,0.921092764070295,3,leukocyte,31.0,2.0
TRBV7-1,background,ENSG00000211707,True,0.9131958271493171,3,testis,6.0,0.5
TRBV7-4,background,ENSG00000253409,True,0.9580735889504379,2,leukocyte,6.0,1.0
TTYH2,background,ENSG00000141540,True,0.5933649230015993,15,brain,116.0,4.0
TULP3,background,ENSG00000078246,True,0.3068707069454348,16,ovary,67.0,26.0
UNC93A,background,ENSG00000112494,True,0.8942294588583631,0,liver,0.8,0.0
VLDLR,background,ENSG00000147852,True,0.5063286416932367,14,ovary,161.0,5.0
VNN1,background,ENSG00000112299,True,0.6384975708137361,13,liver,107.0,12.0
CD19,references,ENSG00000177455,True,0.8186639263583387,5,adrenal,77.0,70.0
ERBB2,references,ENSG00000141736,True,0.3754512325192494,16,thyroid,54.0,6.0
FOLR1,references,ENSG00000110195,True,0.7395967592873556,8,lung,218.0,0.1
TNFRSF17,references,ENSG00000048462,True,0.7783347010218306,6,adrenal,47.0,31.0
POLR2A,positive_controls,ENSG00000181222,True,0.21603981179762885,16,testis,177.0,47.0
RPS3,positive_controls,ENSG00000149273,True,0.2198031047918029,16,ovary,1069.0,372.0
PCNA,positive_controls,ENSG00000132646,True,0.21132336707759694,16,testis,198.0,79.0
PSMA1,positive_controls,ENSG00000129084,True,0.08984877349221013,16,thyroid,70.0,39.0
