gene,group,resolved,n_associations,curated,systematic,unclassified,n_datasets_curated,n_datasets_systematic,curated_frac
ADH1A,gated,True,4954,1747,3205,2,45,57,0.35278675282714056
ADH1B,gated,True,9210,2380,6829,1,51,62,0.25844282766858506
ADH1C,gated,True,4845,1367,3470,8,46,53,0.2826131899937978
AFM,gated,True,3365,960,2403,2,34,58,0.2854594112399643
AKR1B10,gated,True,12894,1790,11101,3,47,68,0.13885656659685053
ANPEP,gated,True,13909,4718,9185,6,56,76,0.3393512191613321
APOC3,gated,True,19784,16930,2837,17,54,61,0.8564779683310568
APOD,gated,True,12290,2309,9981,0,45,70,0.18787632221318146
AQP1,gated,True,11338,3405,7932,1,43,69,0.3003440063508865
AQP4,gated,True,6976,2682,4292,2,45,67,0.3845712646974477
ASGR2,gated,True,4959,725,4227,7,38,66,0.14640549273021003
ATP1B2,gated,True,5979,1124,4851,4,44,72,0.18811715481171548
ATP6V1B1,gated,True,4400,1351,3036,13,51,73,0.30795532254387964
B2M,gated,True,24486,7880,16597,9,57,81,0.3219348776402337
CA12,gated,True,15580,1813,13761,6,49,75,0.11641196866572492
CA9,gated,True,9429,3872,5555,2,49,78,0.41073512252042005
CD24,gated,True,17371,4897,12473,1,43,55,0.281922855497985
CD63,gated,True,15291,5243,10046,2,40,76,0.34292628687291515
CD74,gated,True,12360,4215,8145,0,56,77,0.34101941747572817
CDC42EP1,gated,True,7751,1294,6452,5,38,81,0.16705396333591532
CDH17,gated,True,9693,4312,5381,0,46,70,0.44485711338079026
CEACAM5,gated,True,11965,4094,7870,1,38,61,0.34219324640588433
CEACAM6,gated,True,12109,1867,10241,1,41,60,0.1541955731747605
CKB,gated,True,13222,5254,7959,9,44,69,0.39763868916975703
CLDN18,gated,True,4424,1173,3251,0,38,68,0.26514466546112114
CLDN2,gated,True,5911,1885,4026,0,42,60,0.31889697174758924
CLDN3,gated,True,9412,2709,6703,0,46,74,0.28782405439864006
CLDN4,gated,True,10274,3014,7258,2,46,76,0.2934190031152648
CLDN6,gated,True,4298,1071,3227,0,39,64,0.249185667752443
CLTRN,gated,True,1013,286,727,0,9,10,0.28232971372161897
CYP2C9,gated,True,8129,5565,2554,10,54,58,0.6854292400541938
DCT,gated,True,6368,2036,4332,0,48,73,0.31972361809045224
DNER,gated,True,6497,1381,5115,1,48,64,0.2125923645320197
DPEP1,gated,True,5529,1307,4222,0,47,70,0.23638994393199494
EEF1A1,gated,True,24482,7826,16611,45,58,71,0.32025207676883416
EEF2,gated,True,24878,5862,18977,39,59,82,0.2359998389629212
EGFR,gated,True,42224,26367,15838,19,72,88,0.6247364056391422
ENPP3,gated,True,4693,1267,3426,0,49,61,0.2699765608352866
EPCAM,gated,True,15454,5957,9497,0,50,77,0.3854665458780898
FABP3,gated,True,7147,2583,4558,6,50,73,0.3617140456518695
GAP43,gated,True,8009,3135,4869,5,48,75,0.3916791604197901
GAPDH,gated,False,,,,,,,
GJB1,gated,True,6386,2866,3515,5,51,69,0.44914590189625453
GP2,gated,True,4287,1829,2456,2,37,63,0.42683780630105017
GPM6A,gated,True,7484,1063,6415,6,43,72,0.14215030756886868
GPM6B,gated,True,9534,799,8727,8,38,72,0.08387570858702498
HJV,gated,True,1499,503,996,0,14,11,0.33555703802535025
HLA-A,gated,True,17653,7507,10134,12,58,75,0.42554276968425825
HLA-B,gated,True,23652,8807,14833,12,55,69,0.37254653130287646
HLA-C,gated,True,14421,5823,8587,11,46,66,0.4040943789035392
HLA-DRA,gated,True,8102,2733,5368,1,52,66,0.3373657573139119
HLA-DRB1,gated,True,12851,8436,4414,1,53,62,0.6564980544747082
HLA-DRB5,gated,True,4544,1905,2638,1,43,59,0.4193264362755888
HMOX1,gated,True,30610,10276,20325,9,61,80,0.33580601941113036
HSP90AB1,gated,True,36329,11406,24896,27,53,85,0.3141975648724588
HSPB1,gated,True,24621,10264,14357,0,62,87,0.41687989927297836
IFITM3,gated,True,13401,2077,11322,2,41,73,0.15501156802746474
JUP,gated,True,13915,4388,9520,7,58,83,0.3155018694276675
KLK7,gated,True,5877,1153,4723,1,33,60,0.19622191967324712
KRT1,gated,True,7836,3893,3933,10,52,70,0.4974444160490672
LGALS4,gated,True,11394,4909,6485,0,34,69,0.4308407934000351
LPCAT1,gated,True,10763,3074,7683,6,49,82,0.28576740726968486
LY6E,gated,True,11800,1281,10517,2,36,78,0.10857772503814206
MISP,gated,True,6124,844,5278,2,35,70,0.13786344331917674
MLC1,gated,True,4828,1160,3667,1,39,61,0.2403148953801533
MSLN,gated,True,9439,2233,7205,1,41,72,0.2365967365967366
MUC13,gated,True,5442,1288,4151,3,36,66,0.23680823680823682
NMB,gated,True,5250,885,4365,0,34,64,0.16857142857142857
NOX1,gated,True,7700,3658,4042,0,45,66,0.4750649350649351
OLFM4,gated,True,10040,1443,8596,1,42,67,0.14373941627652156
OR2I1P,gated,True,684,13,671,0,5,6,0.019005847953216373
PDPN,gated,True,9587,4699,4882,6,41,69,0.49044984865880387
PERP,gated,True,12650,1448,11199,3,45,74,0.11449355578398039
PI3,gated,True,10093,3481,6612,0,38,62,0.34489249975230357
PIGR,gated,True,6458,2812,3618,28,47,68,0.4373250388802488
PLA2G2A,gated,True,11402,4565,6837,0,53,65,0.4003683564286967
PLP1,gated,True,7544,2970,4573,1,41,69,0.3937425427548721
PRAME,gated,True,10621,1692,8929,0,30,66,0.1593070332360418
PSCA,gated,True,7742,1529,6213,0,37,71,0.1974941875484371
PTPRZ1,gated,True,7605,1981,5622,2,49,73,0.26055504406155466
S100A6,gated,True,19430,3016,16414,0,44,81,0.15522388059701492
S100A9,gated,True,24203,6389,17811,3,51,76,0.2640082644628099
S100P,gated,True,14250,1535,12713,2,39,64,0.10773441886580573
SCNN1A,gated,True,11313,2726,8587,0,57,71,0.24096172544859895
SLC17A3,gated,True,3811,740,3049,22,44,63,0.19530219055159673
SLC1A3,gated,True,10763,3790,6969,4,60,79,0.352263221488986
SLC2A2,gated,True,6435,2888,3547,0,57,60,0.4487956487956488
SLC34A2,gated,True,6115,1397,4716,2,47,70,0.22852936365123508
SLC39A6,gated,True,9342,1098,8242,2,42,79,0.11755888650963597
SPINT1,gated,True,7258,1400,5858,0,43,74,0.19289060347203085
SPP1,gated,True,14880,6882,7995,3,45,65,0.4625932647711232
TACSTD2,gated,True,13476,2345,11129,2,48,77,0.17403888971352233
THBS2,gated,True,11943,2438,9502,3,51,75,0.20418760469011726
TM4SF4,gated,True,4933,436,4497,0,30,68,0.08838435029393878
TM4SF5,gated,True,3216,581,2622,13,32,58,0.18139244458320325
TSPAN8,gated,True,11217,1282,9935,0,31,74,0.11429080859409825
UBE2C,gated,True,14408,2623,11761,24,42,74,0.18235539488320357
VCAM1,gated,True,17240,9375,7862,3,54,70,0.5438881475894878
VIM,gated,True,34125,10686,23428,11,63,86,0.31324382951281
ABCB5,background,True,3429,1286,2142,1,40,55,0.3751458576429405
AIF1,background,True,8945,4118,4815,12,44,75,0.46098735027426396
ALK,background,True,11330,6898,4431,1,57,74,0.608879865831053
ATP7A,background,True,9758,4861,4892,5,51,77,0.4984107454116682
BOC,background,True,5224,1060,4162,2,40,70,0.20298736116430485
C1QBP,background,True,12662,4538,8105,19,51,79,0.35893379735822195
CDC50A,background,True,6882,802,6062,18,34,80,0.11684149184149184
CDC50B,background,True,4307,388,3917,2,27,63,0.09012775842044135
CDH12,background,True,4477,728,3748,1,44,71,0.16264521894548703
CHIC1,background,True,3756,217,3529,10,20,58,0.05792845702082221
CLCNKB,background,True,4703,1257,3446,0,49,64,0.2672762066765894
CLSTN1,background,True,12631,5341,7273,17,42,78,0.42341842397336293
CLSTN3,background,True,5918,628,5288,2,35,74,0.10615280594996619
CNNM2,background,True,7551,820,6726,5,46,73,0.10866684336072091
CT83,background,True,1118,284,834,0,17,34,0.25402504472271914
CTTN,background,True,13830,5686,8139,5,53,87,0.4112839059674503
CX3CR1,background,True,12014,5085,6927,2,55,67,0.42332667332667334
CYS1,background,True,5084,1223,3861,0,29,57,0.240558615263572
DCHS1,background,True,6539,1304,5235,0,47,72,0.19941887138706224
DLGAP1,background,True,5580,1227,4353,0,45,73,0.21989247311827956
DOCK4,background,True,9613,1217,8393,3,52,78,0.12663891779396463
EMCN,background,True,5319,1044,4274,1,31,64,0.19631440391124483
ERRFI1,background,True,15987,1696,14286,5,39,73,0.10611938430734576
ERVMER34-1,background,True,3011,180,2831,0,9,42,0.05978080371969445
FFAR1,background,True,3126,1312,1813,1,39,42,0.41984
FRMPD2,background,True,2814,349,2465,0,36,55,0.1240227434257285
GJA5,background,True,6534,2336,4193,5,54,67,0.3577883289937203
GJB2,background,True,8496,4651,3843,2,53,61,0.5475629856369202
GNA11,background,True,10154,3533,6619,2,56,75,0.34801024428684
GP6,background,True,6063,2331,3732,0,49,68,0.38446313706086094
GPC4,background,True,8367,2444,5919,4,46,75,0.2922396269281358
GPR15,background,True,3685,826,2835,24,33,63,0.22562141491395793
HTR2B,background,True,6300,2228,4072,0,47,62,0.35365079365079366
IGKV1-12,background,True,200,3,197,0,2,3,0.015
IGKV2-28,background,True,217,19,198,0,2,2,0.08755760368663594
IGKV6D-41,background,True,3,1,2,0,1,1,0.3333333333333333
IGLV1-40,background,True,472,38,434,0,3,13,0.08050847457627118
IGLV11-55,background,True,35,20,15,0,2,2,0.5714285714285714
ITM2C,background,True,10540,916,9620,4,36,78,0.08694001518602885
JAML,background,True,1875,310,1565,0,16,13,0.16533333333333333
KIR2DL1,background,True,2596,1247,1348,1,28,41,0.48053949903660886
KLRG1,background,True,4931,1408,3522,1,40,68,0.28559837728194726
KRAS,background,True,17301,10621,6665,15,51,65,0.6144278606965174
LAT,background,True,5838,2871,2966,1,42,56,0.4918622580092513
LGR5,background,True,11631,3635,7995,1,47,73,0.3125537403267412
MAL,background,True,7638,2083,5555,0,33,53,0.2727153705158418
MC1R,background,True,7990,3283,4707,0,56,65,0.41088861076345434
MICA,background,True,6641,2904,3735,2,46,64,0.4374152733845459
MINPP1,background,True,5778,779,4989,10,50,70,0.13505547850208044
MMP16,background,True,6996,1680,5312,4,49,73,0.2402745995423341
MYMK,background,True,1159,315,844,0,10,10,0.271786022433132
NLGN3,background,True,5212,1581,3630,1,45,67,0.30339666090961426
NOD1,background,True,8502,3479,5023,0,49,67,0.4091978358033404
NOS3,background,True,13608,9561,4045,2,53,68,0.7027046891077465
OR10G7,background,True,960,99,861,0,17,36,0.103125
OR12D2,background,True,1657,131,1526,0,23,44,0.07905853952926976
OR13C2,background,True,963,62,901,0,14,29,0.06438213914849429
OR2A14,background,True,2177,82,2095,0,16,40,0.037666513550757924
OR2T11,background,True,741,88,653,0,15,30,0.11875843454790823
OR3A1,background,True,2344,295,2048,1,23,45,0.12590695689287237
OR4A47,background,True,837,76,761,0,12,32,0.0908004778972521
OR52E4,background,True,1167,109,1058,0,16,37,0.0934018851756641
OR52P1,background,True,866,2,864,0,2,8,0.0023094688221709007
OR5P2,background,True,1204,114,1090,0,20,39,0.0946843853820598
OR8B12,background,True,935,79,856,0,18,35,0.08449197860962566
OR8D4,background,True,1875,109,1766,0,20,37,0.058133333333333335
P2RY14,background,True,5185,937,4248,0,37,67,0.18071359691417552
PACSIN2,background,True,8628,1547,7079,2,42,83,0.17934152562021793
PCDHA10,background,True,3232,280,2952,0,25,59,0.08663366336633663
PCDHB15,background,True,3315,177,3137,1,19,56,0.053409776704888355
PCDHB18P,background,True,1583,23,1560,0,4,29,0.014529374605180037
PCDHB5,background,True,3514,232,3282,0,20,61,0.06602162777461583
PCDHGB1,background,True,3876,101,3775,0,18,53,0.0260577915376677
PRICKLE3,background,True,6297,661,5634,2,22,72,0.10500397140587768
PRSS21,background,True,5739,970,4767,2,29,65,0.16907791528673521
PRX,background,True,4173,1124,3048,1,41,66,0.2694151486097795
RAPSN,background,True,7257,1586,5671,0,49,71,0.2185476092049056
S1PR3,background,True,6191,1862,4329,0,43,61,0.3007591665320627
S1PR5,background,True,5111,1199,3908,4,39,61,0.23477579792441747
SEPTIN2,background,True,3324,521,2803,0,19,23,0.15673886883273164
SLC15A1,background,True,4715,1622,3063,30,44,66,0.34621131270010674
SLC22A8,background,True,4328,1607,2720,1,46,57,0.3713889530852785
SLC5A9,background,True,3243,380,2863,0,33,56,0.1171754548257786
SLC6A19,background,True,3621,1265,2355,1,51,57,0.3494475138121547
SLCO2B1,background,True,6574,1414,5160,0,44,71,0.21508974749011256
SSTR3,background,True,4580,1566,3012,2,45,62,0.3420707732634338
TAS2R16,background,True,1963,375,1588,0,35,45,0.19103413143148243
TBC1D3L,background,True,1111,9,1102,0,3,7,0.008100810081008101
TGM1,background,True,7948,2973,4972,3,50,72,0.37419760855884204
TLR4,background,True,26856,18084,8767,5,61,72,0.6734944694797215
TRBV12-4,background,False,,,,,,,
TRBV7-1,background,True,34,1,33,0,1,2,0.029411764705882353
TRBV7-4,background,True,7,1,6,0,1,1,0.14285714285714285
TTYH2,background,True,5360,637,4717,6,34,65,0.11897646619350019
TULP3,background,True,6282,1120,5160,2,42,79,0.17834394904458598
UNC93A,background,True,2955,191,2764,0,19,53,0.06463620981387479
VLDLR,background,True,10356,2864,7489,3,50,77,0.27663479184777356
VNN1,background,True,7477,1103,6368,6,43,66,0.1476375317895864
CD19,references,True,11116,6977,4139,0,54,69,0.6276538323137819
ERBB2,references,True,23191,14185,8995,11,67,82,0.6119499568593615
FOLR1,references,True,11775,2421,9352,2,45,60,0.20564002378323282
TNFRSF17,references,True,4879,1401,3477,1,43,68,0.2872078720787208
POLR2A,positive_controls,True,15561,4953,10563,45,59,86,0.31921887084300077
RPS3,positive_controls,True,24798,5633,19145,20,47,74,0.22733876826216806
PCNA,positive_controls,True,26109,12777,13289,43,61,79,0.49017877695081713
PSMA1,positive_controls,True,8825,2478,6324,23,43,81,0.28152692569870486
