gene,set,n_cgs_signatures,covered
ADH1A,gated,0,0
ADH1B,gated,0,0
ADH1C,gated,0,0
AFM,gated,0,0
AKR1B10,gated,0,0
ANPEP,gated,8,1
APOC3,gated,8,1
APOD,gated,0,0
AQP1,gated,0,0
AQP4,gated,0,0
ASGR2,gated,8,1
ATP1B2,gated,0,0
ATP6V1B1,gated,0,0
B2M,gated,10,1
CA12,gated,12,1
CA9,gated,0,0
CD24,gated,8,1
CD63,gated,0,0
CD74,gated,0,0
CDC42EP1,gated,0,0
CDH17,gated,0,0
CEACAM5,gated,0,0
CEACAM6,gated,9,1
CKB,gated,8,1
CLDN18,gated,0,0
CLDN2,gated,0,0
CLDN3,gated,0,0
CLDN4,gated,0,0
CLDN6,gated,0,0
CLTRN,gated,0,0
CYP2C9,gated,0,0
DCT,gated,0,0
DNER,gated,0,0
DPEP1,gated,0,0
EEF1A1,gated,0,0
EEF2,gated,0,0
EGFR,gated,16,1
ENPP3,gated,0,0
EPCAM,gated,8,1
FABP3,gated,0,0
GAP43,gated,0,0
GAPDH,gated,13,1
GJB1,gated,0,0
GP2,gated,0,0
GPM6A,gated,0,0
GPM6B,gated,0,0
HJV,gated,0,0
HLA-A,gated,10,1
HLA-B,gated,3,1
HLA-C,gated,0,0
HLA-DRA,gated,8,1
HLA-DRB1,gated,8,1
HLA-DRB5,gated,8,1
HMOX1,gated,9,1
HSP90AB1,gated,10,1
HSPB1,gated,9,1
IFITM3,gated,0,0
JUP,gated,0,0
KLK7,gated,0,0
KRT1,gated,0,0
LGALS4,gated,0,0
LPCAT1,gated,0,0
LY6E,gated,0,0
MISP,gated,0,0
MLC1,gated,0,0
MSLN,gated,0,0
MUC13,gated,0,0
NMB,gated,0,0
NOX1,gated,9,1
OLFM4,gated,0,0
OR2I1P,gated,0,0
PDPN,gated,0,0
PERP,gated,0,0
PI3,gated,0,0
PIGR,gated,0,0
PLA2G2A,gated,8,1
PLP1,gated,0,0
PRAME,gated,0,0
PSCA,gated,0,0
PTPRZ1,gated,0,0
S100A6,gated,8,1
S100A9,gated,0,0
S100P,gated,8,1
SCNN1A,gated,10,1
SLC17A3,gated,0,0
SLC1A3,gated,0,0
SLC2A2,gated,8,1
SLC34A2,gated,0,0
SLC39A6,gated,7,1
SPINT1,gated,0,0
SPP1,gated,8,1
TACSTD2,gated,0,0
THBS2,gated,0,0
TM4SF4,gated,0,0
TM4SF5,gated,0,0
TSPAN8,gated,10,1
UBE2C,gated,13,1
VCAM1,gated,0,0
VIM,gated,8,1
ABCB5,background,8,1
AIF1,background,0,0
ALK,background,10,1
ATP7A,background,8,1
BOC,background,0,0
C1QBP,background,9,1
CDC50A,background,0,0
CDC50B,background,0,0
CDH12,background,0,0
CHIC1,background,0,0
CLCNKB,background,0,0
CLSTN1,background,6,1
CLSTN3,background,0,0
CNNM2,background,7,1
CT83,background,0,0
CTTN,background,14,1
CX3CR1,background,0,0
CYS1,background,0,0
DCHS1,background,0,0
DLGAP1,background,0,0
DOCK4,background,0,0
EMCN,background,0,0
ERRFI1,background,3,1
ERVMER34-1,background,0,0
FFAR1,background,8,1
FRMPD2,background,0,0
GJA5,background,0,0
GJB2,background,0,0
GNA11,background,13,1
GP6,background,0,0
GPC4,background,0,0
GPR15,background,0,0
HTR2B,background,0,0
IGKV1-12,background,0,0
IGKV2-28,background,0,0
IGKV6D-41,background,0,0
IGLV1-40,background,0,0
IGLV11-55,background,0,0
ITM2C,background,0,0
JAML,background,0,0
KIR2DL1,background,0,0
KLRG1,background,0,0
KRAS,background,14,1
LAT,background,0,0
LGR5,background,8,1
MAL,background,0,0
MC1R,background,0,0
MICA,background,0,0
MINPP1,background,0,0
MMP16,background,0,0
MYMK,background,0,0
NLGN3,background,0,0
NOD1,background,10,1
NOS3,background,8,1
OR10G7,background,0,0
OR12D2,background,0,0
OR13C2,background,0,0
OR2A14,background,0,0
OR2T11,background,0,0
OR3A1,background,0,0
OR4A47,background,0,0
OR52E4,background,0,0
OR52P1,background,0,0
OR5P2,background,0,0
OR8B12,background,0,0
OR8D4,background,0,0
P2RY14,background,0,0
PACSIN2,background,0,0
PCDHA10,background,6,1
PCDHB15,background,0,0
PCDHB18P,background,0,0
PCDHB5,background,0,0
PCDHGB1,background,0,0
PRICKLE3,background,0,0
PRSS21,background,0,0
PRX,background,0,0
RAPSN,background,0,0
S1PR3,background,7,1
S1PR5,background,0,0
SEPTIN2,background,0,0
SLC15A1,background,0,0
SLC22A8,background,0,0
SLC5A9,background,0,0
SLC6A19,background,0,0
SLCO2B1,background,0,0
SSTR3,background,0,0
TAS2R16,background,0,0
TBC1D3L,background,0,0
TGM1,background,0,0
TLR4,background,9,1
TRBV12-4,background,0,0
TRBV7-1,background,0,0
TRBV7-4,background,0,0
TTYH2,background,0,0
TULP3,background,0,0
UNC93A,background,0,0
VLDLR,background,0,0
VNN1,background,0,0
CD19,reference,14,1
ERBB2,reference,12,1
FOLR1,reference,8,1
TNFRSF17,reference,4,1
POLR2A,positive_control,11,1
RPS3,positive_control,9,1
PCNA,positive_control,8,1
PSMA1,positive_control,7,1
