class,rho
within,-0.1777
within,0.2411
within,0.4062
within,0.5642
within,0.4141
within,0.7084
within,0.0292
within,0.1249
within,-0.0159
within,0.1645
within,0.0490
within,0.2044
within,0.0564
within,-0.0899
within,0.3235
within,0.0653
within,-0.1603
within,0.1659
within,0.2749
within,0.1932
within,0.1290
within,0.2323
within,0.2862
within,0.1470
within,0.2370
within,0.2294
within,0.2917
within,0.3484
within,0.0657
within,-0.1334
within,-0.1261
within,0.0010
within,-0.2292
within,0.2768
within,0.0792
within,0.1938
within,0.2318
within,0.1065
within,0.3524
within,0.1360
within,0.3659
within,0.4265
within,0.3204
within,0.1060
within,0.1937
within,0.2746
within,0.1262
within,0.1307
within,0.1909
within,0.0431
within,0.2712
within,0.3747
within,-0.0247
within,0.1508
within,0.2439
within,0.3741
within,0.2340
within,0.2397
within,0.2307
within,0.3710
within,0.4476
within,0.3925
within,0.1511
within,0.1312
within,0.1637
within,0.2136
within,0.1444
within,-0.1439
within,0.1376
within,0.0938
within,0.2067
within,0.1563
within,-0.0283
within,-0.0570
within,0.3140
within,0.3123
within,-0.0430
within,0.1845
within,0.1631
within,0.2978
within,0.3784
within,0.2826
within,0.2347
within,-0.0250
within,0.1871
within,0.0960
within,0.2072
within,0.1099
within,-0.0368
within,0.2214
within,0.1748
within,0.0475
within,0.0397
within,0.1611
within,0.1422
within,0.4527
within,0.2585
within,0.1293
within,0.1624
within,0.1457
within,0.1344
within,0.1196
within,0.2865
within,0.3317
within,0.0796
within,0.1368
within,0.0428
within,-0.1017
within,0.5606
within,0.3896
within,-0.4431
within,0.2499
within,0.1307
within,0.0646
within,0.0876
within,0.1232
within,0.0248
within,0.2717
within,0.1571
within,0.1460
within,0.2601
within,0.3485
within,0.1313
within,-0.0387
within,0.2121
within,0.1320
within,-0.0629
within,0.2675
within,0.3048
within,0.4096
within,0.3231
within,0.3601
within,0.3137
within,0.4531
within,0.3749
within,0.5603
within,0.0647
within,0.0750
within,0.2350
within,0.0467
within,0.3010
within,0.3674
within,0.3406
within,0.4261
within,-0.1561
within,-0.0429
within,0.1713
within,0.4582
within,-0.4034
within,-0.2861
within,0.4922
within,0.3124
within,0.4538
between,0.1496
between,-0.0267
between,0.3123
between,0.2144
between,0.1596
between,-0.1839
between,0.2276
between,-0.0992
between,0.4194
between,-0.0551
between,0.5372
between,0.0083
between,-0.1231
between,0.1058
between,0.0573
between,0.0011
between,0.0476
between,-0.1885
between,0.4582
between,0.4001
between,0.4703
between,-0.5539
between,0.2322
between,-0.0345
between,-0.0272
between,-0.1656
between,0.1120
between,0.0150
between,-0.0008
between,0.0539
between,0.1059
between,-0.1081
between,-0.0540
between,0.1610
between,0.2556
between,0.2021
between,0.1435
between,0.1219
between,0.2219
between,0.2221
between,0.0882
between,0.0380
between,0.1312
between,0.0513
between,0.0904
between,0.0950
between,0.0848
between,-0.0558
between,0.0522
between,-0.0405
between,0.0247
between,-0.0646
between,0.0275
between,-0.0064
between,0.1005
between,-0.0545
between,-0.0125
between,-0.0299
between,0.1515
between,-0.0653
between,0.0310
between,0.1217
between,0.1447
between,-0.0209
between,0.1751
between,-0.0794
between,0.1529
between,-0.1711
between,0.1222
between,0.1502
between,-0.0530
between,-0.1396
between,0.0684
between,-0.0138
between,0.1562
between,-0.2018
between,-0.0100
between,-0.1693
between,0.3020
between,-0.0738
between,0.1278
between,0.0759
between,0.0881
between,-0.0164
between,0.0295
between,0.1452
between,-0.0329
between,0.0088
between,0.2355
between,0.2528
between,0.0785
between,0.2451
between,-0.0963
between,0.1535
between,0.2053
between,0.3005
between,-0.2221
between,0.2389
between,0.1264
between,0.0448
between,0.1530
between,0.0687
between,0.0137
between,-0.0180
between,0.0484
between,0.1143
between,0.0076
between,0.0422
between,0.1637
between,0.1350
between,0.1117
between,0.1121
between,0.2456
between,0.1501
between,0.0996
between,0.0384
between,0.0679
between,0.0455
between,0.1533
between,0.0881
between,0.0502
between,0.1552
between,0.0942
between,0.0472
between,0.2547
between,0.1187
between,0.0589
between,-0.0341
between,0.1054
between,0.0190
between,0.1383
between,0.0839
between,0.1060
between,0.0214
between,0.0146
between,0.0329
between,0.0831
between,0.0309
between,0.1228
between,-0.0031
between,0.0934
between,0.1452
between,0.1714
between,0.0065
between,0.1922
between,0.1148
between,0.0034
between,-0.1321
between,0.0966
between,0.1239
between,0.0562
between,-0.0089
between,-0.1400
between,0.1010
between,-0.0173
between,-0.0391
between,-0.2079
between,0.0705
between,0.2192
between,-0.0852
between,0.1376
between,-0.0157
between,-0.0026
between,0.1567
between,0.1788
between,-0.0247
between,0.1654
between,-0.1064
between,0.2348
between,0.1620
between,0.2555
between,-0.1953
between,-0.0751
between,0.2347
between,0.0009
between,-0.1562
between,-0.1342
between,-0.0750
between,-0.0282
between,-0.0903
between,-0.0818
between,-0.1144
between,-0.0354
between,0.0670
between,0.3163
between,0.0289
between,0.0705
between,0.3149
between,0.3195
between,-0.0518
between,0.1568
between,-0.1286
between,0.3576
between,0.2721
between,0.4109
between,-0.3208
between,-0.1442
between,0.0630
between,-0.0250
between,-0.0103
between,-0.0809
between,0.1243
between,0.0554
between,0.0908
between,-0.1347
between,0.1611
between,-0.1467
between,0.1769
between,-0.1806
between,0.0036
between,0.2178
between,0.4092
between,-0.0663
between,0.1970
between,0.3010
between,0.4596
between,0.0709
between,-0.1483
between,0.1521
between,-0.1416
between,0.0082
between,-0.0190
between,0.0035
between,-0.0107
between,0.0142
between,0.0374
between,-0.0158
between,0.1017
between,-0.0220
between,0.0047
between,-0.0784
between,0.0045
between,0.0931
between,0.0861
between,-0.1259
between,-0.0510
between,-0.1127
between,0.1102
between,-0.0453
between,0.0870
between,0.0401
between,0.0609
between,0.0308
between,0.0808
between,0.1086
between,-0.0102
between,0.0215
between,0.2432
between,0.0982
between,-0.0768
between,0.1668
between,-0.1285
between,0.0757
between,-0.0484
between,0.1299
between,-0.0041
between,-0.0882
between,0.1464
between,-0.1589
between,0.3417
between,0.1300
between,0.3509
between,-0.2534
between,0.2188
between,0.1301
between,-0.0095
between,0.0579
between,-0.1417
between,0.4006
between,0.2185
between,0.3906
between,-0.4087
between,0.1503
between,-0.0515
between,0.0628
between,0.0538
between,0.0015
between,-0.0477
between,0.0433
between,0.0956
between,0.1510
between,-0.0091
between,0.0295
between,0.0064
between,0.0720
between,0.0717
between,-0.0810
between,0.1868
between,0.1886
between,0.2539
between,-0.2536
between,0.2185
between,0.0790
between,-0.0508
between,-0.2191
between,-0.0469
between,0.0722
between,0.3315
between,0.4746
between,0.1188
between,-0.0657
between,0.2553
between,0.3504
between,0.1780
between,0.0573
between,0.4863
between,-0.3203
between,-0.4986
between,0.2238
between,-0.0040
between,-0.0807
between,0.1690
