gene,group,accession,count,mitab_rows,topology,n_universe_partners_physical
ABCB5,background,Q2M3G0,10,10,unannotated,5
ADH1A,gated,P07327,4,4,unannotated,4
ADH1B,gated,P00325,11,11,unannotated,8
ADH1C,gated,P00326,19,19,unannotated,17
AFM,gated,P43652,14,14,unannotated,9
AIF1,background,P55008,14,14,unannotated,10
AKR1B10,gated,O60218,39,39,unannotated,27
ALK,background,Q9UM73,336,336,single-pass,194
ANPEP,gated,P15144,20,20,single-pass,9
APOC3,gated,P02656,50,50,unannotated,29
APOD,gated,P05090,272,272,unannotated,148
AQP1,gated,P29972,440,440,multi-pass,142
AQP4,gated,P55087,10,10,multi-pass,4
ASGR2,gated,P07307,48,48,single-pass,26
ATP1B2,gated,P14415,10,10,single-pass,7
ATP6V1B1,gated,P15313,66,66,unannotated,31
ATP7A,background,Q04656,52,52,multi-pass,42
B2M,gated,P61769,253,253,unannotated,70
BOC,background,Q9BWV1,21,21,single-pass,14
C1QBP,background,Q07021,570,570,unannotated,273
CA12,gated,O43570,12,12,single-pass,9
CA9,gated,Q16790,15,15,single-pass,5
CD19,references,P15391,13,13,single-pass,10
CD24,gated,P25063,0,0,unannotated,0
CD63,gated,P08962,116,116,multi-pass,82
CD74,gated,P04233,203,203,single-pass,116
CDC42EP1,gated,Q00587,140,140,unannotated,67
CDC50A,background,Q9NV96,117,117,unannotated,84
CDC50B,background,Q3MIR4,158,158,unannotated,85
CDH12,background,P55289,21,21,single-pass,15
CDH17,gated,Q12864,11,11,single-pass,6
CEACAM5,gated,P06731,10,10,GPI,5
CEACAM6,gated,P40199,95,95,GPI,31
CHIC1,background,Q5VXU3,12,12,unannotated,12
CKB,gated,P12277,126,126,unannotated,67
CLCNKB,background,P51801,0,0,unannotated,0
CLDN18,gated,P56856,109,109,multi-pass,75
CLDN2,gated,P57739,174,174,multi-pass,95
CLDN3,gated,O15551,116,116,multi-pass,78
CLDN4,gated,O14493,156,156,multi-pass,85
CLDN6,gated,P56747,20,20,multi-pass,6
CLSTN1,background,O94985,90,90,single-pass,84
CLSTN3,background,Q9BQT9,90,90,multi-pass,62
CLTRN,gated,Q9HBJ8,11,11,single-pass,4
CNNM2,background,Q9H8M5,23,23,multi-pass,14
CT83,background,Q5H943,0,0,single-pass,0
CTTN,background,Q14247,158,158,unannotated,88
CX3CR1,background,P49238,8,8,multi-pass,5
CYP2C9,gated,P11712,23,23,unannotated,10
CYS1,background,Q717R9,35,35,unannotated,22
DCHS1,background,Q96JQ0,18,18,single-pass,13
DCT,gated,P40126,26,26,unannotated,17
DLGAP1,background,O14490,15,15,unannotated,9
DNER,gated,Q8NFT8,10,10,single-pass,5
DOCK4,background,Q8N1I0,279,279,unannotated,161
DPEP1,gated,P16444,127,127,GPI,62
EEF1A1,gated,P68104,350,350,unannotated,165
EEF2,gated,P13639,218,218,unannotated,105
EGFR,gated,P00533,1968,1968,single-pass,955
EMCN,background,Q9ULC0,6,6,single-pass,6
ENPP3,gated,O14638,5,5,single-pass,5
EPCAM,gated,P16422,28,28,single-pass,15
ERBB2,references,P04626,1052,1052,single-pass,662
ERRFI1,background,Q9UJM3,82,82,unannotated,30
ERVMER34-1,background,Q9H9K5,9,9,single-pass,9
FABP3,gated,P05413,18,18,unannotated,7
FFAR1,background,O14842,233,233,multi-pass,233
FOLR1,references,P15328,18,18,GPI,7
FRMPD2,background,Q68DX3,1139,1139,unannotated,420
GAP43,gated,P17677,51,51,unannotated,28
GAPDH,gated,P04406,350,350,unannotated,168
GJA5,background,P36382,99,99,multi-pass,34
GJB1,gated,P08034,137,137,multi-pass,45
GJB2,background,P29033,130,130,multi-pass,55
GNA11,background,P29992,84,84,unannotated,43
GP2,gated,P55259,2,2,GPI,2
GP6,background,Q9HCN6,5,5,single-pass,4
GPC4,background,O75487,62,62,GPI,39
GPM6A,gated,P51674,162,162,multi-pass,129
GPM6B,gated,Q13491,21,21,unannotated,15
GPR15,background,P49685,0,0,multi-pass,0
HJV,gated,Q6ZVN8,5,5,GPI,1
HLA-A,gated,P04439,225,225,single-pass,142
HLA-B,gated,P01889,731,731,single-pass,452
HLA-C,gated,P10321,507,507,single-pass,272
HLA-DRA,gated,P01903,174,174,single-pass,145
HLA-DRB1,gated,P01911,145,145,single-pass,102
HLA-DRB5,gated,Q30154,29,29,single-pass,17
HMOX1,gated,P09601,169,169,unannotated,93
HSP90AB1,gated,P08238,1059,1059,unannotated,576
HSPB1,gated,P04792,1137,1137,unannotated,573
HTR2B,background,P41595,18,18,multi-pass,7
IFITM3,gated,Q01628,137,137,single-pass,83
IGKV1-12,background,A0A0C4DH73,0,0,unannotated,0
IGKV2-28,background,A0A075B6P5,0,0,unannotated,0
IGKV6D-41,background,A0A0C4DH26,0,0,unannotated,0
IGLV1-40,background,P01703,3,3,unannotated,1
IGLV11-55,background,A0A075B6I3,0,0,unannotated,0
ITM2C,background,Q9NQX7,66,66,unannotated,47
JAML,background,Q86YT9,4,4,single-pass,1
JUP,gated,P14923,406,406,unannotated,248
KIR2DL1,background,P43626,57,57,single-pass,37
KLK7,gated,P49862,57,57,unannotated,57
KLRG1,background,Q96E93,29,29,single-pass,9
KRAS,background,P01116,82,82,unannotated,55
KRT1,gated,P04264,189,189,unannotated,74
LAT,background,O43561,25,25,single-pass,15
LGALS4,gated,P56470,49,49,unannotated,17
LGR5,background,O75473,5,5,multi-pass,4
LPCAT1,gated,Q8NF37,58,58,unannotated,41
LY6E,gated,Q16553,17,17,GPI,4
MAL,background,P21145,260,260,multi-pass,78
MC1R,background,Q01726,1,1,multi-pass,1
MICA,background,Q29983,106,106,single-pass,80
MINPP1,background,Q9UNW1,34,34,unannotated,27
MISP,gated,Q8IVT2,291,291,unannotated,123
MLC1,gated,Q15049,51,51,unannotated,22
MMP16,background,P51512,0,0,single-pass,0
MSLN,gated,Q13421,27,27,GPI,27
MUC13,gated,Q9H3R2,18,18,single-pass,11
MYMK,background,A6NI61,0,0,multi-pass,0
NLGN3,background,Q9NZ94,158,158,single-pass,72
NMB,gated,P08949,38,38,unannotated,29
NOD1,background,Q9Y239,55,55,unannotated,28
NOS3,background,P60323,0,0,unannotated,0
NOX1,gated,Q9Y5S8,22,22,multi-pass,12
OLFM4,gated,Q6UX06,145,145,unannotated,57
OR10G7,background,Q8NGN6,0,0,multi-pass,0
OR12D2,background,P58182,0,0,multi-pass,0
OR13C2,background,Q8NGS9,0,0,multi-pass,0
OR2A14,background,Q96R47,0,0,multi-pass,0
OR2I1P,gated,Q8NGU4,0,0,multi-pass,0
OR2T11,background,Q8NH01,1,1,multi-pass,1
OR3A1,background,P47881,1,1,multi-pass,1
OR4A47,background,Q6IF82,0,0,multi-pass,0
OR52E4,background,Q8NGH9,0,0,multi-pass,0
OR52P1,background,Q8NH57,0,0,multi-pass,0
OR5P2,background,Q8WZ92,0,0,multi-pass,0
OR8B12,background,Q8NGG6,0,0,multi-pass,0
OR8D4,background,Q8NGM9,0,0,multi-pass,0
P2RY14,background,Q15391,2,2,multi-pass,1
PACSIN2,background,Q9UNF0,127,127,unannotated,65
PCDHA10,background,Q9Y5I2,19,19,single-pass,18
PCDHB15,background,Q9Y5E8,33,33,single-pass,27
PCDHB18P,background,Q96TA0,2,2,unannotated,1
PCDHB5,background,Q9Y5E4,25,25,single-pass,14
PCDHGB1,background,Q9Y5G3,61,61,single-pass,61
PCNA,positive_controls,P12004,306,306,control,134
PDPN,gated,Q86YL7,19,19,single-pass,15
PERP,gated,Q96FX8,24,24,unannotated,8
PI3,gated,P19957,4,4,unannotated,4
PIGR,gated,P01833,83,83,single-pass,71
PLA2G2A,gated,P14555,1,1,unannotated,1
PLP1,gated,P60201,17,17,multi-pass,10
POLR2A,positive_controls,P24928,228,228,control,85
PRAME,gated,P78395,86,86,unannotated,69
PRICKLE3,background,O43900,171,171,unannotated,70
PRSS21,background,Q9Y6M0,16,16,GPI,16
PRX,background,Q9BXM0,11,11,unannotated,9
PSCA,gated,O43653,103,103,GPI,99
PSMA1,positive_controls,P25786,905,905,control,257
PTPRZ1,gated,P23471,134,134,single-pass,86
RAPSN,background,Q13702,11,11,unannotated,11
RPS3,positive_controls,P23396,838,838,control,587
S100A6,gated,P06703,178,178,unannotated,149
S100A9,gated,P06702,165,165,unannotated,104
S100P,gated,P25815,277,277,unannotated,226
S1PR3,background,Q99500,12,12,multi-pass,3
S1PR5,background,Q9H228,18,18,multi-pass,10
SCNN1A,gated,P37088,46,46,multi-pass,42
SEPTIN2,background,Q15019,131,131,unannotated,45
SLC15A1,background,P46059,120,120,multi-pass,76
SLC17A3,gated,O00476,0,0,unannotated,0
SLC1A3,gated,P43003,190,190,multi-pass,121
SLC22A8,background,Q8TCC7,20,20,multi-pass,18
SLC2A2,gated,P11168,9,9,multi-pass,7
SLC34A2,gated,O95436,29,29,multi-pass,25
SLC39A6,gated,Q13433,50,50,multi-pass,41
SLC5A9,background,Q2M3M2,5,5,multi-pass,5
SLC6A19,background,Q695T7,4,4,multi-pass,1
SLCO2B1,background,O94956,116,116,multi-pass,76
SPINT1,gated,O43278,31,31,unannotated,28
SPP1,gated,P10451,41,41,unannotated,17
SSTR3,background,P32745,11,11,multi-pass,6
TACSTD2,gated,P09758,138,138,single-pass,125
TAS2R16,background,Q9NYV7,0,0,multi-pass,0
TBC1D3L,background,B9A6J9,0,0,unannotated,0
TGM1,background,P22735,285,285,unannotated,193
THBS2,gated,P35442,23,23,unannotated,11
TLR4,background,O00206,50,50,single-pass,22
TM4SF4,gated,P48230,63,63,multi-pass,22
TM4SF5,gated,O14894,36,36,multi-pass,31
TNFRSF17,references,Q02223,34,34,single-pass,16
TRBV12-4,background,A0A0B4J2E0,0,0,unannotated,0
TRBV7-1,background,A0A0A6YYK4,0,0,unannotated,0
TRBV7-4,background,A0A1B0GX95,0,0,unannotated,0
TSPAN8,gated,P19075,93,93,multi-pass,70
TTYH2,background,Q9BSA4,12,12,multi-pass,9
TULP3,background,O75386,248,248,unannotated,140
UBE2C,gated,O00762,22,22,unannotated,10
UNC93A,background,Q86WB7,126,126,unannotated,80
VCAM1,gated,P19320,2088,2088,single-pass,646
VIM,gated,P08670,684,684,unannotated,341
VLDLR,background,P98155,13,13,single-pass,12
VNN1,background,O95497,7,7,GPI,7
