gene_a,gene_b,types,detection,pubmeds
ADH1A,ADH1B,MI:0914,MI:0007,33961781
ADH1B,ADH1C,MI:0914|MI:0915,MI:0007,28514442|33961781
ADH1C,TGM1,MI:0914,MI:0007,33961781
ALK,EGFR,MI:2364,MI:0012,35512704
ALK,GPC4,MI:0914,MI:0004,35384245
ALK,HLA-A,MI:0914,MI:0004,35384245
ALK,HSP90AB1,MI:0915,MI:0007|MI:0729,22939624
ANPEP,ERBB2,MI:0914,MI:0007,38884001
APOD,RPS3,MI:2364,MI:1314,39251607
AQP1,S100A9,MI:0915,MI:0019,36889440
ATP6V1B1,HSPB1,MI:0915,MI:0397|MI:0398|MI:1356,32814053
ATP7A,PCDHGB1,MI:0914,MI:0007,33961781
ATP7A,PSCA,MI:0914,MI:0007,33961781
B2M,EGFR,MI:2364,MI:0012,35512704
B2M,HLA-A,MI:0915,MI:0071|MI:0107|MI:0114,20831383|20844028|24018270
B2M,HLA-B,MI:0914|MI:0915,MI:0007|MI:0107,12853576|24018270|27649529|28514442|33961781
B2M,HLA-C,MI:0914|MI:0915,MI:0007|MI:0054|MI:0107,12853576|24018270|27649529|28514442|28546555|33961781
B2M,PCNA,MI:0915,MI:0006,23527218
BOC,TULP3,MI:0915,MI:0399,23414517
C1QBP,KRAS,MI:0914,MI:0007,35839996
CA12,CDC50B,MI:0914,MI:0007,28514442|33961781
CD63,SLC5A9,MI:0914,MI:0007,33961781
CD74,HLA-DRA,MI:0914,MI:0007,33961781
CD74,HLA-DRB1,MI:0914,MI:0007,33961781
CD74,PCNA,MI:0914,MI:0096,30833792
CDC42EP1,KRAS,MI:0914,MI:0007,35839996
CDC50A,CDC50B,MI:0914,MI:0007,28514442|33961781
CDC50A,DCT,MI:0914,MI:0007,33961781
CDC50A,HLA-B,MI:0914,MI:0007,28514442|33961781
CDC50A,HLA-C,MI:0914,MI:0007,28514442|33961781
CDC50A,MAL,MI:0915,MI:0397|MI:1112|MI:1356,32296183
CDC50B,HLA-A,MI:0914,MI:0007,28514442
CEACAM5,CEACAM6,MI:0915,MI:0089,21982860
CKB,ERBB2,MI:0915,MI:0112,31980649
CLDN18,FRMPD2,MI:0407,MI:2437,36115835
CLDN2,FRMPD2,MI:0407,MI:2437,36115835
CLDN2,LAT,MI:0915,MI:0397|MI:1112|MI:1356,32296183
CLDN2,PLP1,MI:0915,MI:0397|MI:1112|MI:1356,32296183
CLDN3,FRMPD2,MI:0407,MI:2437,36115835
CLDN4,FRMPD2,MI:0407,MI:2437,36115835
CLDN4,TACSTD2,MI:2364,MI:0813,20651236
CLSTN1,PSCA,MI:0914,MI:0007,33961781
CLSTN1,SLC1A3,MI:0914,MI:0007,33961781
CLSTN3,HLA-C,MI:0914,MI:0007,33961781
CLSTN3,HLA-DRB1,MI:0914,MI:0007,33961781
CLSTN3,ITM2C,MI:0914,MI:0007,33961781
CLSTN3,MAL,MI:0915,MI:0397|MI:1112|MI:1356,32296183
CLSTN3,OLFM4,MI:0915,MI:0397|MI:1112|MI:1356,32296183
CLTRN,OLFM4,MI:0915,MI:0397|MI:1112|MI:1356,32296183
CTTN,EGFR,MI:0915,MI:0007|MI:0112,24658140|31980649
CTTN,RPS3,MI:2364,MI:1314,39251607
DCHS1,PCDHGB1,MI:0914,MI:0007,28514442|33961781
DCT,PLP1,MI:0915,MI:0397|MI:1112|MI:1356,32296183
DOCK4,FRMPD2,MI:0407,MI:2437,36115835
EEF1A1,EGFR,MI:0914,MI:0006,15657067
EEF1A1,NLGN3,MI:0914|MI:0915,MI:0006|MI:0007|MI:0018,25464930
EEF2,VCAM1,MI:0914,MI:0030,22623428
EGFR,ERBB2,MI:0914|MI:0915|MI:2364,MI:0006|MI:0096|MI:0424|MI:0676|MI:0813,10572067|15657067|16843263|19650109|23436906|24189400|24557338|25241761
EGFR,ERRFI1,MI:0914|MI:2364,MI:0004|MI:0006|MI:0012|MI:0676,24189400|35384245|35512704
EGFR,GAPDH,MI:0914|MI:0915,MI:0006|MI:0007|MI:0112,16799092|20029029|24658140|31980649
EGFR,GNA11,MI:2364,MI:0012,35512704
EGFR,GPM6B,MI:0915,MI:0112,20029029|31980649
EGFR,HLA-A,MI:2364,MI:0012,35512704
EGFR,HLA-B,MI:2364,MI:0012,35512704
EGFR,HMOX1,MI:2364,MI:0012,35512704
EGFR,HSP90AB1,MI:0914|MI:0915,MI:0006|MI:0007|MI:0112|MI:0676|MI:0729,15657067|20029029|22939624|24189400|24658140|31980649
EGFR,HSPB1,MI:0914|MI:2364,MI:0006|MI:0676|MI:0813,15657067|23397142|24189400
EGFR,JUP,MI:0915|MI:2364,MI:0112|MI:1314,24658140|31980649|35384245
EGFR,KRT1,MI:0914,MI:0006,15657067
EGFR,LAT,MI:0915,MI:0112|MI:0729,24658140|31980649
EGFR,NOX1,MI:2364,MI:0012,35512704
EGFR,PACSIN2,MI:2364,MI:1314,35384245
EGFR,PSCA,MI:0914,MI:0007,33961781
EGFR,S100A9,MI:0914,MI:0006,16799092
EGFR,SLC5A9,MI:0914,MI:0004,35384245
ERBB2,ERRFI1,MI:0914,MI:0004|MI:0676,24189400|35384245
ERBB2,FRMPD2,MI:0407,MI:2437,36115835
ERBB2,GAPDH,MI:0915,MI:0112,24658140|31980649
ERBB2,GPM6B,MI:0915,MI:0112,31980649
ERBB2,HSP90AB1,MI:0914|MI:0915,MI:0004|MI:0006|MI:0007|MI:0676|MI:0729,20650008|22939624|24189400|35384245
ERBB2,JUP,MI:0914|MI:2364,MI:0007|MI:0813,25241761|38884001
ERBB2,KRAS,MI:0914,MI:0007,38884001
ERBB2,PSMA1,MI:0915,MI:0112,31980649
ERBB2,SPP1,MI:0915,MI:0112,31980649
FFAR1,IFITM3,MI:0914,MI:0007,33961781
FRMPD2,JUP,MI:0407,MI:2437,36115835
FRMPD2,PTPRZ1,MI:0407,MI:2437,36115835
FRMPD2,SLC1A3,MI:0407,MI:2437,36115835
FRMPD2,SLCO2B1,MI:0407,MI:2437,36115835
FRMPD2,UNC93A,MI:0407,MI:2437,36115835
GAPDH,S100A9,MI:0914,MI:0006,25417112
GAPDH,VCAM1,MI:0914,MI:0030,22623428
GJA5,GJB2,MI:0915,MI:0397|MI:1112|MI:1356,32296183
GJB1,GJB2,MI:0915,MI:0397|MI:1112|MI:1356,32296183
GJB1,LAT,MI:0915,MI:0397|MI:1112|MI:1356,32296183
GJB1,MAL,MI:0915,MI:0397|MI:1112|MI:1356,32296183
GJB1,TM4SF4,MI:0915,MI:0397|MI:1112|MI:1356,32296183
GJB2,MUC13,MI:0914,MI:0007,26496610
GPC4,KRAS,MI:0914,MI:0007,35839996
HLA-A,HLA-B,MI:0914|MI:0915,MI:0006|MI:0007,17353931|28514442|33961781
HLA-A,HLA-C,MI:0914|MI:0915,MI:0006|MI:0007,17353931|28514442|33961781
HLA-A,KRAS,MI:0914,MI:0007,35839996
HLA-B,HLA-C,MI:0914|MI:0915,MI:0006|MI:0007,17353931|28514442|33961781
HLA-B,KIR2DL1,MI:0407,MI:0004,28546555
HLA-B,KRAS,MI:0914,MI:0007,35839996
HLA-B,PCNA,MI:0915,MI:0006,17353931
HLA-B,PSCA,MI:0914,MI:0007,33961781
HLA-B,PSMA1,MI:0915,MI:0006,17353931
HLA-B,SEPTIN2,MI:0915,MI:0006,17353931
HLA-B,SLC1A3,MI:0914,MI:0007,33961781
HLA-C,HLA-DRB1,MI:0914,MI:0007,33961781
HLA-C,HLA-DRB5,MI:0914,MI:0007,33961781
HLA-C,HMOX1,MI:0914,MI:0007,28514442
HLA-C,ITM2C,MI:0914,MI:0007,33961781
HLA-C,KIR2DL1,MI:0407|MI:0915,MI:0004|MI:0054|MI:0107,12853576|18624290|19858347|28546555
HLA-C,KRAS,MI:0914,MI:0007,35839996
HLA-C,PCNA,MI:0915,MI:0006,17353931
HLA-C,PSCA,MI:0914,MI:0007,33961781
HLA-C,SLC22A8,MI:0914,MI:0007,33961781
HLA-C,SLC39A6,MI:0914,MI:0007,33961781
HLA-DRA,HLA-DRB1,MI:0914|MI:0915,MI:0007|MI:0114,11877480|28514442|33961781
HLA-DRA,HLA-DRB5,MI:0914,MI:0007,28514442|33961781
HLA-DRA,ITM2C,MI:0914,MI:0007,33961781
HLA-DRA,SCNN1A,MI:0914,MI:0007,33961781
HLA-DRA,SLC39A6,MI:0914,MI:0007,33961781
HLA-DRB1,HLA-DRB5,MI:0914,MI:0007,28514442|33961781
HLA-DRB1,SCNN1A,MI:0914,MI:0007,33961781
HSP90AB1,HSPB1,MI:0915,MI:0097,25277244
HSP90AB1,KRAS,MI:0914,MI:0007,35839996
HSP90AB1,RAPSN,MI:0915,MI:0729,22939624
HSP90AB1,VCAM1,MI:0914,MI:0030,22623428
HSPB1,MLC1,MI:0915,MI:0397|MI:0398|MI:1356,32814053
HSPB1,PERP,MI:0915,MI:0397|MI:0398|MI:1356,32814053
HSPB1,VCAM1,MI:0914,MI:0030,22623428
HSPB1,VIM,MI:0915,MI:0097,25277244
IFITM3,PLP1,MI:0915,MI:0397|MI:1112|MI:1356,32296183
ITM2C,OLFM4,MI:0915,MI:0397|MI:1112|MI:1356,32296183
ITM2C,SCNN1A,MI:0914,MI:0007,33961781
JAML,MAL,MI:0915,MI:0397|MI:1112|MI:1356,32296183
KRAS,KRT1,MI:0914,MI:0007,35839996
KRAS,LPCAT1,MI:0914,MI:0007,35839996
KRAS,PCNA,MI:0914,MI:0007,35839996
KRT1,VCAM1,MI:0914,MI:0030,19738201|22623428
MAL,PERP,MI:0915,MI:0397|MI:1112|MI:1356,32296183
MAL,SPINT1,MI:0915,MI:0397|MI:1112|MI:1356,32296183
MICA,PSCA,MI:0914,MI:0007,33961781
NLGN3,SPINT1,MI:0915,MI:0018,25464930
PCNA,RPS3,MI:2364,MI:1314,39251607
PRAME,RPS3,MI:2364,MI:1314,39251607
PRAME,TACSTD2,MI:0914,MI:0007,33961781
PSMA1,VCAM1,MI:0914,MI:0030,22623428
PSMA1,VIM,MI:0915,MI:0398,16189514
RPS3,VCAM1,MI:0914,MI:0030,22623428
VCAM1,VIM,MI:0914,MI:0030,22623428
