drug,mychem_id,inchikey,chebi_id,chebi_name,drugbank_id
7-ETHYL-10-HYDROXYCAMPTOTHECIN,C0099808,,,,
ABIRATERONE,GZOSMCIZMLWJML-VJLLXTKPSA-N,GZOSMCIZMLWJML-VJLLXTKPSA-N,CHEBI:68642,abiraterone,DB05812
ALLOPURINOL,OFCNXPDARWKPPY-UHFFFAOYSA-N,OFCNXPDARWKPPY-UHFFFAOYSA-N,CHEBI:40279,allopurinol,DB00437
AMIFOSTINE,JKOQGQFVAUAYPM-UHFFFAOYSA-N,JKOQGQFVAUAYPM-UHFFFAOYSA-N,CHEBI:2636,amifostine,DB01143
ANASTROZOLE,YBBLVLTVTVSKRW-UHFFFAOYSA-N,YBBLVLTVTVSKRW-UHFFFAOYSA-N,CHEBI:2704,anastrozole,DB01217
AXITINIB,RITAVMQDGBJQJZ-FMIVXFBMSA-N,RITAVMQDGBJQJZ-FMIVXFBMSA-N,CHEBI:66910,axitinib,DB06626
BLEOMYCIN,OYVAGSVQBOHSSS-WXFSZRTFSA-O,OYVAGSVQBOHSSS-WXFSZRTFSA-O,,,DB00290
BORTEZOMIB,GXJABQQUPOEUTA-RDJZCZTQSA-N,GXJABQQUPOEUTA-RDJZCZTQSA-N,CHEBI:52717,bortezomib,DB00188
BUSULFAN,COVZYZSDYWQREU-UHFFFAOYSA-N,COVZYZSDYWQREU-UHFFFAOYSA-N,CHEBI:28901,busulfan,DB01008
CABAZITAXEL,BMQGVNUXMIRLCK-OAGWZNDDSA-N,BMQGVNUXMIRLCK-OAGWZNDDSA-N,CHEBI:63584,cabazitaxel,DB06772
CAPECITABINE,GAGWJHPBXLXJQN-UORFTKCHSA-N,GAGWJHPBXLXJQN-UORFTKCHSA-N,CHEBI:31348,capecitabine,DB01101
CARMUSTINE,DLGOEMSEDOSKAD-UHFFFAOYSA-N,DLGOEMSEDOSKAD-UHFFFAOYSA-N,CHEBI:3423,carmustine,DB00262
CELECOXIB,RZEKVGVHFLEQIL-UHFFFAOYSA-N,RZEKVGVHFLEQIL-UHFFFAOYSA-N,CHEBI:41423,celecoxib,DB00482
CHLORAMBUCIL,JCKYGMPEJWAADB-UHFFFAOYSA-N,JCKYGMPEJWAADB-UHFFFAOYSA-N,CHEBI:28830,chlorambucil,DB00291
CLADRIBINE,PTOAARAWEBMLNO-KVQBGUIXSA-N,PTOAARAWEBMLNO-KVQBGUIXSA-N,CHEBI:567361,cladribine,DB00242
CLOFARABINE,WDDPHFBMKLOVOX-AYQXTPAHSA-N,WDDPHFBMKLOVOX-AYQXTPAHSA-N,CHEBI:681569,clofarabine,DB00631
DACARBAZINE,FDKXTQMXEQVLRF-ZHACJKMWSA-N,FDKXTQMXEQVLRF-ZHACJKMWSA-N,CHEBI:177836,(E)-dacarbazine,DB00851
DACTINOMYCIN,RJURFGZVJUQBHK-IIXSONLDSA-N,RJURFGZVJUQBHK-IIXSONLDSA-N,CHEBI:27666,actinomycin D,DB00970
DASATINIB,ZBNZXTGUTAYRHI-UHFFFAOYSA-N,ZBNZXTGUTAYRHI-UHFFFAOYSA-N,CHEBI:49375,dasatinib (anhydrous),DB01254
DAUNORUBICIN HYDROCHLORIDE,STQGQHZAVUOBTE-VGBVRHCVSA-N,STQGQHZAVUOBTE-VGBVRHCVSA-N,CHEBI:41977,daunorubicin,DB00694
DECITABINE,XAUDJQYHKZQPEU-KVQBGUIXSA-N,XAUDJQYHKZQPEU-KVQBGUIXSA-N,CHEBI:749378,decitabine,DB01262
DOCETAXEL,ZDZOTLJHXYCWBA-VCVYQWHSSA-N,ZDZOTLJHXYCWBA-VCVYQWHSSA-N,CHEBI:4672,docetaxel anhydrous,DB01248
DOXORUBICIN HYDROCHLORIDE,AOJJSUZBOXZQNB-TZSSRYMLSA-N,AOJJSUZBOXZQNB-TZSSRYMLSA-N,CHEBI:28748,doxorubicin,DB00997
EPIRUBICIN,AOJJSUZBOXZQNB-VTZDEGQISA-N,AOJJSUZBOXZQNB-VTZDEGQISA-N,CHEBI:47898,4'-epidoxorubicin,DB00445
ERIBULIN MESYLATE,QAMYWGZHLCQOOJ-WRNBYXCMSA-N,QAMYWGZHLCQOOJ-WRNBYXCMSA-N,CHEBI:70710,eribulin mesylate,
ERLOTINIB HYDROCHLORIDE,AAKJLRGGTJKAMG-UHFFFAOYSA-N,AAKJLRGGTJKAMG-UHFFFAOYSA-N,CHEBI:114785,erlotinib,DB00530
ETOPOSIDE,VJJPUSNTGOMMGY-MRVIYFEKSA-N,VJJPUSNTGOMMGY-MRVIYFEKSA-N,CHEBI:4911,etoposide,DB00773
EVEROLIMUS,HKVAMNSJSFKALM-GKUWKFKPSA-N,HKVAMNSJSFKALM-GKUWKFKPSA-N,CHEBI:68478,everolimus,DB01590
EXEMESTANE,BFYIZQONLCFLEV-DAELLWKTSA-N,BFYIZQONLCFLEV-DAELLWKTSA-N,CHEBI:4953,exemestane,DB00990
FLOXURIDINE,ODKNJVUHOIMIIZ-RRKCRQDMSA-N,ODKNJVUHOIMIIZ-RRKCRQDMSA-N,CHEBI:60761,floxuridine,DB00322
FLUDARABINE,HBUBKKRHXORPQB-FJFJXFQQSA-N,HBUBKKRHXORPQB-FJFJXFQQSA-N,CHEBI:94701,"(2R,3S,4S,5R)-2-(6-amino-2-fluoro-9-purinyl)-5-(hydroxymethyl)oxolane-3,4-diol",DB01073
FULVESTRANT,VWUXBMIQPBEWFH-WCCTWKNTSA-N,VWUXBMIQPBEWFH-WCCTWKNTSA-N,CHEBI:31638,fulvestrant,DB00947
GEFITINIB,XGALLCVXEZPNRQ-UHFFFAOYSA-N,XGALLCVXEZPNRQ-UHFFFAOYSA-N,CHEBI:49668,gefitinib,DB00317
GEMCITABINE HYDROCHLORIDE,SDUQYLNIPVEERB-QPPQHZFASA-N,SDUQYLNIPVEERB-QPPQHZFASA-N,CHEBI:175901,gemcitabine,DB00441
IDARUBICIN HYDROCHLORIDE,XDXDZDZNSLXDNA-TZNDIEGXSA-N,XDXDZDZNSLXDNA-TZNDIEGXSA-N,CHEBI:42068,idarubicin,DB01177
IFOSFAMIDE,HOMGKSMUEGBAAB-UHFFFAOYSA-N,HOMGKSMUEGBAAB-UHFFFAOYSA-N,CHEBI:5864,ifosfamide,DB01181
IMATINIB,KTUFNOKKBVMGRW-UHFFFAOYSA-N,KTUFNOKKBVMGRW-UHFFFAOYSA-N,CHEBI:45783,imatinib,DB00619
IMIQUIMOD,DOUYETYNHWVLEO-UHFFFAOYSA-N,DOUYETYNHWVLEO-UHFFFAOYSA-N,CHEBI:36704,imiquimod,DB00724
IXABEPILONE,FABUFPQFXZVHFB-PVYNADRNSA-N,FABUFPQFXZVHFB-PVYNADRNSA-N,CHEBI:63605,ixabepilone,DB04845
LAPATINIB,BCFGMOOMADDAQU-UHFFFAOYSA-N,BCFGMOOMADDAQU-UHFFFAOYSA-N,CHEBI:49603,lapatinib,DB01259
LENALIDOMIDE,GOTYRUGSSMKFNF-UHFFFAOYSA-N,GOTYRUGSSMKFNF-UHFFFAOYSA-N,CHEBI:63791,lenalidomide,DB00480
LETROZOLE,HPJKCIUCZWXJDR-UHFFFAOYSA-N,HPJKCIUCZWXJDR-UHFFFAOYSA-N,CHEBI:6413,letrozole,DB01006
MECHLORETHAMINE HYDROCHLORIDE,QZIQJVCYUQZDIR-UHFFFAOYSA-N,QZIQJVCYUQZDIR-UHFFFAOYSA-N,CHEBI:55368,mechlorethamine hydrochloride,
MELPHALAN,SGDBTWWWUNNDEQ-LBPRGKRZSA-N,SGDBTWWWUNNDEQ-LBPRGKRZSA-N,CHEBI:28876,melphalan,DB01042
METHOTREXATE,FBOZXECLQNJBKD-ZDUSSCGKSA-N,FBOZXECLQNJBKD-ZDUSSCGKSA-N,CHEBI:44185,methotrexate,DB00563
METHOXSALEN,QXKHYNVANLEOEG-UHFFFAOYSA-N,QXKHYNVANLEOEG-UHFFFAOYSA-N,CHEBI:18358,methoxsalen,DB00553
MITOTANE,JWBOIMRXGHLCPP-UHFFFAOYSA-N,JWBOIMRXGHLCPP-UHFFFAOYSA-N,CHEBI:6954,Mitotane,DB00648
MITOXANTRONE,KKZJGLLVHKMTCM-UHFFFAOYSA-N,KKZJGLLVHKMTCM-UHFFFAOYSA-N,CHEBI:50729,mitoxantrone,DB01204
NELARABINE,IXOXBSCIXZEQEQ-UHTZMRCNSA-N,IXOXBSCIXZEQEQ-UHTZMRCNSA-N,CHEBI:63612,nelarabine,DB01280
NILOTINIB,HHZIURLSWUIHRB-UHFFFAOYSA-N,HHZIURLSWUIHRB-UHFFFAOYSA-N,CHEBI:52172,nilotinib,DB04868
PACLITAXEL,RCINICONZNJXQF-MZXODVADSA-N,RCINICONZNJXQF-MZXODVADSA-N,CHEBI:45863,paclitaxel,DB01229
PENTOSTATIN,FPVKHBSQESCIEP-JQCXWYLXSA-N,FPVKHBSQESCIEP-JQCXWYLXSA-N,CHEBI:27834,pentostatin,DB00552
PLICAMYCIN,CFCUWKMKBJTWLW-BKHRDMLASA-N,CFCUWKMKBJTWLW-BKHRDMLASA-N,CHEBI:31856,mithramycin,DB06810
PRALATREXATE,OGSBUKJUDHAQEA-WMCAAGNKSA-N,OGSBUKJUDHAQEA-WMCAAGNKSA-N,CHEBI:71223,pralatrexate,DB06813
RALOXIFENE,GZUITABIAKMVPG-UHFFFAOYSA-N,GZUITABIAKMVPG-UHFFFAOYSA-N,CHEBI:8772,raloxifene,DB00481
ROMIDEPSIN,OHRURASPPZQGQM-GCCNXGTGSA-N,OHRURASPPZQGQM-GCCNXGTGSA-N,CHEBI:61080,romidepsin,DB06176
SORAFENIB,MLDQJTXFUGDVEO-UHFFFAOYSA-N,MLDQJTXFUGDVEO-UHFFFAOYSA-N,CHEBI:50924,sorafenib,DB00398
SUNITINIB,WINHZLLDWRZWRT-ATVHPVEESA-N,WINHZLLDWRZWRT-ATVHPVEESA-N,CHEBI:38940,sunitinib,DB01268
TAMOXIFEN CITRATE,NKANXQFJJICGDU-QPLCGJKRSA-N,NKANXQFJJICGDU-QPLCGJKRSA-N,CHEBI:41774,tamoxifen,DB00675
TENIPOSIDE,NRUKOCRGYNPUPR-QBPJDGROSA-N,NRUKOCRGYNPUPR-QBPJDGROSA-N,CHEBI:75988,teniposide,DB00444
THIOTEPA,FOCVUCIESVLUNU-UHFFFAOYSA-N,FOCVUCIESVLUNU-UHFFFAOYSA-N,CHEBI:9570,Thiotepa,DB04572
TOPOTECAN,UCFGDBYHRUNTLO-QHCPKHFHSA-N,UCFGDBYHRUNTLO-QHCPKHFHSA-N,CHEBI:63632,topotecan,DB01030
VANDETANIB,UHTHHESEBZOYNR-UHFFFAOYSA-N,UHTHHESEBZOYNR-UHFFFAOYSA-N,CHEBI:49960,vandetanib,DB05294
VEMURAFENIB,GPXBXXGIAQBQNI-UHFFFAOYSA-N,GPXBXXGIAQBQNI-UHFFFAOYSA-N,CHEBI:63637,vemurafenib,DB08881
VINBLASTINE SULFATE,JXLYSJRDGCGARV-CFWMRBGOSA-N,JXLYSJRDGCGARV-CFWMRBGOSA-N,CHEBI:748218,vinblastine,DB00570
VINCRISTINE SULFATE,OGWKCGZFUXNPDA-CFWMRBGOSA-N,OGWKCGZFUXNPDA-CFWMRBGOSA-N,,,DB00541
VINORELBINE TARTRATE,GBABOYUKABKIAF-IELIFDKJSA-N,GBABOYUKABKIAF-IELIFDKJSA-N,CHEBI:480999,vinorelbine,DB00361
VISMODEGIB,BPQMGSKTAYIVFO-UHFFFAOYSA-N,BPQMGSKTAYIVFO-UHFFFAOYSA-N,CHEBI:66903,vismodegib,DB08828
VORINOSTAT,WAEXFXRVDQXREF-UHFFFAOYSA-N,WAEXFXRVDQXREF-UHFFFAOYSA-N,CHEBI:45716,vorinostat,DB02546
ZOLEDRONIC ACID,XRASPMIURGNCCH-UHFFFAOYSA-N,XRASPMIURGNCCH-UHFFFAOYSA-N,CHEBI:46557,zoledronic acid,DB00399
