symbol,ensembl_gene
ADH1A,ENSG00000187758
ADH1B,ENSG00000196616
ADH1C,ENSG00000248144
AFM,ENSG00000079557
AKR1B10,ENSG00000198074
ALK,ENSG00000171094
ANPEP,ENSG00000166825
APOD,ENSG00000189058
AQP1,ENSG00000240583
AQP4,ENSG00000171885
ASGR2,ENSG00000161944
B2M,ENSG00000166710
BOC,ENSG00000144857
C1QBP,ENSG00000108561
CA9,ENSG00000107159
CDC42EP1,ENSG00000128283
CEACAM5,ENSG00000105388
CLDN2,ENSG00000165376
CLDN4,ENSG00000189143
CTTN,ENSG00000085733
CX3CR1,ENSG00000168329
CYP2C9,ENSG00000138109
DCHS1,ENSG00000166341
DCT,ENSG00000080166
DOCK4,ENSG00000128512
EEF2,ENSG00000167658
EGFR,ENSG00000146648
EPCAM,ENSG00000119888
ERBB2,ENSG00000141736
FABP3,ENSG00000121769
FFAR1,ENSG00000126266
GAP43,ENSG00000172020
GAPDH,ENSG00000111640
GP6,ENSG00000088053
GPC4,ENSG00000076716
HLA-A,ENSG00000206503
HMOX1,ENSG00000100292
HSP90AB1,ENSG00000096384
HSPB1,ENSG00000106211
JAML,ENSG00000160593
JUP,ENSG00000173801
KLK7,ENSG00000169035
LAT,ENSG00000213658
LGALS4,ENSG00000171747
MISP,ENSG00000099812
MSLN,ENSG00000102854
NMB,ENSG00000197696
OLFM4,ENSG00000102837
OR13C2,ENSG00000276119
PACSIN2,ENSG00000100266
PCDHB5,ENSG00000113209
PCDHGB1,ENSG00000254221
PDPN,ENSG00000162493
PI3,ENSG00000124102
PRAME,ENSG00000185686
PRX,ENSG00000105227
PSCA,ENSG00000167653
RAPSN,ENSG00000165917
S100A6,ENSG00000197956
S100A9,ENSG00000163220
SEPTIN2,ENSG00000168385
SLC2A2,ENSG00000163581
SLC34A2,ENSG00000157765
SLC39A6,ENSG00000141424
SPINT1,ENSG00000166145
SSTR3,ENSG00000278195
TACSTD2,ENSG00000184292
TGM1,ENSG00000092295
THBS2,ENSG00000186340
TLR4,ENSG00000136869
TM4SF4,ENSG00000169903
TM4SF5,ENSG00000142484
TULP3,ENSG00000078246
UBE2C,ENSG00000175063
