drug,fda_label_found,boxed_warning
7-ETHYL-10-HYDROXYCAMPTOTHECIN,False,False
ABIRATERONE,True,False
ALLOPURINOL,True,True
AMIFOSTINE,True,False
ANASTROZOLE,True,False
AXITINIB,True,False
BLEOMYCIN,True,True
BORTEZOMIB,True,False
BUSULFAN,True,True
CABAZITAXEL,True,True
CAPECITABINE,True,True
CARMUSTINE,True,True
CELECOXIB,True,True
CHLORAMBUCIL,True,True
CLADRIBINE,True,True
CLOFARABINE,True,False
DACARBAZINE,True,True
DACTINOMYCIN,True,False
DASATINIB,True,False
DAUNORUBICIN HYDROCHLORIDE,True,True
DECITABINE,True,False
DOCETAXEL,True,True
DOXORUBICIN HYDROCHLORIDE,True,True
EPIRUBICIN,True,True
ERIBULIN MESYLATE,True,False
ERLOTINIB HYDROCHLORIDE,True,False
ETOPOSIDE,True,True
EVEROLIMUS,True,False
EXEMESTANE,True,False
FLOXURIDINE,True,True
FLUDARABINE,True,True
FULVESTRANT,True,False
GEFITINIB,True,False
GEMCITABINE HYDROCHLORIDE,True,False
IDARUBICIN HYDROCHLORIDE,True,True
IFOSFAMIDE,True,True
IMATINIB,True,False
IMIQUIMOD,True,False
IXABEPILONE,True,True
LAPATINIB,True,True
LENALIDOMIDE,True,True
LETROZOLE,True,False
MECHLORETHAMINE HYDROCHLORIDE,True,False
MELPHALAN,True,True
METHOTREXATE,True,True
METHOXSALEN,True,True
MITOTANE,True,True
MITOXANTRONE,True,True
NELARABINE,True,True
NILOTINIB,True,True
PACLITAXEL,True,True
PENTOSTATIN,True,True
PLICAMYCIN,False,False
PRALATREXATE,True,False
RALOXIFENE,True,True
ROMIDEPSIN,True,False
SORAFENIB,True,False
SUNITINIB,True,True
TAMOXIFEN CITRATE,True,True
TENIPOSIDE,False,False
THIOTEPA,True,False
TOPOTECAN,True,True
VANDETANIB,True,True
VEMURAFENIB,True,False
VINBLASTINE SULFATE,True,True
VINCRISTINE SULFATE,True,True
VINORELBINE TARTRATE,False,False
VISMODEGIB,True,True
VORINOSTAT,True,False
ZOLEDRONIC ACID,True,False
