gene,group,status,tdl,novelty,n_drugs,n_ligands,publication_count,generif_count,gwas_total,ppi_total
ABCB5,background,ok,Tbio,0.00441025,0,0,68,57,5,85
ADH1A,gated,ok,Tclin,0.00199598,1,5,52,21,0,212
ADH1B,gated,ok,Tclin,0.00204308,1,2,410,261,30,201
ADH1C,gated,ok,Tclin,0.00507607,1,1,229,117,12,172
AFM,gated,ok,Tbio,0.00607207,0,0,44,22,3,101
AIF1,background,ok,Tbio,0.00049167,0,0,94,59,3,406
AKR1B10,gated,ok,Tchem,0.00533958,3,59,126,111,5,187
ALK,background,ok,Tclin,0.00022375,7,994,802,767,8,478
ANPEP,gated,ok,Tchem,0.0004182,1,163,158,113,4,347
APOC3,gated,ok,Tclin,0.0009635,1,0,447,270,7,387
APOD,gated,ok,Tbio,0.0031899,0,0,104,59,2,219
AQP1,gated,ok,Tbio,0.00067935,0,0,361,244,3,192
AQP4,gated,ok,Tbio,0.00031632,0,0,357,301,15,380
ASGR2,gated,ok,Tbio,0.14671716,0,0,40,11,6,108
ATP1B2,gated,ok,Tclin,0.02641193,3,0,46,13,6,212
ATP6V1B1,gated,ok,Tchem,0.01122589,0,3,73,31,1,216
ATP7A,background,ok,Tbio,0.00064155,0,0,180,119,0,334
B2M,gated,ok,Tbio,0.00011248,0,0,421,313,0,1075
BOC,background,ok,Tbio,0.10938194,0,0,24,11,4,129
C1QBP,background,ok,Tbio,0.00532825,0,0,155,90,0,512
CA12,gated,ok,Tclin,0.0034387,20,3453,61,40,1,91
CA9,gated,ok,Tclin,0.00071546,20,4185,355,326,1,230
CD19,references,ok,Tclin,0.0001816,4,0,156,118,2,872
CD24,gated,ok,Tbio,0.00097222,0,0,314,282,1,371
CD63,gated,ok,Tchem,0.00072515,0,11,166,100,0,438
CD74,gated,ok,Tchem,0.00281228,0,7,177,132,1,551
CDC42EP1,gated,ok,Tbio,0.15354805,0,0,24,3,1,28
CDC50A,background,ok,Tbio,0.05115559,0,0,34,15,0,427
CDC50B,background,ok,Tbio,0.26735006,0,0,13,1,0,262
CDH12,background,ok,Tbio,0.05023568,0,0,26,9,8,107
CDH17,gated,ok,Tbio,0.00035679,0,0,67,55,2,372
CEACAM5,gated,ok,Tbio,7.291e-05,0,0,282,244,1,356
CEACAM6,gated,ok,Tbio,0.0034992,0,0,122,80,0,162
CHIC1,background,ok,Tdark,0.06718561,0,0,5,0,0,84
CKB,gated,ok,Tbio,0.00347535,0,0,85,41,7,151
CLCNKB,background,ok,Tchem,0.00982208,1,0,63,49,1,155
CLDN18,gated,ok,Tbio,0.01299528,0,0,61,48,2,123
CLDN2,gated,ok,Tbio,0.00299455,0,0,117,92,1,138
CLDN3,gated,ok,Tbio,0.00286252,0,0,113,87,3,144
CLDN4,gated,ok,Tbio,0.00227337,0,0,172,144,2,252
CLDN6,gated,ok,Tbio,0.01814018,0,0,83,54,0,100
CLSTN1,background,ok,Tbio,0.04056624,0,0,28,8,1,122
CLSTN3,background,ok,Tbio,0.10438143,0,0,16,6,1,73
CLTRN,gated,ok,Tbio,0.02711437,0,0,26,12,0,66
CNNM2,background,ok,Tbio,0.03252541,0,0,41,19,23,155
CT83,background,ok,Tbio,0.08801499,0,0,14,11,0,62
CTTN,background,ok,Tbio,0.0017962,0,0,264,203,3,740
CX3CR1,background,ok,Tchem,0.00114874,0,43,335,271,6,739
CYP2C9,gated,ok,Tchem,0.00041914,25,1325,958,573,8,330
CYS1,background,ok,Tdark,0.0036908,0,0,8,2,3,46
DCHS1,background,ok,Tbio,0.02220058,0,0,18,14,0,56
DCT,gated,ok,Tbio,0.00411451,0,0,64,27,7,183
DLGAP1,background,ok,Tbio,0.01576595,0,0,49,21,16,291
DNER,gated,ok,Tbio,0.02192523,0,0,35,23,9,106
DOCK4,background,ok,Tbio,0.02356655,0,0,42,21,10,723
DPEP1,gated,ok,Tclin,0.00384946,1,19,41,15,15,189
EEF1A1,gated,ok,Tchem,0.00059953,0,3,204,114,1,1038
EEF2,gated,ok,Tchem,0.00064095,0,1,85,40,0,1271
EGFR,gated,ok,Tclin,7.274e-05,26,2419,6235,5676,9,2767
EMCN,background,ok,Tbio,0.01537879,0,0,21,9,14,82
ENPP3,gated,ok,Tchem,0.00414129,0,24,37,23,5,410
EPCAM,gated,ok,Tbio,0.00042422,0,0,337,313,3,418
ERBB2,references,ok,Tclin,3.761e-05,16,452,3216,3022,4,1428
ERRFI1,background,ok,Tbio,0.01100232,0,0,100,76,3,63
ERVMER34-1,background,ok,Tdark,0.03871814,0,0,11,0,0,20
FABP3,gated,ok,Tchem,0.00142249,2,32,153,113,1,178
FFAR1,background,ok,Tchem,0.00271782,1,620,82,66,0,386
FOLR1,references,ok,Tclin,0.00283538,5,56,158,117,0,338
FRMPD2,background,ok,Tbio,0.40302485,0,0,8,3,3,72
GAP43,gated,ok,Tbio,0.00091023,0,0,79,41,10,417
GAPDH,gated,ok,Tchem,5.849e-05,0,5,311,167,0,3196
GJA5,background,ok,Tbio,0.00195794,0,0,96,62,4,204
GJB1,gated,ok,Tbio,0.00109019,0,0,232,148,0,151
GJB2,background,ok,Tbio,0.00056398,0,0,844,675,0,207
GNA11,background,ok,Tchem,0.00128664,0,3,134,92,1,720
GP2,gated,ok,Tbio,0.00126542,0,0,38,18,4,218
GP6,background,ok,Tchem,0.0010722,3,2,215,183,8,180
GPC4,background,ok,Tbio,0.01319626,0,0,38,16,0,260
GPM6A,gated,ok,Tbio,0.04123799,0,0,52,31,15,185
GPM6B,gated,ok,Tbio,0.01309519,0,0,27,11,1,101
GPR15,background,ok,Tbio,0.00673057,0,0,39,23,0,302
HJV,gated,ok,Tbio,0.00495995,0,0,90,69,2,171
HLA-A,gated,ok,Tdark,0.00270731,0,0,0,0,0,669
HLA-B,gated,ok,Tdark,0.00790207,0,0,0,0,0,545
HLA-C,gated,ok,Tbio,0.00698601,0,0,0,0,0,590
HLA-DRA,gated,ok,Tbio,0.0060214,0,0,227,78,0,915
HLA-DRB1,gated,ok,Tdark,0.00240724,0,0,0,0,0,777
HLA-DRB5,gated,ok,Tbio,0.00291303,0,0,165,30,0,642
HMOX1,gated,ok,Tchem,0.00013981,0,4,1155,1068,1,704
HSP90AB1,gated,ok,Tchem,0.00907961,0,352,218,90,5,1111
HSPB1,gated,ok,Tchem,0.00081373,0,7,558,470,5,558
HTR2B,background,ok,Tclin,0.00237051,54,695,89,49,0,382
IFITM3,gated,ok,Tbio,0.00548342,0,0,157,136,3,296
IGKV1-12,background,ok,Tdark,,0,0,4,0,0,0
IGKV2-28,background,ok,Tdark,,0,0,2,0,0,0
IGKV6D-41,background,no_record,,,,,,,,
IGLV1-40,background,ok,Tdark,,0,0,7,0,0,0
IGLV11-55,background,no_record,,,,,,,,
ITM2C,background,ok,Tbio,0.10829732,0,0,31,2,2,79
JAML,background,ok,Tbio,0.05682584,0,0,18,9,8,59
JUP,gated,ok,Tbio,0.0081803,0,0,182,93,6,489
KIR2DL1,background,ok,Tbio,0.00523657,0,0,166,61,0,344
KLK7,gated,ok,Tchem,0.00757766,0,26,82,64,1,122
KLRG1,background,ok,Tbio,0.00595767,0,0,53,41,1,233
KRAS,background,ok,Tclin,0.00013856,2,221,2902,2648,4,1591
KRT1,gated,ok,Tbio,0.00278467,0,0,124,56,0,202
LAT,background,ok,Tbio,0.00738419,0,0,131,78,3,385
LGALS4,gated,ok,Tchem,0.00021923,0,3,53,45,1,366
LGR5,background,ok,Tbio,0.00105035,0,0,209,187,0,290
LPCAT1,gated,ok,Tbio,0.01441133,0,0,58,45,4,337
LY6E,gated,ok,Tbio,0.00758512,0,0,36,17,4,246
MAL,background,ok,Tbio,0.03081736,0,0,63,39,0,60
MC1R,background,ok,Tclin,0.0009857,1,229,368,291,22,411
MICA,background,ok,Tbio,0.03965901,0,0,539,378,21,272
MINPP1,background,ok,Tbio,0.02584444,0,0,27,7,4,171
MISP,gated,ok,Tbio,0.02030151,0,0,14,7,0,94
MLC1,gated,ok,Tbio,0.00957425,0,0,76,51,1,88
MMP16,background,ok,Tchem,0.01028533,0,31,70,38,5,107
MSLN,gated,ok,Tbio,0.00191245,0,0,165,147,3,469
MUC13,gated,ok,Tbio,0.01282861,0,0,35,29,0,198
MYMK,background,ok,Tdark,0.03351666,0,0,5,3,2,40
NLGN3,background,ok,Tbio,0.00819625,0,0,59,34,0,319
NMB,gated,ok,Tbio,0.00729571,0,0,32,13,2,390
NOD1,background,ok,Tchem,0.00241763,0,83,246,197,2,258
NOS3,background,ok,Tchem,0.00012407,1,94,2147,1656,14,832
NOX1,gated,ok,Tchem,0.0016839,0,61,207,190,0,212
OLFM4,gated,ok,Tbio,0.01048505,0,0,89,67,18,320
OR10G7,background,ok,Tdark,1.20784314,0,0,4,1,1,48
OR12D2,background,ok,Tdark,2.69407736,0,0,13,1,0,66
OR13C2,background,ok,Tdark,,0,0,5,0,0,46
OR2A14,background,ok,Tdark,3.09310724,0,0,4,0,0,70
OR2I1P,gated,ok,Tdark,,0,0,3,0,1,0
OR2T11,background,ok,Tdark,0.36491057,0,0,6,0,0,50
OR3A1,background,ok,Tdark,0.06968291,0,0,11,2,0,50
OR4A47,background,ok,Tdark,2.5862575,0,0,6,0,0,50
OR52E4,background,ok,Tdark,1.34663342,0,0,3,0,0,74
OR52P1,background,ok,Tdark,,0,0,2,0,0,0
OR5P2,background,ok,Tdark,2.1625666,0,0,5,0,0,60
OR8B12,background,ok,Tdark,,0,0,4,0,0,46
OR8D4,background,ok,Tdark,2.18589444,0,0,3,0,2,66
P2RY14,background,ok,Tchem,0.0135462,0,48,43,16,2,513
PACSIN2,background,ok,Tbio,0.0250489,0,0,61,30,4,340
PCDHA10,background,ok,Tdark,0.73702568,0,0,12,0,4,54
PCDHB15,background,ok,Tdark,1.37571583,0,0,9,0,0,20
PCDHB18P,background,ok,Tdark,,0,0,9,0,0,2
PCDHB5,background,ok,Tdark,0.49458103,0,0,15,1,0,41
PCDHGB1,background,ok,Tdark,0.60440805,0,0,9,2,1,182
PCNA,positive_controls,ok,Tchem,0.03909539,0,2,588,399,0,1166
PDPN,gated,ok,Tbio,0.00024118,0,0,253,235,1,194
PERP,gated,ok,Tbio,0.00773799,0,0,44,25,3,120
PI3,gated,ok,Tbio,0.00082133,0,0,99,71,3,594
PIGR,gated,ok,Tbio,0.0025812,0,0,106,57,2,272
PLA2G2A,gated,ok,Tchem,0.00105131,0,207,227,175,1,232
PLP1,gated,ok,Tbio,0.00129083,0,0,173,82,0,275
POLR2A,positive_controls,ok,Tbio,0.00188323,0,0,305,112,8,1825
PRAME,gated,ok,Tbio,0.00543263,0,0,136,119,0,178
PRICKLE3,background,ok,Tbio,0.26347141,0,0,10,1,0,157
PRSS21,background,ok,Tbio,0.0110251,0,0,16,7,0,195
PRX,background,ok,Tbio,0.01867283,0,0,35,15,3,84
PSCA,gated,ok,Tbio,0.00323778,0,0,136,112,9,378
PSMA1,positive_controls,ok,Tclin,0.013722,1,1,61,8,3,952
PTPRZ1,gated,ok,Tchem,0.00518159,0,3,77,54,2,226
RAPSN,background,ok,Tbio,0.00565077,0,0,48,25,17,176
RPS3,positive_controls,ok,Tbio,0.003106,0,0,111,50,1,1420
S100A6,gated,ok,Tbio,0.00176164,0,0,142,103,0,158
S100A9,gated,ok,Tchem,0.00185141,0,17,578,519,5,300
S100P,gated,ok,Tbio,0.03293676,0,0,139,107,1,50
S1PR3,background,ok,Tclin,0.00408544,4,263,95,64,4,512
S1PR5,background,ok,Tclin,0.01032055,4,256,32,16,0,503
SCNN1A,gated,ok,Tclin,0.00900102,2,41,196,138,2,222
SEPTIN2,background,ok,Tbio,0.01047916,0,0,91,45,10,392
SLC15A1,background,ok,Tchem,0.00149723,0,4,95,72,3,356
SLC17A3,gated,ok,Tbio,0.04671795,0,0,24,14,13,98
SLC1A3,gated,ok,Tchem,0.00127305,0,35,119,86,4,270
SLC22A8,background,ok,Tclin,0.00291642,1,6,63,42,2,126
SLC2A2,gated,ok,Tchem,0.00103579,0,10,107,71,13,372
SLC34A2,gated,ok,Tchem,0.00601743,0,1,56,42,1,127
SLC39A6,gated,ok,Tbio,0.0144314,0,0,46,36,1,104
SLC5A9,background,ok,Tbio,0.10768341,0,0,5,2,0,52
SLC6A19,background,ok,Tchem,0.01581031,2,1,29,16,3,138
SLCO2B1,background,ok,Tchem,0.00517974,1,2,86,65,0,118
SPINT1,gated,ok,Tbio,0.00930324,0,0,84,62,1,119
SPP1,gated,ok,Tbio,0.00014418,0,0,1163,1069,10,879
SSTR3,background,ok,Tclin,0.00899073,3,235,66,31,0,605
TACSTD2,gated,ok,Tclin,0.00297704,1,0,149,127,1,97
TAS2R16,background,ok,Tchem,0.03181719,1,0,33,16,0,524
TBC1D3L,background,ok,Tdark,,0,0,3,0,0,0
TGM1,background,ok,Tchem,0.00103799,0,4,135,83,0,275
THBS2,gated,ok,Tbio,0.00310724,0,0,136,106,7,352
TLR4,background,ok,Tchem,0.00010863,1,37,2701,2409,6,1457
TM4SF4,gated,ok,Tbio,0.08609112,0,0,19,8,5,154
TM4SF5,gated,ok,Tbio,0.04352678,0,0,43,30,5,62
TNFRSF17,references,ok,Tclin,0.00222663,1,0,71,57,1,113
TRBV12-4,background,ok,Tdark,,0,0,4,0,0,0
TRBV7-1,background,no_record,,,,,,,,
TRBV7-4,background,ok,Tdark,,0,0,2,0,0,0
TSPAN8,gated,ok,Tbio,0.01536012,0,0,85,52,7,144
TTYH2,background,ok,Tbio,0.19796461,0,0,14,8,2,153
TULP3,background,ok,Tbio,0.06911636,0,0,27,8,1,247
UBE2C,gated,ok,Tbio,0.00731185,0,0,133,101,1,1173
UNC93A,background,ok,Tdark,0.39900214,0,0,4,1,2,94
VCAM1,gated,ok,Tchem,0.00022504,0,28,588,483,5,1058
VIM,gated,ok,Tbio,0.00030317,0,0,544,435,3,513
VLDLR,background,ok,Tbio,0.00352547,0,0,102,64,27,255
VNN1,background,ok,Tchem,0.0144646,0,7,45,30,0,297
