gene,group,mapped,uniprot,detected_any,n_samples_detected,n_normal_tissues,n_blineage_samples,normal_tissues
ADH1A,gated,True,P07327,True,49,12,0,adipose tissue;adrenal gland;brain;duodenum;gall bladder;heart;kidney;liver;lung;small intestine;spinal cord;stomach
ADH1B,gated,True,P00325,True,335,39,1,adipose tissue;adrenal gland;breast;cardia;colon;colon muscle;duodenum;esophagus;gall bladder;gut;heart;kidney;liver;lung;lymph node;nasopharynx;oral epithelium;ovary;oviduct;pancreas;pancreatic islet;placenta;prostate gland;rectum;salivary gland;skin;small intestine;smooth muscle;spinal cord;spleen;stomach;testis;thyroid gland;tonsil;urinary bladder;uterine cervix;uterine endometrium;uterus;vermiform appendix
ADH1C,gated,True,P00326,True,303,29,1,adipose tissue;adrenal gland;cardia;colon;duodenum;esophagus;gall bladder;gut;heart;kidney;liver;lung;ovary;oviduct;pancreas;pancreatic islet;prostate gland;rectum;salivary gland;skin;small intestine;smooth muscle;spinal cord;spleen;stomach;testis;urinary bladder;uterine endometrium;vermiform appendix
AFM,gated,True,P43652,True,475,43,28,adipose tissue;adrenal gland;brain;breast;cardia;cerebral cortex;colon;colon muscle;duodenum;esophagus;gall bladder;gut;heart;kidney;liver;lung;lymph node;nasopharynx;oral epithelium;ovary;oviduct;pancreas;placenta;prefrontal cortex;prostate gland;rectum;retina;salivary gland;seminal vesicle;skin;small intestine;smooth muscle;spinal cord;spleen;stomach;testis;thyroid gland;tonsil;urinary bladder;uterine cervix;uterine endometrium;uterus;vermiform appendix
AKR1B10,gated,True,O60218,True,975,29,9,adrenal gland;cardia;colon;duodenum;esophagus;gall bladder;gut;kidney;liver;lung;lymph node;oral epithelium;ovary;oviduct;pancreas;pancreatic islet;prostate gland;rectum;skin;small intestine;smooth muscle;spinal cord;stomach;testis;thyroid gland;tonsil;urinary bladder;uterine cervix;vermiform appendix
ANPEP,gated,True,P15144,True,1399,43,12,adipose tissue;adrenal gland;bone marrow;brain;breast;cardia;cerebral cortex;colon;duodenum;esophagus;gall bladder;gut;heart;kidney;liver;lung;lymph node;nasopharynx;oral epithelium;ovary;oviduct;pancreas;pancreatic islet;placenta;prefrontal cortex;prostate gland;rectum;salivary gland;seminal vesicle;skin;small intestine;smooth muscle;spinal cord;spleen;stomach;testis;thyroid gland;tonsil;urinary bladder;uterine cervix;uterine endometrium;uterus;vermiform appendix
APOC3,gated,True,P02656,True,1132,45,180,adipose tissue;adrenal gland;bone marrow;brain;breast;cardia;cerebral cortex;colon;colon muscle;duodenum;esophagus;gall bladder;gut;heart;kidney;liver;lung;lymph node;nasopharynx;oral epithelium;ovary;oviduct;pancreas;pancreatic islet;placenta;prefrontal cortex;prostate gland;rectum;retina;salivary gland;seminal vesicle;skin;small intestine;smooth muscle;spinal cord;spleen;stomach;testis;thyroid gland;tonsil;urinary bladder;uterine cervix;uterine endometrium;uterus;vermiform appendix
APOD,gated,True,P05090,True,864,45,9,adipose tissue;adrenal gland;bone;bone marrow;brain;breast;cardia;cerebral cortex;colon;duodenum;esophagus;gall bladder;gut;hair follicle;heart;kidney;liver;lung;lymph node;nasopharynx;oral epithelium;ovary;oviduct;pancreas;placenta;prefrontal cortex;prostate gland;rectum;retina;salivary gland;seminal vesicle;skin;small intestine;smooth muscle;spinal cord;spleen;stomach;testis;thyroid gland;tonsil;urinary bladder;uterine cervix;uterine endometrium;uterus;vermiform appendix
AQP1,gated,True,P29972,True,241,29,2,adrenal gland;brain;cardia;cerebral cortex;colon;esophagus;gall bladder;gut;heart;kidney;liver;lung;ovary;oviduct;pancreas;placenta;prefrontal cortex;prostate gland;rectum;salivary gland;seminal vesicle;small intestine;smooth muscle;spinal cord;testis;thyroid gland;tonsil;urinary bladder;uterine cervix
AQP4,gated,True,P55087,True,60,6,0,brain;lung;prefrontal cortex;retina;spinal cord;thyroid gland
ASGR2,gated,True,P07307,True,147,14,0,adipose tissue;colon;duodenum;esophagus;gall bladder;kidney;liver;ovary;placenta;prostate gland;stomach;testis;urinary bladder;vermiform appendix
ATP1B2,gated,True,P14415,True,138,17,3,adrenal gland;brain;heart;liver;ovary;oviduct;prefrontal cortex;prostate gland;rectum;retina;salivary gland;smooth muscle;spinal cord;spleen;testis;thyroid gland;uterine endometrium
ATP6V1B1,gated,True,P15313,True,310,7,5,breast;kidney;ovary;oviduct;placenta;salivary gland;skin
B2M,gated,True,P61769,True,5015,47,351,adipose tissue;adrenal gland;bone;bone marrow;brain;breast;cardia;cerebral cortex;cervical mucosa;colon;colon muscle;duodenum;esophagus;gall bladder;gut;heart;kidney;liver;lung;lymph node;nasopharynx;oral epithelium;ovary;oviduct;pancreas;pancreatic islet;placenta;prefrontal cortex;prostate gland;rectum;retina;salivary gland;seminal vesicle;skin;small intestine;smooth muscle;spinal cord;spleen;stomach;testis;thyroid gland;tonsil;urinary bladder;uterine cervix;uterine endometrium;uterus;vermiform appendix
CA12,gated,True,O43570,True,709,27,4,brain;breast;colon;esophagus;gall bladder;kidney;liver;lung;oral epithelium;ovary;oviduct;pancreas;pancreatic islet;placenta;prostate gland;rectum;salivary gland;seminal vesicle;smooth muscle;spleen;stomach;testis;thyroid gland;tonsil;urinary bladder;uterine endometrium;vermiform appendix
CA9,gated,True,Q16790,True,596,7,3,cardia;duodenum;gall bladder;ovary;pancreatic islet;small intestine;stomach
CD24,gated,True,P25063,False,0,0,0,
CD63,gated,True,P08962,True,2570,44,275,adipose tissue;adrenal gland;bone;brain;breast;cardia;cerebral cortex;colon;duodenum;esophagus;gall bladder;gut;heart;kidney;liver;lung;lymph node;nasopharynx;oral epithelium;ovary;oviduct;pancreas;pancreatic islet;placenta;prefrontal cortex;prostate gland;rectum;retina;salivary gland;seminal vesicle;skin;small intestine;smooth muscle;spinal cord;spleen;stomach;testis;thyroid gland;tonsil;urinary bladder;uterine cervix;uterine endometrium;uterus;vermiform appendix
CD74,gated,True,P04233,True,1604,43,367,adipose tissue;adrenal gland;bone marrow;brain;breast;cardia;cerebral cortex;colon;duodenum;esophagus;gall bladder;gut;heart;kidney;liver;lung;lymph node;oral epithelium;ovary;oviduct;pancreas;pancreatic islet;placenta;prefrontal cortex;prostate gland;rectum;retina;salivary gland;seminal vesicle;skin;small intestine;smooth muscle;spinal cord;spleen;stomach;testis;thyroid gland;tonsil;urinary bladder;uterine cervix;uterine endometrium;uterus;vermiform appendix
CDC42EP1,gated,True,Q00587,True,1486,32,9,adipose tissue;adrenal gland;brain;colon;duodenum;esophagus;gall bladder;heart;kidney;liver;lung;lymph node;ovary;oviduct;pancreas;pancreatic islet;placenta;prefrontal cortex;prostate gland;rectum;salivary gland;small intestine;smooth muscle;spinal cord;spleen;stomach;testis;thyroid gland;tonsil;urinary bladder;uterine endometrium;vermiform appendix
CDH17,gated,True,Q12864,True,648,16,8,colon;duodenum;esophagus;gall bladder;gut;lymph node;pancreas;prostate gland;rectum;small intestine;smooth muscle;spleen;stomach;testis;tonsil;vermiform appendix
CEACAM5,gated,True,P06731,True,693,12,9,cardia;colon;esophagus;lung;oral epithelium;pancreas;rectum;small intestine;stomach;tonsil;urinary bladder;vermiform appendix
CEACAM6,gated,True,P40199,True,578,17,5,adipose tissue;cerebral cortex;colon;esophagus;gall bladder;lung;oral epithelium;pancreas;placenta;prostate gland;rectum;salivary gland;spleen;stomach;tonsil;uterine cervix;vermiform appendix
CKB,gated,True,P12277,True,3636,45,95,adipose tissue;adrenal gland;brain;breast;cardia;cerebral cortex;colon;colon muscle;duodenum;esophagus;gall bladder;gut;hair follicle;heart;kidney;liver;lung;lymph node;nasopharynx;oral epithelium;ovary;oviduct;pancreas;pancreatic islet;placenta;prefrontal cortex;prostate gland;rectum;retina;salivary gland;seminal vesicle;skin;small intestine;smooth muscle;spinal cord;spleen;stomach;testis;thyroid gland;tonsil;urinary bladder;uterine cervix;uterine endometrium;uterus;vermiform appendix
CLDN18,gated,True,P56856,True,78,6,1,cardia;duodenum;gall bladder;lung;small intestine;stomach
CLDN2,gated,True,P57739,True,124,7,1,colon;gut;kidney;liver;pancreatic islet;stomach;testis
CLDN3,gated,True,O15551,True,874,21,4,breast;colon;duodenum;gall bladder;gut;kidney;liver;lung;oral epithelium;oviduct;pancreas;placenta;prostate gland;rectum;retina;salivary gland;skin;small intestine;testis;thyroid gland;tonsil
CLDN4,gated,True,O14493,True,286,12,1,colon;esophagus;gut;kidney;lung;pancreas;pancreatic islet;prostate gland;rectum;salivary gland;stomach;thyroid gland
CLDN6,gated,True,P56747,True,237,1,1,heart
CLTRN,gated,True,Q9HBJ8,True,25,4,0,kidney;stomach;testis;thyroid gland
CYP2C9,gated,True,P11712,True,42,5,0,duodenum;gall bladder;liver;lung;small intestine
DCT,gated,True,P40126,True,345,0,15,
DNER,gated,True,Q8NFT8,True,225,5,2,brain;prefrontal cortex;retina;salivary gland;vermiform appendix
DPEP1,gated,True,P16444,True,346,24,3,adrenal gland;colon;duodenum;esophagus;gall bladder;gut;kidney;lung;lymph node;oral epithelium;ovary;pancreas;pancreatic islet;prostate gland;rectum;salivary gland;small intestine;smooth muscle;spleen;stomach;testis;tonsil;urinary bladder;uterine endometrium
EEF1A1,gated,True,P68104,True,3732,18,276,cardia;cerebral cortex;colon;gut;heart;kidney;liver;lymph node;oral epithelium;ovary;placenta;prostate gland;rectum;salivary gland;spleen;stomach;testis;urinary bladder
EEF2,gated,True,P13639,True,6678,48,373,adipose tissue;adrenal gland;bone;bone marrow;brain;breast;cardia;cerebral cortex;cervical mucosa;colon;colon muscle;duodenum;esophagus;gall bladder;gut;hair follicle;heart;kidney;liver;lung;lymph node;nasopharynx;oral epithelium;ovary;oviduct;pancreas;pancreatic islet;placenta;prefrontal cortex;prostate gland;rectum;retina;salivary gland;seminal vesicle;skin;small intestine;smooth muscle;spinal cord;spleen;stomach;testis;thyroid gland;tonsil;urinary bladder;uterine cervix;uterine endometrium;uterus;vermiform appendix
EGFR,gated,True,P00533,True,5127,41,12,adipose tissue;adrenal gland;bone;brain;breast;cerebral cortex;colon;duodenum;esophagus;gall bladder;gut;hair follicle;heart;kidney;liver;lung;lymph node;oral epithelium;ovary;oviduct;pancreas;pancreatic islet;placenta;prefrontal cortex;prostate gland;rectum;retina;salivary gland;seminal vesicle;small intestine;smooth muscle;spinal cord;spleen;stomach;testis;thyroid gland;tonsil;urinary bladder;uterine cervix;uterine endometrium;vermiform appendix
ENPP3,gated,True,O14638,True,176,16,2,adrenal gland;colon;duodenum;gut;kidney;liver;lung;oviduct;rectum;salivary gland;seminal vesicle;small intestine;stomach;testis;thyroid gland;uterine endometrium
EPCAM,gated,True,P16422,True,3088,33,9,adrenal gland;bone marrow;breast;colon;duodenum;esophagus;gall bladder;gut;heart;kidney;liver;lung;lymph node;oral epithelium;ovary;oviduct;pancreas;pancreatic islet;placenta;prostate gland;rectum;salivary gland;seminal vesicle;skin;small intestine;smooth muscle;spinal cord;stomach;testis;thyroid gland;urinary bladder;uterine endometrium;vermiform appendix
FABP3,gated,True,P05413,True,1063,43,148,adipose tissue;adrenal gland;bone marrow;brain;breast;cardia;cerebral cortex;colon;colon muscle;duodenum;esophagus;gall bladder;gut;heart;kidney;liver;lung;lymph node;oral epithelium;ovary;oviduct;pancreas;placenta;prefrontal cortex;prostate gland;rectum;retina;salivary gland;seminal vesicle;skin;small intestine;smooth muscle;spinal cord;spleen;stomach;testis;thyroid gland;tonsil;urinary bladder;uterine cervix;uterine endometrium;uterus;vermiform appendix
GAP43,gated,True,P17677,True,2136,36,29,adipose tissue;adrenal gland;brain;cerebral cortex;colon;duodenum;esophagus;gall bladder;gut;heart;kidney;liver;lung;lymph node;ovary;oviduct;pancreas;placenta;prefrontal cortex;prostate gland;rectum;retina;salivary gland;seminal vesicle;skin;small intestine;smooth muscle;spinal cord;spleen;stomach;testis;thyroid gland;tonsil;urinary bladder;uterine endometrium;vermiform appendix
GAPDH,gated,True,P04406,True,6998,48,374,adipose tissue;adrenal gland;bone;bone marrow;brain;breast;cardia;cerebral cortex;cervical mucosa;colon;colon muscle;duodenum;esophagus;gall bladder;gut;hair follicle;heart;kidney;liver;lung;lymph node;nasopharynx;oral epithelium;ovary;oviduct;pancreas;pancreatic islet;placenta;prefrontal cortex;prostate gland;rectum;retina;salivary gland;seminal vesicle;skin;small intestine;smooth muscle;spinal cord;spleen;stomach;testis;thyroid gland;tonsil;urinary bladder;uterine cervix;uterine endometrium;uterus;vermiform appendix
GJB1,gated,True,P08034,True,171,10,4,brain;colon;duodenum;gall bladder;kidney;liver;pancreas;salivary gland;small intestine;spinal cord
GP2,gated,True,P55259,True,128,10,0,colon;duodenum;gall bladder;gut;pancreas;pancreatic islet;placenta;prostate gland;rectum;stomach
GPM6A,gated,True,P51674,True,159,25,11,adrenal gland;brain;colon;duodenum;esophagus;gall bladder;heart;kidney;liver;lung;ovary;oviduct;prefrontal cortex;prostate gland;rectum;retina;small intestine;smooth muscle;spinal cord;spleen;stomach;thyroid gland;urinary bladder;uterine endometrium;vermiform appendix
GPM6B,gated,True,Q13491,True,145,19,2,adrenal gland;brain;colon;duodenum;kidney;lung;oviduct;prefrontal cortex;prostate gland;retina;salivary gland;seminal vesicle;spinal cord;spleen;stomach;thyroid gland;urinary bladder;uterine endometrium;vermiform appendix
HJV,gated,True,Q6ZVN8,True,34,2,1,breast;colon muscle
HLA-A,gated,True,P04439,True,4885,42,350,adipose tissue;adrenal gland;bone;bone marrow;brain;breast;cardia;cerebral cortex;colon;esophagus;gall bladder;gut;heart;kidney;liver;lung;lymph node;nasopharynx;oral epithelium;ovary;oviduct;pancreas;placenta;prefrontal cortex;prostate gland;rectum;retina;salivary gland;seminal vesicle;small intestine;smooth muscle;spinal cord;spleen;stomach;testis;thyroid gland;tonsil;urinary bladder;uterine cervix;uterine endometrium;uterus;vermiform appendix
HLA-B,gated,True,P01889,True,2209,40,341,adipose tissue;adrenal gland;bone;bone marrow;brain;breast;cardia;colon;duodenum;esophagus;gall bladder;gut;heart;kidney;liver;lung;lymph node;oral epithelium;ovary;oviduct;pancreas;placenta;prefrontal cortex;prostate gland;rectum;salivary gland;seminal vesicle;small intestine;smooth muscle;spinal cord;spleen;stomach;testis;thyroid gland;tonsil;urinary bladder;uterine cervix;uterine endometrium;uterus;vermiform appendix
HLA-C,gated,True,P10321,True,3512,38,320,adipose tissue;adrenal gland;brain;breast;cardia;colon;duodenum;esophagus;gall bladder;heart;kidney;liver;lung;lymph node;oral epithelium;ovary;oviduct;pancreas;pancreatic islet;placenta;prefrontal cortex;prostate gland;rectum;retina;salivary gland;seminal vesicle;small intestine;smooth muscle;spleen;stomach;testis;thyroid gland;tonsil;urinary bladder;uterine cervix;uterine endometrium;uterus;vermiform appendix
HLA-DRA,gated,True,P01903,True,1359,42,355,adipose tissue;adrenal gland;brain;breast;cardia;cerebral cortex;colon;duodenum;esophagus;gall bladder;gut;heart;kidney;liver;lung;lymph node;oral epithelium;ovary;oviduct;pancreas;pancreatic islet;placenta;prefrontal cortex;prostate gland;rectum;retina;salivary gland;seminal vesicle;skin;small intestine;smooth muscle;spinal cord;spleen;stomach;testis;thyroid gland;tonsil;urinary bladder;uterine cervix;uterine endometrium;uterus;vermiform appendix
HLA-DRB1,gated,True,P01911,True,841,30,316,adipose tissue;adrenal gland;cardia;cerebral cortex;colon;esophagus;gall bladder;gut;kidney;liver;lung;lymph node;ovary;oviduct;placenta;prostate gland;rectum;salivary gland;seminal vesicle;small intestine;smooth muscle;spleen;stomach;testis;thyroid gland;tonsil;urinary bladder;uterine endometrium;uterus;vermiform appendix
HLA-DRB5,gated,True,Q30154,True,420,15,208,adipose tissue;adrenal gland;colon;esophagus;kidney;liver;lung;ovary;rectum;spleen;stomach;tonsil;urinary bladder;uterine endometrium;uterus
HMOX1,gated,True,P09601,True,1606,38,236,adipose tissue;adrenal gland;bone;bone marrow;brain;cardia;colon;duodenum;esophagus;gall bladder;gut;heart;kidney;liver;lung;lymph node;nasopharynx;oral epithelium;ovary;oviduct;pancreas;pancreatic islet;placenta;prostate gland;rectum;retina;salivary gland;small intestine;smooth muscle;spleen;stomach;testis;thyroid gland;tonsil;urinary bladder;uterine endometrium;uterus;vermiform appendix
HSP90AB1,gated,True,P08238,True,6885,47,372,adipose tissue;adrenal gland;bone;bone marrow;brain;breast;cardia;cerebral cortex;colon;colon muscle;duodenum;esophagus;gall bladder;gut;hair follicle;heart;kidney;liver;lung;lymph node;nasopharynx;oral epithelium;ovary;oviduct;pancreas;pancreatic islet;placenta;prefrontal cortex;prostate gland;rectum;retina;salivary gland;seminal vesicle;skin;small intestine;smooth muscle;spinal cord;spleen;stomach;testis;thyroid gland;tonsil;urinary bladder;uterine cervix;uterine endometrium;uterus;vermiform appendix
HSPB1,gated,True,P04792,True,6546,47,358,adipose tissue;adrenal gland;bone;brain;breast;cardia;cerebral cortex;cervical mucosa;colon;colon muscle;duodenum;esophagus;gall bladder;gut;hair follicle;heart;kidney;liver;lung;lymph node;nasopharynx;oral epithelium;ovary;oviduct;pancreas;pancreatic islet;placenta;prefrontal cortex;prostate gland;rectum;retina;salivary gland;seminal vesicle;skin;small intestine;smooth muscle;spinal cord;spleen;stomach;testis;thyroid gland;tonsil;urinary bladder;uterine cervix;uterine endometrium;uterus;vermiform appendix
IFITM3,gated,True,Q01628,True,1731,26,5,adipose tissue;adrenal gland;brain;colon;duodenum;esophagus;gall bladder;kidney;liver;lung;lymph node;oral epithelium;ovary;oviduct;placenta;prostate gland;salivary gland;seminal vesicle;small intestine;smooth muscle;spleen;stomach;testis;thyroid gland;tonsil;uterine endometrium
JUP,gated,True,P14923,True,5212,44,23,adipose tissue;adrenal gland;bone;brain;breast;cardia;colon;colon muscle;duodenum;esophagus;gall bladder;gut;hair follicle;heart;kidney;liver;lung;lymph node;oral epithelium;ovary;oviduct;pancreas;pancreatic islet;placenta;prefrontal cortex;prostate gland;rectum;retina;salivary gland;seminal vesicle;skin;small intestine;smooth muscle;spinal cord;spleen;stomach;testis;thyroid gland;tonsil;urinary bladder;uterine cervix;uterine endometrium;uterus;vermiform appendix
KLK7,gated,True,P49862,True,130,6,2,esophagus;hair follicle;oral epithelium;ovary;tonsil;vermiform appendix
KRT1,gated,True,P04264,True,3978,48,335,adipose tissue;adrenal gland;bone;bone marrow;brain;breast;cardia;cerebral cortex;cervical mucosa;colon;colon muscle;duodenum;esophagus;gall bladder;gut;hair follicle;heart;kidney;liver;lung;lymph node;nasopharynx;oral epithelium;ovary;oviduct;pancreas;pancreatic islet;placenta;prefrontal cortex;prostate gland;rectum;retina;salivary gland;seminal vesicle;skin;small intestine;smooth muscle;spinal cord;spleen;stomach;testis;thyroid gland;tonsil;urinary bladder;uterine cervix;uterine endometrium;uterus;vermiform appendix
LGALS4,gated,True,P56470,True,1918,25,3,adipose tissue;cardia;colon;colon muscle;duodenum;esophagus;gall bladder;gut;kidney;liver;lung;oviduct;pancreas;pancreatic islet;prostate gland;rectum;salivary gland;skin;small intestine;smooth muscle;spinal cord;stomach;testis;urinary bladder;vermiform appendix
LPCAT1,gated,True,Q8NF37,True,5033,40,337,adipose tissue;adrenal gland;bone;bone marrow;brain;breast;colon;colon muscle;duodenum;esophagus;gall bladder;gut;heart;kidney;liver;lung;lymph node;oral epithelium;ovary;oviduct;pancreas;pancreatic islet;placenta;prefrontal cortex;prostate gland;rectum;retina;salivary gland;small intestine;smooth muscle;spinal cord;spleen;stomach;testis;thyroid gland;tonsil;urinary bladder;uterine endometrium;uterus;vermiform appendix
LY6E,gated,True,Q16553,True,42,1,2,testis
MISP,gated,True,Q8IVT2,True,1564,17,8,breast;colon;duodenum;gall bladder;gut;kidney;lung;ovary;oviduct;pancreatic islet;placenta;prostate gland;rectum;small intestine;stomach;testis;urinary bladder
MLC1,gated,True,Q15049,True,157,5,1,brain;prefrontal cortex;retina;spinal cord;spleen
MSLN,gated,True,Q13421,True,728,19,7,adipose tissue;breast;colon;duodenum;gall bladder;lung;ovary;oviduct;placenta;prostate gland;rectum;small intestine;smooth muscle;stomach;testis;tonsil;urinary bladder;uterine endometrium;vermiform appendix
MUC13,gated,True,Q9H3R2,True,919,13,7,cardia;colon;duodenum;gall bladder;gut;kidney;oviduct;pancreas;pancreatic islet;rectum;small intestine;stomach;vermiform appendix
NMB,gated,True,P08949,True,7,3,0,brain;rectum;thyroid gland
NOX1,gated,True,Q9Y5S8,True,80,2,1,colon;rectum
OLFM4,gated,True,Q6UX06,True,350,31,3,adipose tissue;adrenal gland;bone marrow;brain;cardia;colon;duodenum;esophagus;gall bladder;kidney;liver;lung;lymph node;ovary;pancreas;pancreatic islet;placenta;prefrontal cortex;prostate gland;rectum;salivary gland;small intestine;smooth muscle;spleen;stomach;testis;thyroid gland;tonsil;urinary bladder;uterine cervix;vermiform appendix
OR2I1P,gated,False,,,,,,
PDPN,gated,True,Q86YL7,True,154,7,2,brain;oral epithelium;ovary;placenta;prostate gland;testis;urinary bladder
PERP,gated,True,Q96FX8,True,325,17,2,colon;esophagus;gall bladder;gut;hair follicle;heart;liver;lung;oral epithelium;ovary;oviduct;pancreatic islet;placenta;prostate gland;salivary gland;stomach;tonsil
PI3,gated,True,P19957,True,252,6,4,bone marrow;cervical mucosa;esophagus;oral epithelium;placenta;tonsil
PIGR,gated,True,P01833,True,764,37,6,adipose tissue;adrenal gland;brain;breast;cardia;cervical mucosa;colon;colon muscle;duodenum;esophagus;gall bladder;gut;kidney;liver;lung;lymph node;oral epithelium;ovary;oviduct;pancreas;pancreatic islet;placenta;prostate gland;rectum;salivary gland;skin;small intestine;smooth muscle;spinal cord;spleen;stomach;testis;tonsil;urinary bladder;uterine cervix;uterine endometrium;vermiform appendix
PLA2G2A,gated,True,P14555,True,1342,28,2,adipose tissue;adrenal gland;colon;duodenum;esophagus;gall bladder;heart;kidney;liver;lung;lymph node;ovary;pancreas;placenta;prostate gland;rectum;retina;salivary gland;small intestine;smooth muscle;spinal cord;spleen;stomach;testis;thyroid gland;urinary bladder;uterine endometrium;vermiform appendix
PLP1,gated,True,P60201,True,317,26,2,adrenal gland;brain;colon;duodenum;esophagus;gall bladder;gut;heart;lung;ovary;oviduct;pancreas;prefrontal cortex;prostate gland;rectum;retina;salivary gland;seminal vesicle;skin;smooth muscle;spinal cord;stomach;testis;urinary bladder;uterine endometrium;vermiform appendix
PRAME,gated,True,P78395,True,384,2,2,spinal cord;testis
PSCA,gated,True,O43653,True,296,6,1,cardia;placenta;prostate gland;salivary gland;stomach;urinary bladder
PTPRZ1,gated,True,P23471,True,409,14,4,brain;kidney;liver;lung;oral epithelium;ovary;prefrontal cortex;rectum;retina;salivary gland;spinal cord;spleen;testis;tonsil
S100A6,gated,True,P06703,True,5498,48,175,adipose tissue;adrenal gland;bone;bone marrow;brain;breast;cardia;cerebral cortex;cervical mucosa;colon;colon muscle;duodenum;esophagus;gall bladder;gut;hair follicle;heart;kidney;liver;lung;lymph node;nasopharynx;oral epithelium;ovary;oviduct;pancreas;pancreatic islet;placenta;prefrontal cortex;prostate gland;rectum;retina;salivary gland;seminal vesicle;skin;small intestine;smooth muscle;spinal cord;spleen;stomach;testis;thyroid gland;tonsil;urinary bladder;uterine cervix;uterine endometrium;uterus;vermiform appendix
S100A9,gated,True,P06702,True,1691,46,19,adipose tissue;adrenal gland;bone marrow;brain;breast;cardia;cerebral cortex;cervical mucosa;colon;colon muscle;duodenum;esophagus;gall bladder;gut;heart;kidney;liver;lung;lymph node;nasopharynx;oral epithelium;ovary;oviduct;pancreas;pancreatic islet;placenta;prefrontal cortex;prostate gland;rectum;retina;salivary gland;seminal vesicle;skin;small intestine;smooth muscle;spinal cord;spleen;stomach;testis;thyroid gland;tonsil;urinary bladder;uterine cervix;uterine endometrium;uterus;vermiform appendix
S100P,gated,True,P25815,True,2197,36,7,adipose tissue;adrenal gland;bone marrow;brain;breast;cardia;cervical mucosa;colon;colon muscle;duodenum;esophagus;gall bladder;gut;heart;kidney;liver;lung;lymph node;oral epithelium;ovary;pancreas;placenta;prostate gland;rectum;salivary gland;seminal vesicle;skin;small intestine;spleen;stomach;testis;thyroid gland;tonsil;urinary bladder;uterus;vermiform appendix
SCNN1A,gated,True,P37088,True,135,10,3,adrenal gland;colon;duodenum;esophagus;lung;lymph node;ovary;oviduct;salivary gland;testis
SLC17A3,gated,True,O00476,True,20,1,0,kidney
SLC1A3,gated,True,P43003,True,955,18,66,adipose tissue;adrenal gland;bone marrow;brain;colon;duodenum;esophagus;heart;liver;lung;lymph node;ovary;pancreas;placenta;prefrontal cortex;retina;spinal cord;testis
SLC2A2,gated,True,P11168,True,124,11,0,brain;duodenum;gall bladder;gut;kidney;liver;lung;pancreas;small intestine;testis;uterus
SLC34A2,gated,True,O95436,True,532,13,7,adrenal gland;brain;heart;lung;ovary;oviduct;pancreas;pancreatic islet;salivary gland;seminal vesicle;skin;tonsil;uterus
SLC39A6,gated,True,Q13433,True,1155,15,5,brain;kidney;lung;ovary;oviduct;pancreas;placenta;prefrontal cortex;prostate gland;retina;salivary gland;testis;thyroid gland;tonsil;urinary bladder
SPINT1,gated,True,O43278,True,1389,26,58,colon;duodenum;esophagus;gall bladder;gut;kidney;lung;lymph node;oral epithelium;ovary;oviduct;pancreas;pancreatic islet;placenta;prostate gland;rectum;salivary gland;small intestine;spleen;stomach;testis;thyroid gland;tonsil;urinary bladder;uterine endometrium;vermiform appendix
SPP1,gated,True,P10451,True,428,12,1,brain;breast;cerebral cortex;gall bladder;heart;kidney;lung;pancreas;pancreatic islet;placenta;prefrontal cortex;testis
TACSTD2,gated,True,P09758,True,1166,24,9,breast;colon;esophagus;gall bladder;heart;kidney;lung;lymph node;oral epithelium;ovary;oviduct;pancreas;pancreatic islet;placenta;prostate gland;salivary gland;seminal vesicle;skin;smooth muscle;stomach;testis;tonsil;urinary bladder;uterine endometrium
THBS2,gated,True,P35442,True,604,31,4,adipose tissue;adrenal gland;brain;breast;colon;duodenum;esophagus;gall bladder;gut;heart;kidney;liver;lung;lymph node;ovary;oviduct;pancreas;pancreatic islet;placenta;prostate gland;rectum;small intestine;smooth muscle;spleen;stomach;testis;thyroid gland;urinary bladder;uterine endometrium;uterus;vermiform appendix
TM4SF4,gated,True,P48230,True,29,3,11,duodenum;gut;small intestine
TM4SF5,gated,True,O14894,True,1,1,0,gall bladder
TSPAN8,gated,True,P19075,True,685,30,5,adrenal gland;brain;cardia;colon;colon muscle;duodenum;esophagus;gall bladder;gut;kidney;liver;lung;oral epithelium;ovary;oviduct;pancreas;pancreatic islet;prefrontal cortex;prostate gland;rectum;salivary gland;seminal vesicle;skin;small intestine;spinal cord;stomach;testis;thyroid gland;tonsil;urinary bladder
UBE2C,gated,True,O00762,True,1844,15,239,bone;brain;colon;duodenum;heart;liver;lung;lymph node;ovary;rectum;spleen;stomach;testis;tonsil;vermiform appendix
VCAM1,gated,True,P19320,True,470,34,10,adipose tissue;adrenal gland;brain;cerebral cortex;colon;duodenum;esophagus;gall bladder;gut;heart;kidney;liver;lung;lymph node;oral epithelium;ovary;oviduct;pancreas;pancreatic islet;placenta;prostate gland;rectum;salivary gland;small intestine;smooth muscle;spleen;stomach;testis;thyroid gland;tonsil;urinary bladder;uterine endometrium;uterus;vermiform appendix
VIM,gated,True,P08670,True,6142,48,343,adipose tissue;adrenal gland;bone;bone marrow;brain;breast;cardia;cerebral cortex;cervical mucosa;colon;colon muscle;duodenum;esophagus;gall bladder;gut;hair follicle;heart;kidney;liver;lung;lymph node;nasopharynx;oral epithelium;ovary;oviduct;pancreas;pancreatic islet;placenta;prefrontal cortex;prostate gland;rectum;retina;salivary gland;seminal vesicle;skin;small intestine;smooth muscle;spinal cord;spleen;stomach;testis;thyroid gland;tonsil;urinary bladder;uterine cervix;uterine endometrium;uterus;vermiform appendix
ABCB5,background,True,Q2M3G0,True,359,2,0,kidney;liver
AIF1,background,True,P55008,True,609,41,12,adipose tissue;adrenal gland;bone marrow;brain;cardia;cerebral cortex;colon;duodenum;esophagus;gall bladder;gut;heart;kidney;liver;lung;lymph node;nasopharynx;oral epithelium;ovary;oviduct;pancreas;placenta;prefrontal cortex;prostate gland;rectum;retina;salivary gland;seminal vesicle;skin;small intestine;smooth muscle;spinal cord;spleen;stomach;testis;thyroid gland;tonsil;urinary bladder;uterine endometrium;uterus;vermiform appendix
ALK,background,True,Q9UM73,True,521,1,7,brain
ATP7A,background,True,Q04656,True,1105,33,20,adipose tissue;adrenal gland;bone marrow;brain;breast;colon;duodenum;esophagus;gall bladder;gut;heart;kidney;liver;lung;lymph node;ovary;oviduct;pancreas;pancreatic islet;placenta;prostate gland;rectum;salivary gland;small intestine;smooth muscle;spleen;stomach;testis;thyroid gland;tonsil;urinary bladder;uterine endometrium;vermiform appendix
BOC,background,True,Q9BWV1,True,57,11,0,adipose tissue;cerebral cortex;colon;duodenum;esophagus;ovary;oviduct;prostate gland;small intestine;stomach;uterine endometrium
C1QBP,background,True,Q07021,True,5072,45,362,adipose tissue;adrenal gland;bone;brain;breast;cardia;cerebral cortex;colon;colon muscle;duodenum;esophagus;gall bladder;gut;hair follicle;heart;kidney;liver;lung;lymph node;oral epithelium;ovary;oviduct;pancreas;pancreatic islet;placenta;prefrontal cortex;prostate gland;rectum;retina;salivary gland;seminal vesicle;skin;small intestine;smooth muscle;spinal cord;spleen;stomach;testis;thyroid gland;tonsil;urinary bladder;uterine cervix;uterine endometrium;uterus;vermiform appendix
CDC50A,background,True,Q9NV96,True,2168,36,326,adipose tissue;adrenal gland;bone marrow;brain;breast;colon;duodenum;esophagus;gall bladder;gut;heart;kidney;liver;lung;lymph node;ovary;oviduct;pancreas;pancreatic islet;placenta;prefrontal cortex;prostate gland;rectum;retina;salivary gland;small intestine;smooth muscle;spinal cord;spleen;stomach;testis;thyroid gland;tonsil;urinary bladder;uterine endometrium;vermiform appendix
CDC50B,background,True,Q3MIR4,True,429,15,3,colon;duodenum;gall bladder;kidney;lung;oviduct;pancreas;placenta;prostate gland;rectum;salivary gland;small intestine;stomach;thyroid gland;urinary bladder
CDH12,background,True,P55289,True,89,4,1,liver;oviduct;retina;spleen
CHIC1,background,True,Q5VXU3,True,105,1,0,heart
CLCNKB,background,True,P51801,True,349,5,138,brain;kidney;ovary;pancreatic islet;salivary gland
CLSTN1,background,True,O94985,True,856,34,18,adipose tissue;adrenal gland;brain;colon;duodenum;esophagus;gall bladder;heart;kidney;liver;lung;lymph node;oral epithelium;ovary;oviduct;pancreas;placenta;prefrontal cortex;prostate gland;rectum;retina;salivary gland;small intestine;smooth muscle;spinal cord;spleen;stomach;testis;thyroid gland;tonsil;urinary bladder;uterine endometrium;uterus;vermiform appendix
CLSTN3,background,True,Q9BQT9,True,274,10,6,adrenal gland;brain;lung;ovary;prefrontal cortex;spinal cord;testis;thyroid gland;tonsil;urinary bladder
CNNM2,background,True,Q9H8M5,True,323,24,1,adrenal gland;bone marrow;brain;colon;duodenum;esophagus;gall bladder;kidney;liver;lung;oviduct;placenta;prefrontal cortex;prostate gland;rectum;retina;salivary gland;small intestine;smooth muscle;spleen;testis;thyroid gland;urinary bladder;uterine endometrium
CT83,background,True,Q5H943,True,77,1,0,testis
CTTN,background,True,Q14247,True,5827,44,169,adipose tissue;adrenal gland;brain;breast;cardia;cerebral cortex;colon;duodenum;esophagus;gall bladder;gut;hair follicle;heart;kidney;liver;lung;lymph node;nasopharynx;oral epithelium;ovary;oviduct;pancreas;pancreatic islet;placenta;prefrontal cortex;prostate gland;rectum;retina;salivary gland;seminal vesicle;skin;small intestine;smooth muscle;spinal cord;spleen;stomach;testis;thyroid gland;tonsil;urinary bladder;uterine cervix;uterine endometrium;uterus;vermiform appendix
CX3CR1,background,True,P49238,True,28,5,0,adrenal gland;brain;kidney;liver;lung
CYS1,background,True,Q717R9,True,57,8,1,colon;duodenum;heart;kidney;pancreas;stomach;testis;uterine endometrium
DCHS1,background,True,Q96JQ0,True,227,31,4,adipose tissue;adrenal gland;brain;colon;duodenum;esophagus;gall bladder;gut;heart;kidney;liver;lung;lymph node;ovary;oviduct;placenta;prostate gland;rectum;salivary gland;small intestine;smooth muscle;spleen;stomach;testis;thyroid gland;tonsil;urinary bladder;uterine cervix;uterine endometrium;uterus;vermiform appendix
DLGAP1,background,True,O14490,True,133,6,6,brain;ovary;prefrontal cortex;prostate gland;retina;testis
DOCK4,background,True,Q8N1I0,True,673,34,15,adipose tissue;adrenal gland;brain;breast;colon;duodenum;esophagus;gall bladder;heart;kidney;liver;lung;lymph node;ovary;oviduct;pancreas;pancreatic islet;placenta;prefrontal cortex;prostate gland;rectum;retina;salivary gland;small intestine;smooth muscle;spinal cord;spleen;stomach;testis;thyroid gland;tonsil;urinary bladder;uterine endometrium;vermiform appendix
EMCN,background,True,Q9ULC0,True,48,10,1,colon;gall bladder;heart;kidney;lung;pancreas;seminal vesicle;urinary bladder;uterine endometrium;uterus
ERRFI1,background,True,Q9UJM3,True,773,5,5,gall bladder;liver;ovary;pancreas;placenta
ERVMER34-1,background,True,Q9H9K5,True,46,2,0,lung;placenta
FFAR1,background,True,O14842,False,0,0,0,
FRMPD2,background,True,Q68DX3,True,19,1,0,retina
GJA5,background,True,P36382,True,69,7,0,colon;duodenum;heart;kidney;lung;placenta;uterine endometrium
GJB2,background,True,P29033,True,100,6,1,esophagus;kidney;liver;ovary;spinal cord;tonsil
GNA11,background,True,P29992,True,2275,44,15,adipose tissue;adrenal gland;bone;brain;breast;cardia;cerebral cortex;colon;duodenum;esophagus;gall bladder;gut;heart;kidney;liver;lung;lymph node;nasopharynx;oral epithelium;ovary;oviduct;pancreas;pancreatic islet;placenta;prefrontal cortex;prostate gland;rectum;retina;salivary gland;seminal vesicle;skin;small intestine;smooth muscle;spinal cord;spleen;stomach;testis;thyroid gland;tonsil;urinary bladder;uterine cervix;uterine endometrium;uterus;vermiform appendix
GP6,background,True,Q9HCN6,True,105,8,0,adrenal gland;colon;placenta;prostate gland;small intestine;spleen;thyroid gland;tonsil
GPC4,background,True,O75487,True,954,39,8,adipose tissue;adrenal gland;brain;breast;cardia;cerebral cortex;colon;colon muscle;duodenum;esophagus;gall bladder;gut;heart;kidney;liver;lung;lymph node;oral epithelium;ovary;oviduct;pancreas;pancreatic islet;placenta;prostate gland;rectum;salivary gland;small intestine;smooth muscle;spinal cord;spleen;stomach;testis;thyroid gland;tonsil;urinary bladder;uterine cervix;uterine endometrium;uterus;vermiform appendix
GPR15,background,True,P49685,True,224,2,187,salivary gland;tonsil
HTR2B,background,True,P41595,True,10,0,1,
IGKV1-12,background,False,A0A0C4DH73,,,,,
IGKV2-28,background,False,A0A075B6P5,,,,,
IGKV6D-41,background,False,A0A0C4DH26,,,,,
IGLV1-40,background,True,P01703,True,29,7,18,breast;esophagus;lung;prostate gland;salivary gland;testis;urinary bladder
IGLV11-55,background,False,A0A075B6I3,,,,,
ITM2C,background,True,Q9NQX7,True,1154,31,72,adrenal gland;bone marrow;brain;colon;duodenum;esophagus;gall bladder;heart;kidney;liver;lung;lymph node;ovary;oviduct;pancreatic islet;placenta;prefrontal cortex;prostate gland;rectum;retina;salivary gland;small intestine;smooth muscle;spinal cord;stomach;testis;thyroid gland;tonsil;urinary bladder;uterine endometrium;vermiform appendix
JAML,background,True,Q86YT9,True,23,9,2,adipose tissue;colon;duodenum;esophagus;gall bladder;lung;lymph node;spleen;vermiform appendix
KIR2DL1,background,True,P43626,False,0,0,0,
KLRG1,background,True,Q96E93,True,2,0,0,
KRAS,background,True,P01116,True,1274,39,77,adipose tissue;adrenal gland;brain;breast;cerebral cortex;colon;duodenum;esophagus;gall bladder;gut;heart;kidney;liver;lung;lymph node;oral epithelium;ovary;oviduct;pancreas;placenta;prefrontal cortex;prostate gland;rectum;retina;salivary gland;skin;small intestine;smooth muscle;spinal cord;spleen;stomach;testis;thyroid gland;tonsil;urinary bladder;uterine cervix;uterine endometrium;uterus;vermiform appendix
LAT,background,True,O43561,True,187,5,6,lymph node;oral epithelium;pancreas;spleen;tonsil
LGR5,background,True,O75473,True,65,5,0,liver;ovary;oviduct;placenta;spleen
MAL,background,True,P21145,False,0,0,0,
MC1R,background,True,Q01726,False,0,0,0,
MICA,background,True,Q29983,True,401,1,4,lung
MINPP1,background,True,Q9UNW1,True,1938,32,90,adipose tissue;adrenal gland;brain;cerebral cortex;colon;duodenum;esophagus;gall bladder;heart;kidney;liver;lung;lymph node;ovary;oviduct;pancreas;placenta;prostate gland;rectum;retina;salivary gland;small intestine;smooth muscle;spinal cord;spleen;stomach;testis;thyroid gland;tonsil;urinary bladder;uterine endometrium;vermiform appendix
MMP16,background,True,P51512,True,69,20,1,adrenal gland;breast;cardia;cervical mucosa;colon;esophagus;gall bladder;heart;kidney;lung;pancreas;prostate gland;rectum;salivary gland;stomach;testis;thyroid gland;urinary bladder;uterine cervix;uterus
MYMK,background,True,A6NI61,False,0,0,0,
NLGN3,background,True,Q9NZ94,True,49,10,1,adrenal gland;brain;oviduct;prefrontal cortex;prostate gland;retina;seminal vesicle;spinal cord;testis;uterine endometrium
NOD1,background,True,Q9Y239,True,57,1,1,colon
NOS3,background,True,P29474,True,209,31,4,adipose tissue;adrenal gland;brain;colon;duodenum;esophagus;gall bladder;gut;heart;kidney;liver;lung;lymph node;ovary;oviduct;pancreas;placenta;prostate gland;rectum;salivary gland;small intestine;smooth muscle;spleen;stomach;testis;thyroid gland;tonsil;urinary bladder;uterine endometrium;uterus;vermiform appendix
OR10G7,background,True,Q8NGN6,False,0,0,0,
OR12D2,background,True,P58182,False,0,0,0,
OR13C2,background,True,Q8NGS9,False,0,0,0,
OR2A14,background,True,Q96R47,True,1,0,0,
OR2T11,background,True,Q8NH01,True,25,1,0,heart
OR3A1,background,True,P47881,False,0,0,0,
OR4A47,background,True,Q6IF82,False,0,0,0,
OR52E4,background,True,Q8NGH9,False,0,0,0,
OR52P1,background,True,Q8NH57,False,0,0,0,
OR5P2,background,True,Q8WZ92,False,0,0,0,
OR8B12,background,True,Q8NGG6,False,0,0,0,
OR8D4,background,True,Q8NGM9,False,0,0,0,
P2RY14,background,True,Q15391,True,1,0,0,
PACSIN2,background,True,Q9UNF0,True,3386,43,345,adipose tissue;adrenal gland;bone marrow;brain;cardia;colon;colon muscle;duodenum;esophagus;gall bladder;gut;heart;kidney;liver;lung;lymph node;nasopharynx;oral epithelium;ovary;oviduct;pancreas;pancreatic islet;placenta;prefrontal cortex;prostate gland;rectum;retina;salivary gland;seminal vesicle;skin;small intestine;smooth muscle;spinal cord;spleen;stomach;testis;thyroid gland;tonsil;urinary bladder;uterine cervix;uterine endometrium;uterus;vermiform appendix
PCDHA10,background,True,Q9Y5I2,True,8,0,0,
PCDHB15,background,True,Q9Y5E8,True,36,5,1,brain;lymph node;pancreatic islet;smooth muscle;testis
PCDHB18P,background,True,Q96TA0,True,49,1,0,esophagus
PCDHB5,background,True,Q9Y5E4,True,140,7,1,brain;gall bladder;ovary;oviduct;prostate gland;stomach;thyroid gland
PCDHGB1,background,True,Q9Y5G3,True,88,1,0,brain
PRICKLE3,background,True,O43900,True,427,9,7,bone marrow;colon;heart;lung;oviduct;placenta;smooth muscle;spleen;tonsil
PRSS21,background,True,Q9Y6M0,True,168,3,3,bone marrow;ovary;testis
PRX,background,True,Q9BXM0,True,177,20,2,adrenal gland;bone marrow;esophagus;lung;ovary;oviduct;pancreas;placenta;prostate gland;rectum;retina;salivary gland;small intestine;smooth muscle;spinal cord;spleen;testis;tonsil;urinary bladder;vermiform appendix
RAPSN,background,True,Q13702,True,36,3,1,breast;lung;pancreas
S1PR3,background,True,Q99500,True,113,8,1,heart;kidney;lung;prostate gland;smooth muscle;stomach;tonsil;vermiform appendix
S1PR5,background,True,Q9H228,True,36,3,0,brain;prefrontal cortex;spinal cord
SEPTIN2,background,True,Q15019,True,5888,46,369,adipose tissue;adrenal gland;bone;bone marrow;brain;breast;cardia;cerebral cortex;colon;colon muscle;duodenum;esophagus;gall bladder;gut;heart;kidney;liver;lung;lymph node;nasopharynx;oral epithelium;ovary;oviduct;pancreas;pancreatic islet;placenta;prefrontal cortex;prostate gland;rectum;retina;salivary gland;seminal vesicle;skin;small intestine;smooth muscle;spinal cord;spleen;stomach;testis;thyroid gland;tonsil;urinary bladder;uterine cervix;uterine endometrium;uterus;vermiform appendix
SLC15A1,background,True,P46059,True,30,8,1,duodenum;gall bladder;gut;liver;ovary;pancreatic islet;small intestine;urinary bladder
SLC22A8,background,True,Q8TCC7,True,30,2,6,brain;kidney
SLC5A9,background,True,Q2M3M2,True,32,5,6,duodenum;gut;kidney;pancreas;testis
SLC6A19,background,True,Q695T7,True,21,7,0,duodenum;gall bladder;gut;kidney;pancreas;small intestine;stomach
SLCO2B1,background,True,O94956,True,208,31,5,adipose tissue;adrenal gland;bone marrow;brain;colon;duodenum;esophagus;gall bladder;heart;kidney;liver;lung;lymph node;ovary;oviduct;pancreas;pancreatic islet;placenta;prostate gland;rectum;salivary gland;small intestine;smooth muscle;spinal cord;spleen;stomach;testis;tonsil;urinary bladder;uterine endometrium;vermiform appendix
SSTR3,background,True,P32745,True,5,0,0,
TAS2R16,background,True,Q9NYV7,False,0,0,0,
TBC1D3L,background,False,B9A6J9,,,,,
TGM1,background,True,P22735,True,460,11,1,esophagus;hair follicle;oral epithelium;ovary;oviduct;placenta;smooth muscle;testis;thyroid gland;tonsil;urinary bladder
TLR4,background,True,O00206,True,28,11,1,adipose tissue;brain;colon;gall bladder;heart;liver;lung;placenta;spleen;testis;tonsil
TRBV12-4,background,False,A0A0B4J2E0,,,,,
TRBV7-1,background,False,A0A0A6YYK4,,,,,
TRBV7-4,background,False,A0A1B0GX95,,,,,
TTYH2,background,True,Q9BSA4,True,318,11,15,adrenal gland;brain;breast;colon;colon muscle;gut;prefrontal cortex;salivary gland;smooth muscle;spleen;testis
TULP3,background,True,O75386,True,513,8,7,duodenum;liver;ovary;oviduct;smooth muscle;testis;thyroid gland;uterine endometrium
UNC93A,background,True,Q86WB7,True,4,1,1,liver
VLDLR,background,True,P98155,True,764,24,8,adipose tissue;adrenal gland;brain;duodenum;esophagus;heart;kidney;liver;lung;ovary;oviduct;pancreas;pancreatic islet;placenta;rectum;retina;salivary gland;smooth muscle;stomach;testis;thyroid gland;urinary bladder;uterine endometrium;vermiform appendix
VNN1,background,True,O95497,True,199,18,3,adipose tissue;bone marrow;colon;duodenum;esophagus;gall bladder;gut;heart;kidney;liver;pancreas;placenta;rectum;small intestine;spleen;stomach;urinary bladder;vermiform appendix
CD19,references,True,P15391,True,482,7,344,lung;lymph node;salivary gland;spleen;tonsil;urinary bladder;vermiform appendix
ERBB2,references,True,P04626,True,1681,27,8,adrenal gland;colon;duodenum;esophagus;gall bladder;gut;heart;kidney;liver;lung;lymph node;ovary;oviduct;pancreas;pancreatic islet;placenta;prostate gland;rectum;salivary gland;small intestine;smooth muscle;stomach;testis;thyroid gland;tonsil;urinary bladder;uterine endometrium
FOLR1,references,True,P15328,True,484,10,5,cervical mucosa;duodenum;heart;kidney;lung;oviduct;pancreas;placenta;salivary gland;thyroid gland
TNFRSF17,references,True,Q02223,True,78,3,3,adrenal gland;tonsil;urinary bladder
POLR2A,positive_controls,True,P24928,True,3554,37,353,adipose tissue;adrenal gland;bone marrow;brain;breast;colon;duodenum;esophagus;gall bladder;gut;heart;kidney;liver;lung;lymph node;ovary;oviduct;pancreas;pancreatic islet;placenta;prefrontal cortex;prostate gland;rectum;retina;salivary gland;small intestine;smooth muscle;spinal cord;spleen;stomach;testis;thyroid gland;tonsil;urinary bladder;uterine endometrium;uterus;vermiform appendix
RPS3,positive_controls,True,P23396,True,6610,45,371,adipose tissue;adrenal gland;bone;bone marrow;brain;breast;cardia;colon;colon muscle;duodenum;esophagus;gall bladder;gut;hair follicle;heart;kidney;liver;lung;lymph node;nasopharynx;ovary;oviduct;pancreas;pancreatic islet;placenta;prefrontal cortex;prostate gland;rectum;retina;salivary gland;seminal vesicle;skin;small intestine;smooth muscle;spinal cord;spleen;stomach;testis;thyroid gland;tonsil;urinary bladder;uterine cervix;uterine endometrium;uterus;vermiform appendix
PCNA,positive_controls,True,P12004,True,6181,46,366,adipose tissue;adrenal gland;bone;bone marrow;brain;breast;cardia;cerebral cortex;colon;duodenum;esophagus;gall bladder;gut;hair follicle;heart;kidney;liver;lung;lymph node;nasopharynx;oral epithelium;ovary;oviduct;pancreas;pancreatic islet;placenta;prefrontal cortex;prostate gland;rectum;retina;salivary gland;seminal vesicle;skin;small intestine;smooth muscle;spinal cord;spleen;stomach;testis;thyroid gland;tonsil;urinary bladder;uterine cervix;uterine endometrium;uterus;vermiform appendix
PSMA1,positive_controls,True,P25786,True,6191,44,370,adipose tissue;adrenal gland;bone;bone marrow;brain;breast;cardia;cerebral cortex;colon;duodenum;esophagus;gall bladder;gut;hair follicle;heart;kidney;liver;lung;lymph node;ovary;oviduct;pancreas;pancreatic islet;placenta;prefrontal cortex;prostate gland;rectum;retina;salivary gland;seminal vesicle;skin;small intestine;smooth muscle;spinal cord;spleen;stomach;testis;thyroid gland;tonsil;urinary bladder;uterine cervix;uterine endometrium;uterus;vermiform appendix
