gene,label,tumor_signal,normal_safety,protein_breadth,tractability,nonessentiality,n_missing_axes,rankscore,expression_only
VIM,biomarker,0.8134,1.0,1.0,1.0,1.0,0,0.944,0.8134
PIGR,silent,0.8191,0.9888,1.0,1.0,1.0,0,0.9429,0.8191
CEACAM5,genuine,0.8365,0.9994,0.8571,1.0,1.0,0,0.9294,0.8365
S100P,silent,0.6644,1.0,1.0,1.0,1.0,0,0.8993,0.6644
HLA-DRB1,silent,0.7986,0.8375,1.0,1.0,1.0,0,0.8989,0.7986
EPCAM,genuine,0.7413,0.9774,0.8571,1.0,1.0,0,0.8953,0.7413
HLA-DRB5,silent,0.6716,0.9688,1.0,1.0,1.0,0,0.8937,0.6716
CD74,biomarker,0.8707,0.6856,1.0,1.0,1.0,0,0.8826,0.8707
S100A9,biomarker,0.7887,0.7829,1.0,1.0,1.0,0,0.8823,0.7887
CA9,genuine,0.6016,0.9943,1.0,1.0,1.0,0,0.8791,0.6016
MSLN,genuine,0.7124,0.9897,0.7143,1.0,1.0,0,0.8683,0.7124
C1QBP,silent,0.5315,1.0,1.0,1.0,1.0,0,0.8594,0.5315
ITM2C,silent,0.7486,0.888,0.7143,1.0,1.0,0,0.8537,0.7486
CLTRN,silent,0.5741,0.9922,,1.0,1.0,1,0.8474,0.5741
SEPTIN2,silent,0.566,0.9765,0.8571,1.0,1.0,0,0.8425,0.566
AIF1,silent,0.4745,0.9866,1.0,1.0,1.0,0,0.839,0.4745
FOLR1,genuine,0.6787,0.9865,0.7143,,1.0,1,0.8322,0.6787
SPP1,biomarker,0.8951,0.5146,0.8571,1.0,1.0,0,0.8257,0.8951
CLDN18,silent,0.644,0.9815,0.5714,1.0,1.0,0,0.8243,0.644
GJB1,silent,0.6184,0.9754,0.5714,1.0,1.0,0,0.8151,0.6184
GNA11,silent,0.3965,0.9799,1.0,1.0,1.0,0,0.8139,0.3965
ERBB2,genuine,0.4677,1.0,1.0,,1.0,1,0.8121,0.4677
AQP4,collision,0.6561,0.9893,0.4286,1.0,1.0,0,0.8085,0.6561
GP2,collision,0.5644,0.9953,0.5714,1.0,1.0,0,0.8039,0.5644
EEF1A1,silent,0.839,1.0,1.0,1.0,0.0,0,0.8017,0.839
APOD,silent,0.8126,1.0,1.0,0.0,1.0,0,0.7938,0.8126
HSPB1,silent,0.798,1.0,1.0,0.0,1.0,0,0.7894,0.798
HSP90AB1,silent,0.7867,1.0,1.0,0.0,1.0,0,0.786,0.7867
OLFM4,biomarker,0.7782,1.0,1.0,0.0,1.0,0,0.7835,0.7782
CD63,silent,0.8196,0.9127,1.0,0.0,1.0,0,0.7741,0.8196
NOS3,silent,0.2266,0.998,1.0,1.0,1.0,0,0.7675,0.2266
AKR1B10,biomarker,0.7242,1.0,1.0,0.0,1.0,0,0.7673,0.7242
S100A6,silent,0.9438,0.7072,1.0,0.0,1.0,0,0.7599,0.9438
CEACAM6,silent,0.7902,0.966,0.8571,0.0,1.0,0,0.7571,0.7902
TSPAN8,silent,0.6874,1.0,1.0,0.0,1.0,0,0.7562,0.6874
CLDN3,silent,0.7586,1.0,0.8571,0.0,1.0,0,0.7561,0.7586
HLA-DRA,silent,0.8673,0.7792,1.0,0.0,1.0,0,0.755,0.8673
GPM6A,silent,0.5789,0.9394,0.2857,1.0,1.0,0,0.7514,0.5789
DOCK4,silent,0.2421,0.9959,0.8571,1.0,1.0,0,0.7502,0.2421
JUP,silent,0.6255,1.0,1.0,0.0,1.0,0,0.7377,0.6255
HLA-A,genuine,0.828,0.7426,1.0,0.0,1.0,0,0.7341,0.828
GAP43,silent,0.6716,0.9269,1.0,0.0,1.0,0,0.7332,0.6716
AQP1,silent,0.7054,0.8748,1.0,0.0,1.0,0,0.7303,0.7054
EGFR,genuine,0.5987,1.0,1.0,0.0,1.0,0,0.7296,0.5987
LGALS4,silent,0.7397,0.9954,0.7143,0.0,1.0,0,0.7279,0.7397
ADH1B,silent,0.6696,0.8933,1.0,0.0,1.0,0,0.7242,0.6696
LPCAT1,silent,0.5923,0.9847,1.0,0.0,1.0,0,0.7239,0.5923
HMOX1,silent,0.5927,0.9825,1.0,0.0,1.0,0,0.7234,0.5927
CDC42EP1,silent,0.5884,0.9829,1.0,0.0,1.0,0,0.7222,0.5884
SLC34A2,silent,0.7513,0.9573,0.7143,0.0,1.0,0,0.7219,0.7513
THBS2,silent,0.569,1.0,1.0,0.0,1.0,0,0.7207,0.569
VCAM1,silent,0.5755,0.9917,1.0,0.0,1.0,0,0.7206,0.5755
SLC39A6,silent,0.7095,1.0,0.7143,0.0,1.0,0,0.72,0.7095
ANPEP,collision,0.5782,0.9768,1.0,0.0,1.0,0,0.7177,0.5782
UNC93A,silent,0.1891,0.9997,,1.0,1.0,1,0.7137,0.1891
CA12,silent,0.5608,0.9791,1.0,0.0,1.0,0,0.713,0.5608
PLA2G2A,silent,0.6041,0.9246,1.0,0.0,1.0,0,0.7124,0.6041
TACSTD2,genuine,0.6258,0.9713,0.8571,0.0,1.0,0,0.7091,0.6258
LY6E,silent,0.7653,0.9748,0.5714,0.0,1.0,0,0.709,0.7653
MISP,silent,0.59,0.9976,0.8571,0.0,1.0,0,0.705,0.59
NLGN3,silent,0.4493,0.9948,0.1429,1.0,1.0,0,0.7049,0.4493
HLA-C,collision,0.7809,0.6767,1.0,0.0,1.0,0,0.7034,0.7809
PI3,silent,0.6509,1.0,0.7143,0.0,1.0,0,0.7024,0.6509
KRT1,silent,0.5773,1.0,0.8571,0.0,1.0,0,0.7018,0.5773
CKB,silent,0.6916,0.7673,1.0,0.0,1.0,0,0.6993,0.6916
DPEP1,silent,0.5775,0.9808,0.8571,0.0,1.0,0,0.697,0.5775
AFM,collision,0.5193,0.9644,1.0,0.0,1.0,0,0.6969,0.5193
CTTN,biomarker,0.4789,1.0,1.0,0.0,1.0,0,0.6937,0.4789
SPINT1,silent,0.5569,0.9873,0.8571,0.0,1.0,0,0.6925,0.5569
B2M,biomarker,0.8342,0.5681,1.0,0.0,1.0,0,0.6923,0.8342
CLSTN1,silent,0.5185,0.9455,1.0,0.0,1.0,0,0.6919,0.5185
PACSIN2,silent,0.4749,0.9894,1.0,0.0,1.0,0,0.6898,0.4749
CX3CR1,silent,0.393,0.9989,0.1429,1.0,1.0,0,0.6891,0.393
ERRFI1,silent,0.5449,0.971,0.8571,0.0,1.0,0,0.6848,0.5449
TGM1,silent,0.2924,0.9975,0.2857,1.0,1.0,0,0.6799,0.2924
DCT,collision,0.591,0.9998,,0.0,1.0,1,0.6791,0.591
ADH1C,silent,0.6862,0.964,0.8571,0.0,,1,0.677,0.6862
GPR15,silent,0.0774,1.0,,1.0,1.0,1,0.6744,0.0774
ATP6V1B1,silent,0.5667,0.9883,0.7143,0.0,1.0,0,0.6742,0.5667
GPC4,silent,0.4129,1.0,1.0,0.0,1.0,0,0.6739,0.4129
PTPRZ1,silent,0.6267,0.9908,0.5714,0.0,1.0,0,0.6714,0.6267
CDH17,genuine,0.6164,1.0,0.5714,0.0,1.0,0,0.6706,0.6164
VNN1,silent,0.4789,0.9929,0.8571,0.0,1.0,0,0.6705,0.4789
GP6,silent,0.0421,0.9994,0.7143,1.0,1.0,0,0.6696,0.0421
GJB2,silent,0.5617,0.9977,,0.0,1.0,1,0.6682,0.5617
GAPDH,silent,0.8925,1.0,1.0,0.0,0.0,0,0.6677,0.8925
HJV,silent,0.5594,0.9913,,0.0,1.0,1,0.6655,0.5594
SLC1A3,silent,0.6294,0.9583,0.5714,0.0,1.0,0,0.6641,0.6294
PSCA,genuine,0.587,1.0,0.5714,0.0,1.0,0,0.6618,0.587
SLC17A3,silent,0.5393,0.9956,,0.0,1.0,1,0.6596,0.5393
CLDN4,silent,0.6406,1.0,0.4286,0.0,1.0,0,0.6565,0.6406
IGLV1-40,silent,0.7067,0.9891,,0.0,,2,0.6561,0.7067
GPM6B,silent,0.6327,0.9165,0.5714,0.0,1.0,0,0.6547,0.6327
SCNN1A,silent,0.5335,0.9819,,0.0,1.0,1,0.6536,0.5335
FRMPD2,silent,0.0158,0.9998,,1.0,1.0,1,0.6526,0.0158
IFITM3,silent,0.8411,1.0,1.0,0.0,0.0,0,0.6523,0.8411
SLC22A8,silent,0.022,0.9873,,1.0,1.0,1,0.6511,0.022
HLA-B,collision,0.8415,0.3906,1.0,0.0,1.0,0,0.6501,0.8415
ENPP3,silent,0.5405,0.9996,0.5714,0.0,1.0,0,0.6478,0.5405
TAS2R16,silent,0.0,1.0,,1.0,1.0,1,0.6471,0.0
KLK7,silent,0.6084,0.9973,0.4286,0.0,1.0,0,0.6461,0.6084
CD24,genuine,0.7459,0.9136,,0.0,,2,0.6459,0.7459
MUC13,silent,0.6355,0.9998,0.7143,0.0,,1,0.6444,0.6355
ADH1A,silent,0.6332,0.9597,0.4286,0.0,1.0,0,0.6442,0.6332
EEF2,silent,0.8105,1.0,1.0,0.0,0.0,0,0.6431,0.8105
CLSTN3,silent,0.4045,0.9722,0.8571,0.0,1.0,0,0.643,0.4045
ATP1B2,silent,0.6522,0.9269,0.4286,0.0,1.0,0,0.6417,0.6522
DLGAP1,silent,0.1664,0.9953,0.2857,1.0,1.0,0,0.6416,0.1664
KRAS,genuine,0.3017,0.9967,1.0,0.0,1.0,0,0.6397,0.3017
MAL,collision,0.5186,0.9468,,0.0,1.0,1,0.638,0.5186
MINPP1,silent,0.2942,0.9982,1.0,0.0,1.0,0,0.6378,0.2942
TULP3,silent,0.3543,1.0,0.8571,0.0,1.0,0,0.6349,0.3543
FABP3,silent,0.5194,0.6607,1.0,0.0,1.0,0,0.621,0.5194
TM4SF4,silent,0.6704,0.9886,0.1429,0.0,1.0,0,0.6197,0.6704
CLCNKB,silent,0.0955,0.9782,0.2857,1.0,1.0,0,0.6161,0.0955
DCHS1,silent,0.2786,1.0,0.8571,0.0,1.0,0,0.6122,0.2786
TM4SF5,silent,0.6488,0.9838,0.1429,0.0,1.0,0,0.612,0.6488
NOX1,silent,0.5579,0.9999,0.2857,0.0,1.0,0,0.6102,0.5579
CLDN2,silent,0.5601,0.9946,0.2857,0.0,1.0,0,0.6096,0.5601
VLDLR,silent,0.2687,0.9975,0.8571,0.0,1.0,0,0.6086,0.2687
ASGR2,silent,0.6572,0.948,0.1429,0.0,1.0,0,0.6056,0.6572
PRAME,genuine,0.6119,0.9999,0.1429,0.0,1.0,0,0.605,0.6119
PDPN,silent,0.5403,0.9954,0.2857,0.0,1.0,0,0.6038,0.5403
LGR5,silent,0.3736,0.9981,,0.0,1.0,1,0.6019,0.3736
PRICKLE3,silent,0.3116,1.0,0.7143,0.0,1.0,0,0.6006,0.3116
APOC3,silent,1.0,0.0,1.0,0.0,1.0,0,0.6,1.0
SLCO2B1,silent,0.3837,0.9878,0.5714,0.0,1.0,0,0.5978,0.3837
PERP,silent,0.5785,1.0,0.1429,0.0,1.0,0,0.595,0.5785
TNFRSF17,silent,0.205,1.0,0.2857,,1.0,1,0.5934,0.205
MLC1,silent,0.5903,0.9754,0.1429,0.0,1.0,0,0.5924,0.5903
SLC2A2,silent,0.5805,0.9828,0.1429,0.0,1.0,0,0.5913,0.5805
CYS1,silent,0.4357,0.9734,0.4286,0.0,1.0,0,0.5883,0.4357
ATP7A,collision,0.1971,0.9991,0.8571,0.0,1.0,0,0.5875,0.1971
NMB,collision,0.5514,0.9969,0.1429,0.0,1.0,0,0.5861,0.5514
CYP2C9,collision,0.5946,0.9429,0.1429,0.0,1.0,0,0.5855,0.5946
CLDN6,genuine,0.5326,0.9998,0.1429,0.0,1.0,0,0.5812,0.5326
DNER,silent,0.5377,0.9842,0.1429,0.0,1.0,0,0.5788,0.5377
CT83,genuine,0.3012,1.0,,0.0,1.0,1,0.5769,0.3012
CD19,genuine,0.1455,1.0,0.2857,,1.0,1,0.5724,0.1455
OR2T11,silent,0.0015,1.0,,1.0,,2,0.5721,0.0015
EMCN,silent,0.3616,0.9959,0.4286,0.0,1.0,0,0.5717,0.3616
TLR4,genuine,0.2832,0.9969,,0.0,1.0,1,0.5696,0.2832
CNNM2,silent,0.1253,0.9992,0.8571,0.0,1.0,0,0.566,0.1253
UBE2C,silent,0.541,1.0,1.0,0.0,0.0,0,0.5623,0.541
MC1R,biomarker,0.2622,0.9957,,0.0,1.0,1,0.5619,0.2622
CDC50A,silent,0.4837,0.9864,,0.0,,2,0.5596,0.4837
TTYH2,silent,0.3927,0.9867,0.2857,0.0,1.0,0,0.5573,0.3927
SLC5A9,silent,0.2316,0.9989,,0.0,1.0,1,0.552,0.2316
PLP1,silent,0.6107,0.0158,0.4286,1.0,1.0,0,0.5514,0.6107
PRSS21,silent,0.4128,0.9996,0.1429,0.0,1.0,0,0.5452,0.4128
GJA5,silent,0.3197,0.9957,0.2857,0.0,1.0,0,0.5377,0.3197
ABCB5,silent,0.2328,1.0,0.4286,0.0,1.0,0,0.5341,0.2328
PRX,silent,0.1502,0.9919,0.5714,0.0,1.0,0,0.5288,0.1502
PCDHB15,silent,0.1601,1.0,,0.0,1.0,1,0.5271,0.1601
P2RY14,silent,0.1531,1.0,,0.0,1.0,1,0.5246,0.1531
JAML,silent,0.1915,0.9947,0.4286,0.0,1.0,0,0.5204,0.1915
HTR2B,silent,0.1406,1.0,,0.0,1.0,1,0.5202,0.1406
FFAR1,silent,0.1392,0.9996,,0.0,1.0,1,0.5196,0.1392
CDC50B,silent,0.3769,1.0,,0.0,,2,0.5187,0.3769
MICA,genuine,0.3226,0.9925,0.1429,0.0,1.0,0,0.5163,0.3226
S1PR5,silent,0.133,0.9935,,0.0,1.0,1,0.5156,0.133
PCDHB5,silent,0.2381,1.0,0.2857,0.0,1.0,0,0.5143,0.2381
S1PR3,silent,0.2996,1.0,0.1429,0.0,1.0,0,0.5113,0.2996
KLRG1,silent,0.1012,0.9996,,0.0,1.0,1,0.5062,0.1012
NOD1,silent,0.209,0.9972,0.2857,0.0,1.0,0,0.5049,0.209
SSTR3,silent,0.0946,0.999,,0.0,1.0,1,0.5037,0.0946
SLC6A19,silent,0.2707,0.9973,0.1429,0.0,1.0,0,0.502,0.2707
CHIC1,silent,0.1912,0.9979,0.2857,0.0,1.0,0,0.4997,0.1912
BOC,silent,0.2588,1.0,0.1429,0.0,1.0,0,0.4991,0.2588
SLC15A1,silent,0.2449,0.9983,0.1429,0.0,1.0,0,0.4945,0.2449
IGKV1-12,silent,0.3202,0.998,,0.0,,2,0.4936,0.3202
CDH12,silent,0.0576,0.9998,,0.0,1.0,1,0.4909,0.0576
MMP16,silent,0.2243,0.9995,0.1429,0.0,1.0,0,0.4886,0.2243
LAT,collision,0.0377,1.0,,0.0,1.0,1,0.4839,0.0377
RAPSN,silent,0.0374,0.9998,,0.0,1.0,1,0.4837,0.0374
PCDHA10,silent,0.0357,0.9996,,0.0,1.0,1,0.4831,0.0357
KIR2DL1,silent,0.0184,0.9998,,0.0,1.0,1,0.4771,0.0184
MYMK,silent,0.0137,1.0,,0.0,1.0,1,0.4754,0.0137
PCDHGB1,silent,0.0994,0.9997,0.2857,0.0,1.0,0,0.4726,0.0994
OR3A1,silent,0.0054,1.0,,0.0,1.0,1,0.4725,0.0054
OR13C2,silent,0.002,1.0,,0.0,1.0,1,0.4713,0.002
OR2A14,silent,0.0015,1.0,,0.0,1.0,1,0.4711,0.0015
OR8B12,silent,0.0015,1.0,,0.0,1.0,1,0.4711,0.0015
OR8D4,silent,0.0012,1.0,,0.0,1.0,1,0.471,0.0012
OR10G7,silent,0.0,1.0,,0.0,1.0,1,0.4706,0.0
OR4A47,silent,0.0,1.0,,0.0,1.0,1,0.4706,0.0
OR52E4,silent,0.0,1.0,,0.0,1.0,1,0.4706,0.0
OR5P2,silent,0.0,1.0,,0.0,1.0,1,0.4706,0.0
ALK,genuine,0.1042,0.9998,0.1429,0.0,1.0,0,0.4526,0.1042
IGKV2-28,silent,0.1975,0.997,,0.0,,2,0.4407,0.1975
TRBV12-4,silent,0.0721,0.9999,,0.0,,2,0.388,0.0721
TBC1D3L,silent,0.0503,0.9977,,0.0,,2,0.3779,0.0503
TRBV7-4,silent,0.0431,1.0,,0.0,,2,0.3756,0.0431
IGKV6D-41,silent,0.0259,1.0,,0.0,,2,0.3682,0.0259
TRBV7-1,silent,0.0182,1.0,,0.0,,2,0.3649,0.0182
IGLV11-55,silent,0.0141,1.0,,0.0,,2,0.3632,0.0141
ERVMER34-1,silent,0.1212,0.9997,0.1429,0.0,,1,0.362,0.1212
OR52P1,silent,0.0054,1.0,,0.0,,2,0.3595,0.0054
OR12D2,silent,0.0,1.0,,0.0,,2,0.3571,0.0
PCDHB18P,silent,,0.9996,,0.0,,3,,
OR2I1P,silent,,,,0.0,,4,,
PCNA,mixed,,1.0,,,0.0,3,,
POLR2A,silent,,1.0,,,,4,,
PSMA1,collision,,0.9873,,,0.0,3,,
RPS3,silent,,1.0,,,0.0,3,,
