drug_name,rxcui,match
Erlotinib,337525,exact
Rapamycin,35302,exact
Sunitinib,357977,exact
PHA-665752,,unmatched
MG-132,,unmatched
Paclitaxel,56946,exact
Cyclopamine,,unmatched
AZ628,,unmatched
Sorafenib,495881,exact
Tozasertib,,unmatched
Imatinib,282388,exact
NVP-TAE684,,unmatched
Crizotinib,1148495,exact
Saracatinib,,unmatched
S-Trityl-L-cysteine,,unmatched
Z-LLNle-CHO,,unmatched
Dasatinib,475342,exact
GNF-2,,unmatched
CGP-60474,,unmatched
CGP-082996,,unmatched
A-770041,,unmatched
WH-4-023,,unmatched
WZ-1-84,,unmatched
BI-2536,,unmatched
BMS-536924,,unmatched
BMS-509744,,unmatched
CMK,,unmatched
Pyrimethamine,9010,exact
JW-7-52-1,,unmatched
A-443654,,unmatched
GW843682X,,unmatched
Entinostat,,unmatched
Parthenolide,32941,exact
GSK319347A,,unmatched
TGX221,,unmatched
Bortezomib,358258,exact
XMD8-85,,unmatched
Seliciclib,,unmatched
Salubrinal,,unmatched
Lapatinib,480167,exact
GSK269962A,,unmatched
Doxorubicin,3639,exact
Etoposide,4179,exact
Gemcitabine,12574,exact
Mitomycin-C,632,exact
Vinorelbine,39541,exact
NSC-87877,,unmatched
Bicalutamide,83008,exact
QS11,,unmatched
CP466722,,unmatched
Midostaurin,1919083,exact
CHIR-99021,,unmatched
Ponatinib,1364347,exact
AZD6482,,unmatched
JNK-9L,,unmatched
PF-562271,,unmatched
HG6-64-1,,unmatched
JQ1,,unmatched
JQ12,,unmatched
DMOG,,unmatched
FTI-277,,unmatched
OSU-03012,,unmatched
Shikonin,,unmatched
AKT inhibitor VIII,,unmatched
Embelin,,unmatched
FH535,,unmatched
PAC-1,,unmatched
IPA-3,,unmatched
GSK650394,,unmatched
BAY-61-3606,,unmatched
5-Fluorouracil,4492,exact
Thapsigargin,,unmatched
Obatoclax Mesylate,,unmatched
BMS-754807,,unmatched
Linsitinib,,unmatched
Bexarotene,233272,exact
Bleomycin,1622,exact
LFM-A13,,unmatched
GW-2580,,unmatched
Luminespib,,unmatched
Phenformin,8129,exact
Bryostatin 1,,unmatched
Pazopanib,714438,exact
Dacinostat,,unmatched
Epothilone B,,unmatched
GSK1904529A,,unmatched
BMS-345541,,unmatched
Tipifarnib,,unmatched
Avagacestat,,unmatched
Ruxolitinib,1193326,exact
AS601245,,unmatched
Ispinesib Mesylate,,unmatched
TL-2-105,,unmatched
AT-7519,,unmatched
TAK-715,,unmatched
BX-912,,unmatched
ZSTK474,,unmatched
AS605240,,unmatched
Genentech Cpd 10,,unmatched
GSK1070916,,unmatched
AKT inhibitor VIII,,unmatched
Enzastaurin,,unmatched
GSK429286A,,unmatched
FMK,,unmatched
QL-XII-47,,unmatched
IC-87114,,unmatched
Idelalisib,1544460,exact
UNC0638,,unmatched
Cabozantinib,1363268,exact
WZ3105,,unmatched
XMD14-99,,unmatched
Quizartinib,2643048,exact
CP724714,,unmatched
JW-7-24-1,,unmatched
NPK76-II-72-1,,unmatched
STF-62247,,unmatched
NG-25,,unmatched
TL-1-85,,unmatched
VX-11e,,unmatched
FR-180204,,unmatched
ACY-1215,,unmatched
Tubastatin A,,unmatched
Zibotentan,,unmatched
Sepantronium bromide,,unmatched
NSC-207895,,unmatched
VNLG/124,,unmatched
AR-42,,unmatched
CUDC-101,,unmatched
Belinostat,1543543,exact
I-BET-762,,unmatched
CAY10603,,unmatched
Linifanib,,unmatched
BIX02189,,unmatched
Alectinib,1727455,exact
Pelitinib,,unmatched
Omipalisib,,unmatched
JNJ38877605,,unmatched
SU11274,,unmatched
KIN001-236,,unmatched
KIN001-244,,unmatched
WHI-P97,,unmatched
KIN001-042,,unmatched
KIN001-260,,unmatched
KIN001-266,,unmatched
Masitinib,,unmatched
Amuvatinib,,unmatched
MPS-1-IN-1,,unmatched
NVP-BHG712,,unmatched
OSI-930,,unmatched
OSI-027,,unmatched
CX-5461,,unmatched
PHA-793887,,unmatched
PI-103,,unmatched
PIK-93,,unmatched
SB52334,,unmatched
TPCA-1,,unmatched
Fedratinib,2197490,exact
Foretinib,,unmatched
Y-39983,,unmatched
YM201636,,unmatched
Tivozanib,2534233,exact
WYE-125132,,unmatched
GSK690693,,unmatched
SNX-2112,,unmatched
QL-XI-92,,unmatched
XMD13-2,,unmatched
QL-X-138,,unmatched
XMD15-27,,unmatched
T0901317,,unmatched
Selisistat,,unmatched
Tenovin-6,,unmatched
THZ-2-49,,unmatched
KIN001-270,,unmatched
THZ-2-102-1,,unmatched
AT7867,,unmatched
CI-1033,,unmatched
PF-00299804,,unmatched
TWS119,,unmatched
Torin 2,,unmatched
Pilaralisib,,unmatched
GSK1059615,,unmatched
Voxtalisib,,unmatched
"Brivanib, BMS-540215",,unmatched
BIBF-1120,,unmatched
AST-1306,,unmatched
Apitolisib,,unmatched
LIMK1 inhibitor BMS4,,unmatched
kb NB 142-70,,unmatched
Sphingosine Kinase 1 Inhibitor II,,unmatched
"eEF2K Inhibitor, A-484954",,unmatched
"MetAP2 Inhibitor, A832234",,unmatched
Venotoclax,,unmatched
CPI-613,,unmatched
CAY10566,,unmatched
Ara-G,,unmatched
Pemetrexed,68446,exact
Alisertib,,unmatched
Flavopiridol,,unmatched
C-75,,unmatched
"CAP-232, TT-232, TLN-232",,unmatched
Trichostatin A,,unmatched
Panobinostat,1603350,exact
LCL161,,unmatched
IMD-0354,,unmatched
MIM1,,unmatched
ETP-45835,,unmatched
CD532,,unmatched
NSC319726,,unmatched
ARRY-520,,unmatched
SB505124,,unmatched
A-83-01,,unmatched
LDN-193189,,unmatched
FTY-720,,unmatched
BAM7,,unmatched
AGI-6780,,unmatched
Kobe2602,,unmatched
LGK974,,unmatched
Wnt-C59,,unmatched
RU-SKI 43,,unmatched
AICA Ribonucleotide,,unmatched
Camptothecin,,unmatched
Vinblastine,11198,exact
Cisplatin,2555,exact
Cytarabine,3041,exact
Docetaxel,72962,exact
Methotrexate,6851,exact
Tretinoin,10753,exact
Gefitinib,328134,exact
Navitoclax,,unmatched
Vorinostat,194337,exact
Nilotinib,662281,exact
Refametinib,,unmatched
CI-1040,,unmatched
Temsirolimus,657797,exact
Olaparib,1597582,exact
Veliparib,,unmatched
Bosutinib,1307619,exact
Lenalidomide,342369,exact
Axitinib,1242999,exact
AZD7762,,unmatched
GW441756,,unmatched
Lestaurtinib,,unmatched
SB216763,,unmatched
Tanespimycin,,unmatched
VX-702,,unmatched
Motesanib,,unmatched
KU-55933,,unmatched
Elesclomol,,unmatched
Afatinib,1430438,exact
Vismodegib,1242987,exact
Staurosporine,,unmatched
PLX-4720,,unmatched
BX795,,unmatched
NU7441,,unmatched
SL0101,,unmatched
Doramapimod,,unmatched
JNK Inhibitor VIII,,unmatched
Wee1 Inhibitor,,unmatched
Nutlin-3a (-),,unmatched
Mirin,,unmatched
PD173074,,unmatched
ZM447439,,unmatched
Alisertib,,unmatched
RO-3306,,unmatched
MK-2206,,unmatched
Palbociclib,1601374,exact
Dactolisib,,unmatched
Pictilisib,,unmatched
AZD8055,,unmatched
PD0325901,,unmatched
SB590885,,unmatched
Selumetinib,2289380,exact
AZD6482,,unmatched
CCT007093,,unmatched
Obatoclax Mesylate,,unmatched
EHT-1864,,unmatched
CRT0105950,,unmatched
CRT0105446,,unmatched
Avagacestat,,unmatched
5-Fluorouracil,4492,exact
Dasatinib,475342,exact
Paclitaxel,56946,exact
Crizotinib,1148495,exact
Rapamycin,35302,exact
Sorafenib,495881,exact
BI-2536,,unmatched
Irinotecan,51499,exact
Oxaliplatin,32592,exact
BMS-536924,,unmatched
GSK1904529A,,unmatched
Tozasertib,,unmatched
Cetuximab,318341,exact
FS106,,unmatched
PF-4708671,,unmatched
PRIMA-1MET,,unmatched
Serdemetan,,unmatched
AZD4547,,unmatched
Capivasertib,2669967,exact
HG-5-113-01,,unmatched
HG-5-88-01,,unmatched
THZ-1-87,,unmatched
TW 37,,unmatched
QL-XII-47,,unmatched
XMD11-50,,unmatched
XMD11-85h,,unmatched
ZG-10,,unmatched
XMD8-92,,unmatched
THZ-2-98-01,,unmatched
QL-VIII-58,,unmatched
NG-25,,unmatched
Erlotinib,337525,exact
CCT-018159,,unmatched
Rucaparib,1862579,exact
Niraparib,1918231,exact
MK-1775,,unmatched
Dinaciclib,,unmatched
CRT0160829,,unmatched
AZ20,,unmatched
KU-60019,,unmatched
FS112,,unmatched
CCT245232,,unmatched
CCT245467,,unmatched
Gemcitabine,12574,exact
Bortezomib,358258,exact
GSK269962A,,unmatched
SB505124,,unmatched
FY026,,unmatched
FY069,,unmatched
ZL049,,unmatched
FY012,,unmatched
Tamoxifen,10324,exact
Fulvestrant,282357,exact
torin2,,unmatched
QL-XII-61,,unmatched
HG-6-71-01,,unmatched
JQ1,,unmatched
PFI-1,,unmatched
IOX2,,unmatched
I-BET-151,,unmatched
UNC0638,,unmatched
EPZ004777,,unmatched
YK-4-279,,unmatched
CHIR-99021,,unmatched
(5Z)-7-Oxozeaenol,,unmatched
Piperlongumine,,unmatched
Daporinad,,unmatched
BMS-345541,,unmatched
AZ960,,unmatched
N22899-6-C1,,unmatched
N23918-95-7,,unmatched
N24798-49-A1,,unmatched
GSK-J4,,unmatched
Talazoparib,2099704,exact
rTRAIL,,unmatched
UNC1215,,unmatched
UNC0642,,unmatched
SGC0946,,unmatched
ICL1100013,,unmatched
XAV939,,unmatched
965-D2,,unmatched
993-D2,,unmatched
BAY ACCi,,unmatched
BAY AKT1,,unmatched
BAY-HDAC11_1,,unmatched
BAY-HDAC11_2,,unmatched
BAY-HDAC11_4,,unmatched
BAY-MPS1,,unmatched
BAY-MPS-combo-1 (paclitaxel 5 uM),,unmatched
BAY-MPS-combo 2 (paclitaxel 1 uM),,unmatched
PLX-4720,,unmatched
Trametinib,1425099,exact
Dabrafenib,1424911,exact
Temozolomide,37776,exact
Afatinib,1430438,exact
Bleomycin (50 uM),,unmatched
ZL109,,unmatched
AZD3514,,unmatched
Doxorubicin,3639,exact
Bleomycin (10 uM),,unmatched
Gemcitabine,12574,exact
AZD6738,,unmatched
AZD5438,,unmatched
AZD7762,,unmatched
AZD6094,,unmatched
Dyrk1b_0191,,unmatched
AZD4877,,unmatched
EphB4_9721,,unmatched
Fulvestrant,282357,exact
AZD8931,,unmatched
FEN1_3940,,unmatched
FGFR_0939,,unmatched
FGFR_3831,,unmatched
BPTES,,unmatched
AZD7969,,unmatched
AZD5582,,unmatched
IAP_5620,,unmatched
IAP_7638,,unmatched
IGFR_3801,,unmatched
AZD1480,,unmatched
JAK1_3715,,unmatched
JAK3_7406,,unmatched
MCT1_6447,,unmatched
MCT4_1422,,unmatched
AZD2014,,unmatched
AZD8186,,unmatched
AZD8835,,unmatched
PI3Ka_4409,,unmatched
AZD1208,,unmatched
PLK_6522,,unmatched
RAF_9304,,unmatched
PARP_9495,,unmatched
PARP_0108,,unmatched
PARP_9482,,unmatched
TANK_1366,,unmatched
AZD1332,,unmatched
TTK_3146,,unmatched
SN-38,,unmatched
SN-38,,unmatched
Olaparib,1597582,exact
Cisplatin,2555,exact
AZD4547,,unmatched
Selumetinib,2289380,exact
Bicalutamide,83008,exact
Ruxolitinib,1193326,exact
Linsitinib,,unmatched
Epirubicin,3995,exact
Cyclophosphamide,3002,exact
Refametinib,,unmatched
Pictilisib,,unmatched
Pevonedistat,,unmatched
PFI-3,,unmatched
I-CBP112,,unmatched
Sapitinib,,unmatched
Uprosertib,,unmatched
LCL161,,unmatched
Lapatinib,480167,exact
Luminespib,,unmatched
Alpelisib,2169285,exact
Taselisib,,unmatched
EPZ5676,,unmatched
SCH772984,,unmatched
IWP-2,,unmatched
Leflunomide,27169,exact
GSK2801,,unmatched
Bromosporine,,unmatched
SGC-CBP30,,unmatched
GSK-LSD1,,unmatched
BDOCA000347a,,unmatched
BDF00022089a,,unmatched
BDILV000379a,,unmatched
Entinostat,,unmatched
OSI-027,,unmatched
LGK974,,unmatched
VE-822,,unmatched
WZ4003,,unmatched
CZC24832,,unmatched
AZD5582,,unmatched
GSK2606414,,unmatched
PFI3,,unmatched
PCI-34051,,unmatched
Wnt-C59,,unmatched
I-BET-762,,unmatched
RVX-208,,unmatched
OTX015,,unmatched
GSK343,,unmatched
ML323,,unmatched
Entospletinib,,unmatched
PRT062607,,unmatched
Ribociclib,1873916,exact
AGI-6780,,unmatched
Picolinici-acid,,unmatched
AZD5153,,unmatched
CDK9_5576,,unmatched
CDK9_5038,,unmatched
Eg5_9814,,unmatched
ERK_2440,,unmatched
ERK_6604,,unmatched
IRAK4_4710,,unmatched
JAK1_8709,,unmatched
AZD5991,,unmatched
PAK_5339,,unmatched
TAF1_5496,,unmatched
ULK1_4989,,unmatched
VSP34_8731,,unmatched
Selumetinib,2289380,exact
IGF1R_3801,,unmatched
JAK_8517,,unmatched
GSK2256098C,,unmatched
GSK2276186C,,unmatched
GSK2110183B,,unmatched
GSK626616AC,,unmatched
GSK3337463A,,unmatched
GSK2830371A,,unmatched
LMB_AB1,,unmatched
LMB_AB2,,unmatched
LMB_AB3,,unmatched
AZD4547,,unmatched
Ibrutinib,1442981,exact
Zoledronate,,unmatched
Acetalax,,unmatched
Acetalax,,unmatched
Oxaliplatin,32592,exact
Topotecan,57308,exact
Teniposide,10362,exact
Mitoxantrone,7005,exact
Dactinomycin,3100,exact
Bleomycin,1622,exact
Fludarabine,24698,exact
Nelarabine,274771,exact
Dacarbazine,3098,exact
Fulvestrant,282357,exact
Romidepsin,877510,exact
Docetaxel,72962,exact
123829,,unmatched
765771,,unmatched
123138,,unmatched
Podophyllotoxin bromide,,unmatched
50869,,unmatched
Dihydrorotenone,,unmatched
720427,,unmatched
667880,,unmatched
Gallibiscoquinazole,,unmatched
L-Oxonoreleagnine,,unmatched
729189,,unmatched
741909,,unmatched
743380,,unmatched
Elephantin,,unmatched
150412,,unmatched
Sinularin,,unmatched
615590,,unmatched
630600,,unmatched
LMP744,,unmatched
776928,,unmatched
Schweinfurthin A,,unmatched
BEN,,unmatched
Sabutoclax,,unmatched
LY2109761,,unmatched
OF-1,,unmatched
MN-64,,unmatched
KRAS (G12C) Inhibitor-12,,unmatched
MG-132,,unmatched
BDP-00009066,,unmatched
Buparlisib,,unmatched
Ulixertinib,,unmatched
Venetoclax,1747556,exact
ABT737,,unmatched
Dactinomycin,3100,exact
Afuresertib,,unmatched
AGI-5198,,unmatched
AZD3759,,unmatched
AZD5363,,unmatched
AZD6738,,unmatched
AZD8186,,unmatched
Osimertinib,1721560,exact
Cediranib,,unmatched
Ipatasertib,,unmatched
GDC0810,,unmatched
GNE-317,,unmatched
GSK2578215A,,unmatched
I-BRD9,,unmatched
Telomerase Inhibitor IX,,unmatched
MIRA-1,,unmatched
NVP-ADW742,,unmatched
P22077,,unmatched
Savolitinib,,unmatched
UMI-77,,unmatched
WIKI4,,unmatched
Sepantronium bromide,,unmatched
MIM1,,unmatched
WEHI-539,,unmatched
BPD-00008900,,unmatched
N25720-51-A1,,unmatched
N27922-53-1,,unmatched
N30652-18-1,,unmatched
N29087-69-1,,unmatched
HKMTI-1-005,,unmatched
ICL-SIRT078,,unmatched
GSK343,,unmatched
UNC0638,,unmatched
AGK2,,unmatched
Foretinib,,unmatched
BIBR-1532,,unmatched
Pyridostatin,,unmatched
AMG-319,,unmatched
MK-8776,,unmatched
Ulixertinib,,unmatched
Vinorelbine,39541,exact
Mycophenolic acid,7145,exact
Remodelin,,unmatched
VX-11e,,unmatched
Uprosertib,,unmatched
LJI308,,unmatched
AZ6102,,unmatched
GSK591,,unmatched
VE821,,unmatched
VTP-A,,unmatched
VTP-B,,unmatched
PBD-288,,unmatched
POMHEX,,unmatched
CT7033-2,,unmatched
GSK-LSD1-2HCl ,,unmatched
5-azacytidine,1251,exact
A-366,,unmatched
CPI-637,,unmatched
UNC0379,,unmatched
AZD6482,,unmatched
AT13148,,unmatched
BMS-754807,,unmatched
JQ1,,unmatched
PFI-1,,unmatched
IOX2,,unmatched
CHIR-99021,,unmatched
SGC0946,,unmatched
GSK2830371,,unmatched
THR-101,,unmatched
THR-102,,unmatched
THR-103,,unmatched
ascorbate (vitamin C),,unmatched
glutathione,4890,exact
alpha-lipoic acid,6417,exact
N-acetyl cysteine,197,exact
