gene,group,present_in_table,conserved_sites,targeting_families,cwcs_min,aggregate_pct_max
ABCB5,background,True,1,1,-0.165,0.308
ADH1A,gated,False,0,0,0.0,0.0
ADH1B,gated,True,3,3,-0.384,0.0
ADH1C,gated,False,0,0,0.0,0.0
AFM,gated,True,2,2,-0.001,0.367
AIF1,background,False,0,0,0.0,0.0
AKR1B10,gated,False,0,0,0.0,0.0
ALK,background,True,2,2,-0.383,0.741
ANPEP,gated,True,2,2,-0.372,0.93
APOC3,gated,True,2,2,-0.086,0.0
APOD,gated,False,0,0,0.0,0.0
AQP1,gated,True,3,3,-0.001,0.641
AQP4,gated,True,7,7,-0.384,0.801
ASGR2,gated,False,0,0,0.0,0.0
ATP1B2,gated,True,9,9,-0.554,0.71
ATP6V1B1,gated,False,0,0,0.0,0.0
ATP7A,background,True,17,16,-0.57,0.997
B2M,gated,True,1,1,-0.363,0.0
BOC,background,False,0,0,0.0,0.0
C1QBP,background,True,1,1,-0.426,0.0
CA12,gated,True,13,13,-0.29,0.557
CA9,gated,False,0,0,0.0,0.0
CD19,references,False,0,0,0.0,0.0
CD24,gated,False,0,0,0.0,0.0
CD63,gated,True,1,1,-0.462,0.0
CD74,gated,False,0,0,0.0,0.0
CDC42EP1,gated,True,5,5,-0.327,0.004
CDC50A,background,False,0,0,0.0,0.0
CDC50B,background,False,0,0,0.0,0.0
CDH12,background,True,1,1,-0.146,0.635
CDH17,gated,False,0,0,0.0,0.0
CEACAM5,gated,False,0,0,0.0,0.0
CEACAM6,gated,False,0,0,0.0,0.0
CHIC1,background,True,44,34,-0.982,1.0
CKB,gated,True,1,1,-0.148,0.066
CLCNKB,background,True,1,1,-0.001,0.0
CLDN18,gated,True,6,5,-0.376,0.0
CLDN2,gated,True,3,3,-0.363,0.618
CLDN3,gated,True,1,1,-0.348,0.0
CLDN4,gated,True,2,2,-0.359,0.282
CLDN6,gated,False,0,0,0.0,0.0
CLSTN1,background,True,6,6,-0.49,0.749
CLSTN3,background,True,2,2,-0.108,0.302
CLTRN,gated,False,0,0,0.0,0.0
CNNM2,background,True,48,42,-0.213,0.988
CT83,background,False,0,0,0.0,0.0
CTTN,background,True,8,6,-0.826,0.945
CX3CR1,background,False,0,0,0.0,0.0
CYP2C9,gated,False,0,0,0.0,0.0
CYS1,background,True,1,1,-0.336,0.583
DCHS1,background,True,6,6,-0.292,0.745
DCT,gated,True,1,1,-0.03,0.0
DLGAP1,background,True,5,4,-0.822,0.636
DNER,gated,True,2,2,-0.387,0.553
DOCK4,background,True,17,17,-0.264,0.921
DPEP1,gated,True,1,1,-0.111,0.0
EEF1A1,gated,True,9,9,-0.237,0.863
EEF2,gated,True,4,3,-0.647,0.824
EGFR,gated,True,16,14,-0.261,0.918
EMCN,background,True,2,2,-0.208,0.87
ENPP3,gated,True,1,1,-0.148,0.0
EPCAM,gated,False,0,0,0.0,0.0
ERBB2,references,True,5,5,-0.201,0.0
ERRFI1,background,True,6,5,-0.577,0.895
ERVMER34-1,background,True,2,2,-0.038,0.0
FABP3,gated,True,3,3,-0.685,0.232
FFAR1,background,False,0,0,0.0,0.0
FOLR1,references,False,0,0,0.0,0.0
FRMPD2,background,True,3,3,-0.289,0.364
GAP43,gated,True,8,8,-0.473,0.823
GAPDH,gated,True,1,1,-0.293,0.0
GJA5,background,True,5,5,-0.567,0.611
GJB1,gated,True,2,2,-0.145,0.545
GJB2,background,False,0,0,0.0,0.0
GNA11,background,True,6,5,-0.307,0.907
GP2,gated,True,1,1,-0.092,0.0
GP6,background,False,0,0,0.0,0.0
GPC4,background,True,25,24,-0.352,0.973
GPM6A,gated,True,20,16,-0.696,0.967
GPM6B,gated,True,15,13,-0.302,0.82
GPR15,background,True,1,1,-0.07,0.0
HJV,gated,False,0,0,0.0,0.0
HLA-A,gated,False,0,0,0.0,0.0
HLA-B,gated,False,0,0,0.0,0.0
HLA-C,gated,False,0,0,0.0,0.0
HLA-DRA,gated,True,1,1,-0.14,0.0
HLA-DRB1,gated,False,0,0,0.0,0.0
HLA-DRB5,gated,False,0,0,0.0,0.0
HMOX1,gated,True,2,2,-0.284,0.0
HSP90AB1,gated,False,0,0,0.0,0.0
HSPB1,gated,False,0,0,0.0,0.0
HTR2B,background,False,0,0,0.0,0.0
IFITM3,gated,True,1,1,-0.374,0.0
IGKV1-12,background,False,0,0,0.0,0.0
IGKV2-28,background,False,0,0,0.0,0.0
IGKV6D-41,background,False,0,0,0.0,0.0
IGLV1-40,background,False,0,0,0.0,0.0
IGLV11-55,background,False,0,0,0.0,0.0
ITM2C,background,True,7,6,-0.447,0.959
JAML,background,False,0,0,0.0,0.0
JUP,gated,True,2,2,-0.317,0.0
KIR2DL1,background,False,0,0,0.0,0.0
KLK7,gated,False,0,0,0.0,0.0
KLRG1,background,False,0,0,0.0,0.0
KRAS,background,True,41,33,-0.803,1.0
KRT1,gated,True,6,6,-0.37,0.825
LAT,background,True,1,1,-0.406,0.703
LGALS4,gated,False,0,0,0.0,0.0
LGR5,background,True,2,2,-0.284,0.0
LPCAT1,gated,True,9,8,-0.317,0.683
LY6E,gated,False,0,0,0.0,0.0
MAL,background,True,3,3,-0.482,0.633
MC1R,background,False,0,0,0.0,0.0
MICA,background,False,0,0,0.0,0.0
MINPP1,background,True,9,9,-0.446,0.87
MISP,gated,True,2,2,-0.345,0.722
MLC1,gated,True,3,3,-0.283,0.079
MMP16,background,True,61,50,-0.45,0.996
MSLN,gated,False,0,0,0.0,0.0
MUC13,gated,True,1,1,-0.234,0.0
MYMK,background,False,0,0,0.0,0.0
NLGN3,background,True,5,5,-0.142,0.781
NMB,gated,True,2,2,-0.688,0.292
NOD1,background,False,0,0,0.0,0.0
NOS3,background,False,0,0,0.0,0.0
NOX1,gated,True,1,1,-0.001,0.0
OLFM4,gated,False,0,0,0.0,0.0
OR10G7,background,False,0,0,0.0,0.0
OR12D2,background,False,0,0,0.0,0.0
OR13C2,background,False,0,0,0.0,0.0
OR2A14,background,False,0,0,0.0,0.0
OR2I1P,gated,False,0,0,0.0,0.0
OR2T11,background,False,0,0,0.0,0.0
OR3A1,background,False,0,0,0.0,0.0
OR4A47,background,False,0,0,0.0,0.0
OR52E4,background,False,0,0,0.0,0.0
OR52P1,background,False,0,0,0.0,0.0
OR5P2,background,False,0,0,0.0,0.0
OR8B12,background,False,0,0,0.0,0.0
OR8D4,background,False,0,0,0.0,0.0
P2RY14,background,False,0,0,0.0,0.0
PACSIN2,background,True,3,3,-0.229,0.278
PCDHA10,background,True,29,25,-0.645,0.911
PCDHB15,background,True,2,2,0.0,0.361
PCDHB18P,background,False,0,0,0.0,0.0
PCDHB5,background,False,0,0,0.0,0.0
PCDHGB1,background,True,4,3,-0.536,0.798
PCNA,positive_controls,False,0,0,0.0,0.0
PDPN,gated,True,11,11,-0.702,0.919
PERP,gated,True,8,8,-0.439,0.336
PI3,gated,True,1,1,-0.123,0.0
PIGR,gated,True,3,3,-0.347,0.71
PLA2G2A,gated,False,0,0,0.0,0.0
PLP1,gated,True,3,3,-0.284,0.813
POLR2A,positive_controls,False,0,0,0.0,0.0
PRAME,gated,False,0,0,0.0,0.0
PRICKLE3,background,False,0,0,0.0,0.0
PRSS21,background,False,0,0,0.0,0.0
PRX,background,True,3,2,-0.367,0.0
PSCA,gated,False,0,0,0.0,0.0
PSMA1,positive_controls,True,1,1,-0.387,0.0
PTPRZ1,gated,True,5,5,-0.598,0.889
RAPSN,background,True,2,2,-0.154,0.0
RPS3,positive_controls,True,3,3,-0.598,0.517
S100A6,gated,False,0,0,0.0,0.0
S100A9,gated,False,0,0,0.0,0.0
S100P,gated,False,0,0,0.0,0.0
S1PR3,background,True,4,4,-0.434,0.56
S1PR5,background,False,0,0,0.0,0.0
SCNN1A,gated,True,1,1,-0.03,0.0
SEPTIN2,background,False,0,0,0.0,0.0
SLC15A1,background,True,1,1,-0.614,0.48
SLC17A3,gated,False,0,0,0.0,0.0
SLC1A3,gated,True,7,7,-0.467,0.468
SLC22A8,background,True,1,1,-0.05,0.0
SLC2A2,gated,True,2,2,-0.324,0.0
SLC34A2,gated,True,4,4,-0.338,0.708
SLC39A6,gated,True,4,4,-0.284,0.449
SLC5A9,background,True,1,1,-0.547,0.0
SLC6A19,background,True,2,2,-2.072,0.0
SLCO2B1,background,True,3,3,-0.137,0.0
SPINT1,gated,True,1,1,-0.001,0.272
SPP1,gated,True,1,1,-0.368,0.231
SSTR3,background,True,7,6,-0.679,0.991
TACSTD2,gated,False,0,0,0.0,0.0
TAS2R16,background,False,0,0,0.0,0.0
TBC1D3L,background,False,0,0,0.0,0.0
TGM1,background,False,0,0,0.0,0.0
THBS2,gated,True,14,14,-0.299,0.937
TLR4,background,True,18,16,-0.375,0.444
TM4SF4,gated,True,1,1,-0.063,0.0
TM4SF5,gated,True,1,1,-0.002,0.448
TNFRSF17,references,False,0,0,0.0,0.0
TRBV12-4,background,False,0,0,0.0,0.0
TRBV7-1,background,False,0,0,0.0,0.0
TRBV7-4,background,False,0,0,0.0,0.0
TSPAN8,gated,False,0,0,0.0,0.0
TTYH2,background,True,6,5,-0.302,0.936
TULP3,background,False,0,0,0.0,0.0
UBE2C,gated,False,0,0,0.0,0.0
UNC93A,background,False,0,0,0.0,0.0
VCAM1,gated,True,3,3,-0.168,0.015
VIM,gated,True,5,5,-0.508,0.861
VLDLR,background,True,29,28,-0.506,0.958
VNN1,background,False,0,0,0.0,0.0
